39.332,38.762,39.739,40.798,41.205,41.775,41.694,41.531,41.531,42.101,41.938,42.02,42.101,42.345,42.345,41.938,41.694,41.612,41.857,42.101,41.612,41.45,40.961,42.02,
39.495,38.762,39.739,40.798,41.205,41.287,41.45,41.368,41.368,41.775,41.857,41.938,42.02,42.264,42.345,41.938,41.694,41.612,41.857,42.101,41.612,41.45,40.961,42.02,
39.332,38.844,39.739,40.717,41.287,41.287,41.45,41.368,41.368,41.775,41.857,41.938,42.02,42.264,42.345,41.938,41.694,41.612,41.857,42.182,41.694,41.531,41.042,42.101,
39.495,39.007,40.147,40.798,41.205,41.287,41.45,41.368,41.45,41.857,41.938,41.938,42.02,42.264,42.345,41.938,41.694,41.612,41.857,42.345,41.857,41.531,41.042,42.101,
39.414,39.007,40.228,40.879,41.287,41.368,41.45,41.368,41.531,41.857,41.694,41.694,41.775,42.101,42.182,41.775,41.531,41.612,41.857,42.345,41.857,41.531,41.042,42.101,
39.658,39.088,40.391,40.717,41.531,41.612,41.694,41.612,41.694,41.938,41.775,41.694,41.775,42.101,42.182,41.775,41.694,41.775,42.02,42.345,41.857,41.694,41.124,42.182,
39.658,38.925,40.228,40.635,41.531,41.612,41.612,41.694,41.694,41.694,41.775,41.694,41.775,42.101,42.182,42.02,41.938,41.938,42.182,42.345,41.938,41.775,41.205,42.182,
39.658,38.925,40.309,40.879,41.775,41.775,42.02,41.857,41.694,41.694,41.775,41.857,41.775,42.427,42.508,42.345,41.938,41.938,42.345,42.508,42.101,41.938,41.368,42.345,
39.739,38.925,40.717,40.798,41.531,41.694,42.02,41.612,41.612,41.694,41.531,41.775,41.531,42.182,42.508,42.345,41.938,41.938,42.264,42.427,42.02,41.857,41.287,42.264,
39.088,38.599,40.309,40.879,41.694,41.775,41.857,41.45,41.531,41.531,41.45,41.694,41.531,42.101,42.427,42.264,41.857,41.938,42.264,42.427,42.02,41.857,41.287,42.182,
39.169,38.681,40.228,40.798,41.612,41.612,41.694,41.287,41.287,41.287,41.205,41.694,41.531,42.345,42.59,42.59,42.182,42.101,42.427,42.59,42.182,42.02,41.45,42.345,
39.414,39.169,40.309,40.798,41.612,41.612,41.45,41.368,41.368,41.694,41.612,41.857,41.775,42.671,42.671,42.671,42.182,42.101,42.345,42.508,42.101,41.938,41.368,42.264,
39.658,39.251,40.147,40.717,41.531,41.775,41.45,41.368,41.368,41.694,41.775,41.857,41.775,42.671,42.671,42.671,42.182,42.101,42.345,42.508,42.101,41.938,41.45,42.427,
39.821,39.169,40.147,40.554,41.368,41.694,41.531,41.531,41.531,41.938,41.694,41.857,41.857,42.752,42.752,42.671,42.182,42.182,42.508,42.671,42.264,42.101,41.612,42.264,
40.228,39.332,40.228,40.879,41.45,41.775,41.45,41.368,41.368,41.775,41.531,41.938,41.857,42.752,42.752,42.671,42.182,42.264,42.59,42.59,42.182,42.02,41.531,42.345,
40.879,39.821,40.228,40.798,41.368,41.857,41.45,41.368,41.124,41.775,41.45,41.857,41.857,42.752,43.078,42.915,42.427,42.264,42.752,42.59,42.182,42.02,41.531,42.345,
40.717,39.902,40.309,40.961,41.368,41.775,41.368,41.368,41.124,41.938,41.45,41.857,41.857,42.752,43.078,42.915,42.427,42.264,42.915,42.752,42.345,42.182,41.694,42.508,
40.961,39.902,40.391,41.287,41.857,42.02,41.368,41.368,41.042,41.938,41.694,42.101,42.264,42.997,42.915,42.752,42.264,42.264,42.915,42.752,42.264,42.182,41.694,42.508,
41.205,39.821,40.472,41.45,41.857,41.938,41.368,41.368,41.205,42.02,41.775,41.938,42.264,42.997,42.915,42.752,42.752,42.752,43.241,43.078,42.59,42.508,42.02,42.752,
40.798,39.984,40.635,41.612,41.775,41.857,41.612,41.368,41.205,42.264,42.182,41.857,42.671,43.078,43.16,42.997,42.997,42.997,43.485,43.322,42.834,42.671,42.182,42.915,
40.798,40.391,41.042,41.938,41.938,41.775,41.612,41.287,41.205,42.508,42.182,41.857,42.752,43.16,43.241,42.997,42.997,43.078,43.567,43.404,43.241,42.997,42.508,42.915,
41.124,40.717,41.531,42.101,42.101,41.938,41.775,41.368,41.287,42.427,42.101,41.531,42.508,42.997,43.078,43.322,42.915,42.997,43.404,43.241,43.078,42.834,42.345,42.752,
41.368,40.961,41.694,42.264,42.508,42.264,42.101,41.612,41.45,42.59,42.101,41.531,42.508,42.997,43.078,43.241,42.834,42.915,43.322,43.16,42.997,42.834,42.345,42.752,
41.287,40.879,41.694,42.182,42.508,42.264,42.02,41.612,41.368,42.427,42.02,41.45,42.59,42.997,43.241,43.404,42.997,43.078,43.322,43.16,42.997,42.834,42.59,42.752,
41.45,41.124,41.857,42.264,42.101,42.02,41.857,41.775,41.531,42.752,42.02,41.45,42.59,42.997,43.241,43.404,42.997,43.078,43.322,43.16,42.997,42.834,42.508,42.671,
41.531,41.45,42.182,42.427,41.775,41.612,42.101,41.857,41.287,42.834,42.182,41.612,42.59,42.915,43.16,43.322,42.915,43.16,43.404,43.241,43.16,42.834,42.59,42.752,
41.45,41.531,42.345,42.427,41.938,41.938,42.101,41.694,41.205,42.345,41.694,41.531,42.264,42.508,42.752,42.997,42.59,42.834,43.078,42.915,42.834,42.508,42.264,42.427,
41.124,41.205,42.508,42.752,41.857,41.531,41.938,41.857,41.287,41.775,41.042,41.124,41.857,42.101,42.264,42.427,42.02,42.264,42.508,42.508,42.427,42.345,42.182,42.427,
41.368,41.124,42.101,42.508,41.368,41.205,41.531,41.612,41.368,41.775,41.042,41.124,41.775,42.02,42.182,42.427,42.02,42.264,42.508,42.508,42.427,42.345,42.182,42.427,
41.775,41.612,42.427,42.345,41.124,40.717,41.042,40.798,40.961,41.205,40.391,41.124,41.612,41.775,42.02,42.264,41.857,42.101,42.345,42.345,42.02,41.938,41.938,42.427,
42.101,42.427,42.182,42.182,40.717,40.391,40.717,40.798,40.961,40.961,40.228,40.798,41.287,41.775,42.02,42.427,41.857,42.101,42.345,42.345,42.02,41.938,41.938,42.427,
42.02,42.182,42.264,42.671,41.857,41.531,41.205,41.042,41.205,40.961,40.228,40.798,41.287,41.775,42.02,42.427,41.857,42.101,42.345,42.345,42.02,41.938,41.938,42.427,
41.694,42.101,42.02,42.345,41.612,41.205,40.961,40.717,40.554,40.472,40.147,40.635,41.124,41.694,41.938,42.427,41.857,42.101,42.345,42.345,42.02,41.938,41.938,42.427,
42.182,42.264,42.345,42.59,41.857,41.45,40.879,40.879,40.635,40.554,40.065,40.554,41.124,41.694,41.938,42.427,41.857,42.345,42.59,42.59,42.02,41.938,41.938,42.427,
41.205,42.101,42.101,42.345,41.694,41.368,40.717,40.717,40.554,40.472,39.984,40.472,41.124,41.694,42.02,42.101,41.531,41.775,42.427,42.345,41.775,41.938,41.938,42.427,
40.798,41.857,41.287,41.612,41.042,40.961,40.717,40.717,40.554,40.472,39.984,40.472,41.124,41.694,42.02,42.101,41.531,41.775,42.427,42.345,41.775,41.938,41.938,42.427,
40.554,41.612,41.368,41.531,40.961,40.798,40.554,40.554,40.309,40.147,39.739,40.228,40.472,41.124,41.45,41.531,41.368,41.612,42.264,42.182,41.612,41.775,41.775,42.02,
40.717,41.287,41.368,41.531,40.961,40.717,40.635,40.635,40.309,40.147,39.739,40.228,40.472,41.124,41.45,41.857,41.694,41.938,42.59,42.182,41.938,42.101,42.101,42.02,
40.798,40.879,40.717,40.879,40.635,40.391,40.065,40.228,40.228,39.902,39.495,39.984,40.228,40.879,41.205,41.612,41.45,41.857,42.508,42.101,41.857,41.857,41.857,41.938,
40.961,40.717,40.554,40.717,40.717,40.065,39.739,39.658,39.658,39.577,39.414,40.147,40.554,41.042,41.368,41.45,41.287,41.694,42.264,41.857,41.694,42.02,42.02,42.101,
40.228,40.717,40.554,40.717,40.798,39.984,40.065,39.984,39.984,39.577,39.332,39.984,40.635,40.635,40.961,41.042,40.879,41.45,42.02,42.02,41.857,42.02,42.02,42.101,
40.554,40.961,40.961,41.124,41.124,40.309,40.391,40.228,40.228,39.902,39.577,40.147,40.635,40.554,40.879,40.961,40.798,41.368,41.938,41.938,41.775,41.938,41.938,42.02,
40.391,40.879,40.879,41.042,41.124,40.879,40.635,40.472,40.472,39.821,39.495,40.065,40.554,40.472,40.798,40.798,40.635,41.205,41.612,41.612,41.45,41.612,41.612,41.694,
40.147,40.228,40.228,40.391,40.635,40.472,40.635,40.309,40.309,40.147,39.821,39.902,40.391,40.309,40.309,40.879,40.879,40.879,41.124,41.124,40.961,41.124,41.124,41.205,
40.391,40.472,40.391,40.228,40.228,40.391,40.717,40.391,40.391,40.554,40.391,40.228,40.391,40.309,40.309,40.717,40.717,40.717,40.961,40.961,40.798,40.961,40.961,41.042,
40.554,40.635,40.554,40.472,39.902,39.984,40.065,39.984,39.984,40.635,40.472,39.739,39.821,40.798,40.798,40.717,40.717,40.065,40.147,40.147,39.984,40.147,40.147,40.228,
39.658,39.739,39.658,39.821,39.821,39.902,39.739,39.739,39.739,39.739,39.577,39.577,39.658,39.821,39.821,39.658,39.658,39.658,39.739,39.739,39.739,39.821,39.821,40.391,
40.472,40.472,40.391,40.635,40.635,40.554,40.554,40.554,40.554,40.554,40.554,40.554,40.635,40.635,40.635,40.554,40.554,40.554,40.554,40.554,40.554,40.635,40.635,40.635,
40.635,40.635,40.635,40.635,40.635,40.554,40.554,40.554,40.554,40.554,40.554,40.554,40.635,40.635,40.635,40.554,40.554,40.554,40.554,40.554,40.147,40.228,40.228,40.228,
39.088,39.088,39.251,39.088,39.088,39.088,39.088,39.088,39.088,39.088,39.088,39.088,39.088,39.332,39.332,39.332,39.332,39.332,39.332,39.332,39.332,39.332,39.332,39.088,

37.717,37.078,35.068,36.712,36.621,36.986,37.534,34.977,34.612,35.342,35.434,35.434,35.16,35.525,34.703,34.703,33.79,33.881,33.607,33.425,33.059,33.425,33.973,33.881,
37.717,37.078,35.068,36.53,36.621,36.804,37.352,34.977,34.338,35.342,35.434,35.434,35.16,35.525,34.703,34.977,33.79,33.881,33.607,33.425,33.059,33.425,33.973,33.881,
37.626,36.895,35.16,36.53,36.804,36.804,37.352,34.977,33.79,34.977,35.434,35.434,35.16,35.525,35.068,35.342,34.155,33.881,33.699,33.516,32.877,33.242,33.79,33.699,
37.717,36.712,35.16,36.53,36.712,36.804,37.352,35.068,33.79,35.068,35.068,35.525,35.251,35.616,35.16,35.434,34.247,33.973,33.79,33.699,32.968,33.242,33.79,33.699,
37.169,36.895,35.16,36.53,36.621,36.804,37.352,35.068,33.79,34.795,34.886,35.342,35.068,35.89,35.068,35.616,34.521,34.247,33.699,33.607,32.877,33.151,33.699,33.607,
36.712,36.895,35.342,36.621,36.347,36.712,37.717,35.616,34.247,34.612,34.703,35.616,35.16,36.073,35.16,35.708,34.703,34.521,33.79,33.699,33.059,32.968,33.607,33.242,
36.712,36.895,35.068,36.438,36.438,36.621,37.534,35.616,34.247,34.521,34.612,35.616,35.16,36.256,35.434,35.982,34.886,34.703,34.064,33.881,33.151,33.059,33.79,33.425,
36.712,36.895,34.977,36.53,36.347,36.804,37.534,35.616,34.247,34.338,34.429,35.616,35.16,36.256,35.434,35.982,35.068,34.886,34.064,33.881,33.151,33.059,33.79,33.425,
36.804,36.712,34.703,36.438,36.164,36.804,37.534,35.616,34.247,34.338,34.429,35.982,35.525,36.256,35.434,35.982,35.068,34.886,34.064,33.973,33.333,33.242,33.881,33.516,
37.078,36.53,34.703,36.712,36.256,36.804,37.26,35.342,34.338,34.064,34.521,35.616,35.799,36.53,36.073,36.621,35.342,35.16,34.338,34.247,33.607,33.425,34.064,33.79,
37.078,36.438,34.795,36.621,36.164,36.712,36.712,35.251,34.612,34.064,34.521,35.525,35.799,36.53,36.347,36.53,34.795,34.612,34.338,34.247,33.607,33.425,34.064,33.79,
36.986,36.53,34.886,36.986,36.53,36.895,36.712,35.068,34.612,34.064,33.973,35.525,36.073,36.804,36.621,36.804,34.977,34.795,34.612,34.521,33.881,33.699,34.338,34.064,
36.712,36.53,34.977,37.169,36.895,37.078,36.804,35.16,34.703,34.064,33.973,35.525,36.164,36.895,36.621,36.164,35.434,34.795,34.612,34.521,33.881,33.699,34.338,34.064,
36.53,36.53,34.977,37.078,36.804,36.895,36.621,34.977,34.612,33.973,33.973,35.434,36.347,37.078,36.804,36.347,35.799,35.16,34.977,34.703,34.064,33.881,34.521,34.247,
36.256,36.164,35.16,37.078,36.804,36.895,36.621,34.977,34.521,33.79,34.247,35.434,36.347,36.986,37.26,36.621,36.073,35.434,35.251,34.977,34.338,34.155,34.795,34.521,
36.438,36.256,34.977,36.804,36.895,36.895,36.621,34.977,34.521,33.699,34.155,35.342,36.256,36.895,37.26,36.621,36.073,35.434,35.251,34.977,34.338,34.155,34.795,34.521,
36.53,36.438,35.16,36.804,36.986,36.712,36.438,34.795,34.247,33.516,34.064,35.16,36.621,37.26,37.169,36.621,36.164,35.525,35.251,34.977,34.338,34.155,34.886,34.521,
36.256,36.347,35.068,37.078,37.078,36.712,36.621,34.977,34.429,33.425,33.973,34.977,36.621,37.26,37.169,36.621,36.438,35.799,35.708,35.434,34.612,34.795,35.16,34.795,
35.982,35.982,34.703,36.712,36.712,36.895,36.621,34.977,35.068,34.155,34.247,35.434,36.621,37.26,37.078,36.895,36.438,35.525,35.434,35.16,34.247,34.429,34.795,34.521,
35.708,35.434,34.795,36.804,36.712,36.804,36.804,35.525,35.434,34.612,34.521,35.525,36.712,37.352,36.986,36.804,36.347,34.977,34.886,34.521,34.064,34.247,34.612,34.521,
35.982,35.434,35.16,36.804,36.621,36.895,36.53,35.434,35.434,34.977,34.521,35.982,36.712,37.352,36.986,36.712,35.89,34.977,34.886,34.521,34.064,34.247,34.612,34.521,
35.708,35.616,35.525,37.078,37.078,37.26,36.621,35.616,35.616,35.251,34.795,35.982,36.621,37.26,36.895,36.712,35.89,34.886,34.795,34.429,33.973,34.247,34.612,34.521,
35.89,35.708,35.708,36.895,36.256,36.438,36.256,35.799,35.799,35.616,35.068,35.708,36.712,37.26,36.895,36.712,35.89,34.886,34.795,34.429,33.973,34.247,34.612,34.521,
35.89,35.342,35.525,36.712,36.256,36.438,35.799,35.799,35.799,35.89,35.251,36.073,36.986,37.169,36.804,36.621,35.799,34.977,34.886,34.521,34.064,34.064,34.429,34.521,
36.256,35.434,35.342,35.799,36.347,35.982,36.164,35.708,35.89,35.89,35.251,36.073,36.986,37.169,36.804,36.621,35.799,34.977,34.886,34.521,34.064,34.064,34.429,34.521,
36.438,35.708,35.616,35.982,36.347,35.982,36.164,35.616,35.89,36.073,35.251,35.89,36.804,37.169,36.804,36.621,35.799,34.977,34.886,34.521,34.064,34.064,34.429,34.521,
36.164,35.616,35.89,35.982,36.347,36.438,35.89,35.342,35.982,35.525,35.251,35.89,36.804,37.169,36.438,36.256,35.799,34.977,34.886,34.521,34.064,34.064,34.429,34.521,
36.256,35.708,35.799,35.525,36.164,36.438,35.89,35.342,36.073,35.434,35.251,35.89,36.804,37.169,36.347,36.164,35.708,34.886,34.795,34.429,33.973,33.973,34.338,34.429,
36.438,35.982,35.799,35.434,36.347,36.621,36.073,35.799,36.53,36.256,35.799,36.347,37.26,37.626,36.804,36.621,35.982,34.977,34.886,34.521,34.155,34.155,34.521,34.521,
36.712,35.982,35.708,35.525,37.169,37.443,36.712,36.53,36.712,36.256,36.073,36.621,37.26,37.626,36.804,36.621,35.982,34.977,34.886,34.521,34.155,34.155,34.521,34.521,
36.986,35.799,34.886,35.434,36.986,37.443,36.438,36.438,37.169,36.712,36.53,36.53,37.169,37.534,36.712,36.53,35.89,34.795,34.703,34.429,34.064,34.064,34.429,34.429,
36.804,35.799,35.068,35.342,36.804,37.26,36.438,36.621,36.895,36.986,36.712,36.712,37.26,37.626,36.986,36.804,36.164,35.068,34.977,34.703,34.338,34.338,34.429,34.429,
36.804,35.708,34.703,35.342,36.53,36.986,36.073,36.347,36.438,36.438,36.438,36.438,36.986,37.352,36.712,36.438,35.799,34.612,34.521,34.247,33.973,33.973,34.064,34.064,
36.53,34.247,33.881,35.068,36.164,36.621,36.347,36.438,36.438,36.438,36.438,36.438,36.986,37.352,36.621,35.799,35.16,34.521,34.429,34.155,33.881,33.881,34.064,34.064,
35.434,34.429,33.973,34.521,35.799,35.982,35.708,35.89,36.164,36.164,36.164,36.164,36.712,37.078,36.621,35.799,35.16,34.521,34.429,34.155,33.881,33.881,34.064,34.064,
34.338,34.703,34.155,34.612,35.799,35.982,35.799,35.982,36.256,36.256,36.256,36.164,36.712,37.078,36.986,36.164,35.525,34.886,34.795,34.521,34.521,34.521,34.521,34.521,
34.703,34.886,34.521,35.16,35.982,36.073,35.89,36.073,36.347,36.256,36.347,36.256,36.53,36.895,36.804,35.982,35.616,34.795,34.703,34.521,34.521,34.521,34.521,34.521,
34.886,34.977,34.612,35.16,35.89,36.256,36.073,36.256,36.53,36.621,36.347,36.256,36.895,37.078,36.621,36.073,35.708,34.977,34.886,34.795,34.795,34.795,34.795,34.795,
35.616,35.982,35.708,35.799,36.712,35.89,36.712,36.804,36.804,36.895,36.164,36.073,36.347,36.53,36.438,35.89,35.89,35.342,35.251,35.16,35.16,35.16,35.16,35.16,
35.89,36.256,36.164,36.164,36.438,36.256,36.256,36.347,36.621,36.986,36.895,36.804,37.078,36.804,36.621,36.53,36.53,35.982,35.89,35.799,35.799,35.799,35.799,35.799,
36.895,36.073,35.799,35.434,35.982,35.982,35.799,35.799,36.164,36.164,36.164,36.53,36.804,36.986,36.804,36.438,36.438,36.164,36.073,36.256,36.256,36.256,36.347,36.347,
36.895,36.347,35.89,35.799,36.256,36.164,35.982,36.347,36.256,36.256,36.438,36.438,36.712,36.712,36.438,36.073,36.073,36.073,36.073,36.256,36.256,36.256,36.347,36.347,
36.438,35.799,35.525,35.89,35.89,35.616,35.708,36.073,35.89,35.89,36.164,36.347,36.438,36.438,36.347,36.256,36.256,36.256,36.256,36.53,36.53,36.53,36.53,36.53,
36.53,36.164,35.89,36.256,36.256,36.256,36.347,36.073,35.89,35.89,35.982,35.982,35.982,35.982,35.982,35.982,36.073,35.89,35.89,36.164,36.164,36.164,36.164,36.347,
36.438,36.347,36.164,36.256,36.256,36.256,36.347,35.982,35.89,35.89,35.982,35.982,35.982,35.982,35.982,35.982,36.073,36.073,36.073,36.347,36.347,36.347,36.347,36.347,
36.256,35.982,35.799,35.89,35.89,35.89,35.89,35.89,35.89,35.89,35.89,35.89,36.073,36.073,36.347,36.347,36.347,36.347,36.347,36.347,36.347,36.347,36.347,36.347,
36.438,36.347,36.347,36.347,36.347,36.347,36.347,36.347,36.347,36.347,36.347,36.347,36.347,36.347,36.347,36.347,36.347,36.347,36.347,36.347,36.347,36.347,36.347,36.347,
36.438,36.347,36.347,36.347,36.347,36.347,36.347,36.347,36.347,36.347,36.347,36.347,36.347,36.347,36.347,36.347,36.347,36.347,36.347,36.347,36.347,36.347,36.347,36.347,
36.347,36.347,36.347,36.347,36.347,36.347,36.347,36.347,36.347,36.347,36.347,36.347,36.347,36.347,36.347,36.347,36.347,36.347,36.347,36.347,36.347,36.347,36.347,36.347,
34.703,34.703,34.703,34.703,34.703,34.703,34.703,34.703,34.703,34.703,34.703,34.703,34.703,34.703,34.703,34.703,34.703,34.703,34.703,34.703,34.703,34.703,34.703,34.703,

49.577,49.577,50.611,52.869,53.151,53.434,53.528,53.246,53.528,53.622,53.151,53.528,52.587,53.151,53.151,53.34,54.563,54.186,53.434,52.963,52.493,52.399,52.681,52.869,
49.577,49.859,50.8,53.057,53.151,53.434,53.622,53.434,53.622,53.622,53.151,53.528,52.587,53.151,53.151,53.34,54.563,54.468,53.716,53.246,52.775,52.681,52.963,53.151,
49.859,49.859,50.8,53.057,53.151,53.434,53.622,53.434,53.622,53.622,52.869,53.434,52.775,53.528,53.622,53.81,54.657,54.186,53.434,52.963,52.493,52.399,52.681,52.869,
49.953,49.953,50.988,53.057,53.246,53.622,53.716,53.904,53.622,53.622,52.869,53.434,52.775,53.528,53.622,53.81,54.657,54.186,53.434,52.963,52.493,52.399,52.681,52.869,
50.141,50.329,51.082,53.151,53.246,53.622,53.716,53.904,53.716,53.904,53.151,53.434,52.775,53.528,53.622,53.81,54.657,54.186,53.434,52.963,52.493,52.399,52.681,52.869,
50.047,50.423,51.082,53.34,53.434,53.622,53.622,53.716,53.622,53.81,53.151,53.434,53.434,53.34,53.434,53.622,54.468,53.998,53.246,52.963,52.493,52.399,52.681,52.869,
50.235,50.8,51.552,53.528,53.622,53.998,53.716,53.81,53.528,53.81,53.151,53.434,53.434,53.34,53.434,53.622,54.468,53.998,53.246,52.963,52.493,52.399,52.869,52.869,
50.423,51.082,51.74,53.528,53.998,54.186,53.716,53.81,53.528,53.998,53.34,53.622,53.622,53.528,53.998,53.998,54.468,53.998,53.246,52.963,52.493,52.399,52.869,52.869,
50.517,51.27,51.458,53.434,54.092,54.374,53.622,53.81,53.528,53.904,52.681,53.622,53.528,53.434,53.904,53.904,54.374,53.904,53.151,52.869,52.399,52.305,52.775,52.869,
50.611,51.27,51.834,53.622,54.092,54.657,53.904,54.092,53.528,53.904,52.681,53.622,53.528,53.434,53.904,53.904,54.374,53.904,53.151,52.963,52.493,52.399,52.869,52.963,
50.706,51.364,51.834,53.81,54.186,54.657,53.81,54.092,53.528,53.904,52.681,53.622,53.528,53.434,53.904,53.998,54.657,54.186,53.246,53.246,52.775,52.681,52.963,53.057,
50.988,51.364,51.834,53.904,54.28,54.751,53.904,53.998,53.528,53.998,52.681,53.622,53.528,53.434,53.998,54.092,54.751,54.28,53.34,53.246,52.775,52.681,52.963,53.151,
51.364,51.74,51.929,53.904,54.28,54.751,53.998,54.092,53.434,53.904,52.681,53.528,53.528,53.434,53.998,54.092,54.751,54.28,53.34,53.246,52.775,52.681,52.963,53.34,
51.458,52.211,52.305,54.186,54.28,54.563,53.81,53.998,53.528,53.998,53.34,53.622,53.622,53.434,53.716,53.81,54.468,54.092,53.34,53.246,52.775,52.681,52.963,53.34,
51.552,52.963,52.587,54.751,54.657,54.939,54.186,53.904,53.434,53.904,53.528,53.34,53.34,53.151,53.434,53.528,54.186,53.81,53.057,52.963,52.493,52.681,52.963,53.34,
51.646,53.151,52.681,55.127,54.845,54.939,54.186,53.904,53.434,53.904,53.528,53.34,53.434,53.151,53.434,53.528,54.186,53.81,53.057,52.963,52.869,52.681,52.963,53.34,
51.74,53.151,53.057,55.033,54.939,55.127,54.28,53.998,53.528,54.28,53.246,53.057,53.434,53.151,53.434,53.528,54.186,53.81,53.057,52.963,52.587,52.399,52.681,53.057,
51.929,53.246,53.81,55.127,54.939,55.127,54.28,53.998,53.622,54.374,53.057,52.869,53.246,52.963,53.246,53.34,53.998,53.622,52.869,52.775,52.681,52.399,52.681,52.869,
51.74,53.528,53.81,55.315,55.127,55.221,54.468,54.28,53.34,54.092,53.246,52.869,53.057,52.775,53.057,53.151,53.622,53.246,52.963,52.869,52.963,52.681,52.681,52.869,
51.74,53.528,53.81,55.221,55.033,55.033,54.374,54.092,53.434,53.904,53.057,52.681,52.869,52.775,53.057,53.151,53.622,53.246,52.963,52.869,52.963,52.681,52.681,52.869,
52.023,53.622,53.81,55.221,55.033,55.033,54.28,53.81,53.151,53.34,52.587,52.963,53.34,53.246,53.057,53.151,53.622,53.246,52.963,52.869,52.963,52.681,52.681,52.869,
52.399,54.186,53.81,55.315,55.033,54.939,54.28,53.998,53.34,53.528,52.587,52.869,53.246,53.151,52.963,53.057,53.434,53.151,52.493,52.305,52.493,52.211,52.211,52.399,
52.493,54.28,53.904,55.221,55.127,55.033,54.468,54.092,53.246,53.151,52.493,52.775,53.151,53.151,53.057,53.151,53.528,53.246,52.587,52.399,52.587,52.305,52.305,52.399,
52.775,54.374,53.528,55.315,54.845,54.751,53.528,53.246,52.963,52.869,52.869,53.528,53.904,53.904,53.81,53.904,53.998,53.716,53.057,52.775,52.869,52.587,52.587,52.681,
52.775,54.092,53.528,54.28,54.563,54.374,53.528,53.057,53.057,52.775,52.775,53.434,53.528,53.528,53.434,53.528,53.622,53.34,53.246,52.963,53.057,52.775,52.775,52.869,
52.963,53.904,53.151,54.092,53.998,53.81,53.34,53.434,53.434,53.151,53.151,53.716,53.716,53.716,53.434,53.528,53.622,53.34,53.528,53.246,53.34,53.057,53.057,53.151,
52.963,53.622,53.057,53.998,54.092,53.81,53.434,53.904,53.622,53.528,53.528,54.092,54.092,54.092,53.81,53.81,53.81,53.528,53.716,53.434,53.528,53.246,53.246,53.34,
52.587,53.528,53.246,53.904,53.81,53.716,53.246,53.716,53.434,53.34,53.434,54.092,54.092,54.092,53.81,53.81,53.81,53.528,53.716,53.434,53.528,53.246,53.246,53.34,
52.681,53.151,52.869,53.057,53.34,53.622,53.151,53.622,53.434,53.34,53.716,54.092,54.092,54.092,53.81,53.81,53.81,53.528,53.716,53.434,53.528,53.246,53.246,53.34,
52.211,52.775,52.493,52.963,53.246,53.622,53.246,53.528,53.434,53.34,53.528,53.998,54.092,54.092,53.904,53.904,53.904,53.622,53.434,53.151,53.246,52.963,52.963,53.246,
52.681,52.681,52.493,52.963,52.869,53.34,52.869,53.434,53.528,53.528,53.716,53.998,54.092,54.092,53.904,53.904,53.904,53.622,53.434,53.151,53.246,52.963,52.963,53.246,
52.493,52.493,52.399,52.963,52.775,53.151,52.963,53.528,53.528,53.528,53.716,54.186,54.186,54.186,53.998,53.998,53.998,53.998,53.904,53.622,53.246,52.963,52.963,53.246,
52.399,52.587,52.963,53.34,53.246,53.528,53.34,53.434,53.528,53.528,53.716,54.186,54.186,54.186,53.998,53.998,53.998,53.998,53.904,53.622,53.246,52.963,52.963,52.963,
52.305,52.681,53.057,53.434,53.528,53.81,53.81,53.81,53.998,53.998,54.186,54.186,54.186,54.186,53.998,53.998,53.998,53.998,53.904,53.622,53.246,52.963,52.963,52.963,
52.587,53.057,52.963,53.622,53.81,53.998,53.998,53.998,53.998,53.998,54.186,54.186,54.186,54.186,53.998,53.998,53.998,53.998,53.904,53.622,53.528,53.246,53.246,53.246,
53.151,53.34,53.246,53.904,53.81,53.998,53.998,53.998,53.998,53.998,54.186,54.186,54.186,54.186,53.998,53.998,53.998,53.998,53.904,53.622,53.528,53.246,53.246,53.246,
53.057,53.81,53.904,54.28,54.186,54.186,54.186,54.186,54.186,54.186,54.186,54.186,54.186,54.186,53.998,53.998,53.998,53.998,53.904,53.622,53.528,53.246,53.246,53.246,
53.528,53.998,53.998,54.28,54.28,54.28,54.28,54.28,54.28,54.28,54.28,54.28,54.28,54.28,54.092,54.092,54.092,54.092,53.998,53.716,53.622,53.34,53.34,53.34,
53.81,53.998,53.998,54.28,54.28,54.28,54.28,54.28,54.28,54.28,54.28,54.28,54.28,54.28,54.092,54.092,54.092,54.092,53.998,53.716,53.622,53.34,53.34,53.34,
53.716,53.998,53.998,54.28,54.28,54.28,54.28,54.28,54.28,54.28,54.28,54.28,54.28,54.28,54.092,54.092,54.092,54.092,53.998,53.716,53.622,53.34,53.34,53.34,
53.904,53.998,54.092,54.28,54.28,54.28,54.28,54.28,54.28,54.28,54.28,54.28,54.28,54.28,54.092,54.092,54.092,54.092,53.998,53.716,53.622,53.34,53.34,53.34,
54.092,54.186,54.092,54.28,54.28,54.28,54.28,54.28,54.28,54.28,54.28,54.28,54.28,54.28,54.092,54.092,54.092,54.092,53.998,53.716,53.622,53.34,53.34,53.34,
54.092,54.092,53.998,54.186,54.186,54.186,54.186,54.186,54.186,54.186,54.186,54.186,54.186,54.186,53.998,53.998,53.998,53.998,53.904,53.622,53.528,53.246,53.246,53.246,
53.81,53.81,53.716,53.904,53.904,53.904,53.904,53.904,53.904,53.904,53.904,53.904,53.904,53.904,53.716,53.716,53.716,53.716,53.622,53.34,53.246,53.246,53.246,53.246,
53.904,53.904,53.81,53.904,53.904,53.904,53.904,53.904,53.904,53.904,53.904,53.904,53.904,53.904,53.716,53.716,53.716,53.716,53.622,53.34,53.246,53.246,53.246,53.246,
53.34,53.34,53.246,53.34,53.34,53.34,53.34,53.34,53.34,53.34,53.34,53.34,53.34,53.34,53.151,53.151,53.151,53.151,53.057,52.963,52.869,52.869,52.869,52.869,
53.151,53.151,53.151,53.151,53.151,53.151,53.151,53.151,53.151,53.151,53.151,53.151,53.151,53.151,52.963,52.963,52.963,52.963,52.869,52.775,52.869,52.869,52.869,52.869,
53.151,53.151,53.151,53.151,53.151,53.151,53.151,53.151,53.151,53.151,53.151,53.151,53.151,53.151,52.963,52.963,52.963,52.963,52.869,52.775,52.869,52.869,52.869,52.869,
52.023,52.023,52.023,52.023,52.023,52.023,52.023,52.023,52.023,52.023,52.023,52.023,52.023,52.023,52.023,52.023,52.023,52.023,51.929,51.929,52.023,52.023,52.023,52.023,
47.977,47.977,47.977,47.977,47.977,47.977,47.977,47.977,47.977,47.977,47.977,47.977,47.977,47.977,47.977,47.977,47.977,47.977,47.977,47.977,47.977,47.977,47.977,47.977,

40.737,41.335,41.434,42.928,43.127,42.131,42.43,42.331,43.127,44.124,44.92,44.622,44.124,43.725,43.227,42.829,42.43,43.227,43.227,43.227,42.928,43.526,44.223,43.725,
40.737,41.235,41.534,42.928,43.426,42.43,42.729,42.43,43.127,44.124,44.92,44.622,44.124,43.725,43.227,42.829,42.729,43.526,43.526,43.526,43.227,43.825,44.522,44.024,
40.837,41.335,41.633,42.928,43.327,42.331,43.028,42.43,43.127,44.124,44.92,44.622,44.124,43.725,43.526,43.127,42.729,43.526,43.526,43.526,43.227,43.825,44.522,44.024,
40.737,41.335,41.633,42.928,43.327,42.331,43.028,42.43,43.127,44.124,44.92,44.422,44.124,43.725,43.327,42.928,42.729,43.526,43.526,43.526,43.227,43.825,44.522,44.024,
41.235,41.733,41.733,42.928,43.327,42.331,43.028,42.43,43.227,44.223,44.92,44.422,44.124,43.725,43.327,42.829,42.629,43.426,43.426,43.426,43.127,43.725,44.223,43.725,
41.335,41.932,41.932,43.028,43.327,42.43,42.928,42.231,43.028,44.024,44.92,44.422,44.124,43.725,43.327,42.829,42.629,43.426,43.426,43.426,43.127,43.725,44.223,43.625,
41.633,42.729,42.629,43.127,43.426,42.43,42.928,42.231,43.028,44.024,44.92,44.622,43.924,43.526,43.127,42.629,42.629,43.028,43.227,43.426,43.127,43.725,44.223,43.625,
41.733,42.729,42.729,43.127,43.426,42.43,42.928,42.231,43.028,44.223,44.821,44.522,43.924,43.526,43.127,42.629,42.629,43.526,43.227,43.526,43.227,43.825,44.323,43.725,
41.633,42.729,42.829,42.829,43.327,42.331,42.829,42.231,42.928,44.124,44.821,44.522,43.924,43.526,43.426,42.928,42.928,43.526,43.227,43.526,43.227,43.825,44.323,43.725,
41.534,42.629,43.227,43.426,43.725,42.629,42.928,42.43,42.928,44.124,44.92,44.622,43.924,43.526,43.625,43.127,43.127,43.725,43.426,43.725,43.426,44.024,44.522,43.924,
41.335,42.43,43.127,43.426,43.625,42.43,42.928,42.43,42.928,44.124,44.92,44.622,44.323,44.323,43.625,43.526,43.526,44.124,43.426,43.725,43.426,44.024,44.522,43.924,
41.534,42.729,43.227,43.327,43.725,42.53,43.028,42.53,43.028,44.223,44.821,44.622,44.323,44.323,44.124,43.526,43.526,44.124,43.825,43.725,43.426,44.024,44.522,43.924,
41.733,43.127,43.127,43.327,43.725,42.43,42.928,42.43,42.928,44.124,45.319,44.92,44.124,44.124,44.124,43.526,43.526,44.124,43.825,43.725,43.426,44.024,44.721,44.124,
41.633,43.028,43.127,43.327,43.825,42.43,42.928,42.43,42.829,44.024,44.92,44.821,44.124,44.323,44.124,43.526,43.526,44.124,43.825,43.725,43.426,44.024,44.721,44.124,
41.833,43.127,43.127,43.426,43.625,42.331,43.028,42.43,42.829,44.024,44.92,44.721,44.422,44.223,44.024,43.426,43.426,44.024,43.725,43.625,43.327,44.024,44.721,44.124,
42.131,43.127,43.127,43.625,43.725,42.729,43.426,42.43,42.829,44.422,45.319,44.721,44.422,44.223,44.024,43.426,43.426,44.024,43.725,43.625,43.327,44.024,44.721,44.124,
41.932,43.127,43.426,44.223,43.725,42.729,43.426,42.43,42.829,44.821,45.717,45.418,44.821,44.323,43.725,43.127,43.127,43.725,43.725,43.625,43.327,44.024,44.721,44.124,
41.932,42.928,43.327,44.124,43.725,42.729,43.426,42.43,42.829,44.821,45.717,45.418,44.821,44.323,43.725,43.127,43.127,43.725,43.725,43.625,43.327,44.024,44.721,44.124,
42.131,42.928,43.725,44.124,43.725,42.729,43.426,42.43,42.829,44.522,45.618,45.319,44.721,44.522,43.924,43.327,43.327,43.924,43.924,43.825,43.526,44.223,44.92,44.323,
42.032,43.028,43.327,43.725,43.327,43.127,43.825,42.829,43.227,44.522,45.618,45.319,44.721,45.219,44.622,44.024,44.024,43.924,43.924,43.725,43.426,44.124,44.821,44.223,
42.231,43.028,43.227,43.625,43.825,43.127,43.924,42.928,43.327,44.223,45.319,45.02,44.721,45.219,44.622,44.024,44.024,43.924,43.924,43.725,43.426,44.124,44.821,44.223,
42.231,42.928,43.028,43.526,43.725,43.127,43.924,42.829,43.227,44.422,45.219,44.92,44.622,45.12,44.522,44.024,44.024,43.924,43.924,43.725,43.426,44.124,44.821,44.223,
42.231,42.928,43.426,43.924,43.625,43.028,43.825,43.327,43.725,44.223,45.12,44.92,44.522,45.02,44.422,43.924,44.024,43.924,43.924,43.725,43.426,44.124,44.821,44.223,
42.829,43.625,43.725,43.924,43.625,43.028,43.825,43.426,43.825,44.323,45.12,44.92,44.622,45.12,44.422,43.924,44.024,43.924,43.924,43.725,43.426,44.323,45.02,44.422,
42.928,43.625,43.825,44.124,43.825,43.327,44.024,43.526,43.725,44.124,44.821,44.92,45.02,45.02,44.323,43.825,43.924,43.825,43.825,43.625,43.327,44.223,44.92,44.323,
43.127,43.825,43.725,44.024,44.422,44.024,44.721,44.323,43.924,44.323,44.323,44.422,44.622,44.622,43.924,43.426,43.526,43.426,43.426,43.227,42.928,43.825,44.522,44.323,
43.227,44.024,43.725,43.625,44.422,43.924,44.622,44.223,44.124,44.124,43.725,43.825,44.024,44.024,43.327,43.825,43.924,43.825,43.825,43.625,43.327,44.323,45.02,44.721,
43.426,44.124,44.124,43.924,44.223,43.725,44.323,44.422,44.024,43.625,43.227,43.625,43.725,43.625,43.028,43.526,43.625,43.526,43.526,43.327,43.028,44.024,44.721,44.721,
43.725,43.625,44.422,43.725,44.024,44.124,44.821,45.02,44.622,44.223,43.825,44.124,44.124,44.024,43.426,43.924,44.024,43.924,43.924,43.426,43.127,44.024,44.522,44.522,
43.327,43.924,43.924,43.924,44.124,44.522,44.821,44.522,44.522,44.024,44.124,44.024,44.024,43.924,43.327,43.825,43.924,43.825,43.625,43.327,43.127,43.725,44.223,44.223,
43.825,44.024,43.625,44.124,44.024,44.223,44.622,44.323,44.323,44.522,43.924,43.526,43.625,43.526,42.928,43.426,43.526,43.426,43.227,42.928,42.729,43.327,43.825,44.024,
43.526,43.426,42.928,43.924,44.024,43.625,44.124,44.223,44.024,44.223,43.625,43.924,44.024,44.223,43.625,43.426,43.526,43.426,43.227,42.928,43.028,43.625,44.124,44.024,
43.227,43.426,43.327,43.924,44.124,43.825,43.725,43.526,43.526,43.725,43.127,43.924,44.024,44.223,43.625,43.426,43.526,43.426,43.227,42.928,43.028,43.625,44.124,44.024,
42.829,43.327,43.526,44.622,44.024,44.223,44.124,43.924,44.124,43.825,43.825,43.924,43.825,44.024,43.426,43.227,43.327,43.227,43.227,43.028,43.127,43.526,44.024,43.924,
42.729,43.924,44.024,44.821,44.024,43.725,44.124,43.825,44.024,43.725,43.725,43.825,43.725,43.825,43.227,43.028,43.127,43.028,43.028,42.729,43.028,42.928,43.426,43.327,
42.231,43.227,44.024,44.821,44.223,43.725,44.124,43.625,43.825,43.725,43.725,43.825,43.725,43.825,43.227,43.028,43.127,43.028,43.028,42.729,43.028,42.928,43.426,43.327,
42.53,43.924,44.024,44.821,43.924,43.426,43.825,43.327,43.526,43.426,43.426,43.526,43.426,43.526,43.028,42.829,42.928,42.928,43.028,42.729,43.028,42.928,43.426,43.327,
43.127,44.024,44.124,44.821,43.924,43.426,43.825,43.327,43.526,43.426,43.426,43.526,43.426,43.526,43.028,42.829,42.729,42.729,42.829,42.729,42.928,42.829,43.327,43.227,
43.127,43.725,44.124,44.522,43.725,43.526,43.924,43.426,43.426,43.426,43.327,43.526,43.426,43.426,42.928,42.829,42.729,42.729,42.829,42.729,42.928,42.829,42.53,43.227,
43.526,43.725,44.024,44.323,43.725,43.625,44.024,43.526,43.526,43.526,43.426,43.625,43.526,43.526,43.028,42.928,42.829,42.829,42.43,42.331,42.43,42.331,42.53,42.43,
43.625,43.825,44.024,44.323,43.625,43.526,43.924,43.426,43.426,43.526,43.426,43.625,43.526,43.526,43.028,42.629,42.53,42.53,42.131,42.032,42.131,41.833,42.032,41.932,
43.725,43.924,44.124,44.422,43.725,43.625,43.825,43.327,43.327,43.526,43.426,43.625,43.028,43.028,42.629,42.231,41.932,41.932,41.833,41.932,42.032,41.932,41.733,41.633,
43.625,43.825,44.024,43.625,43.127,43.227,43.426,43.028,42.928,42.629,42.331,41.733,41.633,41.534,41.434,41.434,41.335,41.335,41.833,41.335,41.335,41.235,41.235,41.235,
42.928,43.227,43.426,42.231,41.833,42.032,42.131,41.833,41.833,41.633,41.633,41.833,41.733,41.633,41.434,41.434,41.335,41.335,41.434,41.335,41.335,41.235,41.235,41.235,
41.733,41.235,41.235,41.335,41.434,41.434,41.434,41.335,41.434,41.932,41.932,41.932,41.833,41.833,41.833,41.833,41.833,41.833,41.833,41.833,41.833,41.833,41.833,41.833,
41.335,41.833,41.833,41.833,41.833,41.833,41.833,41.833,41.833,41.833,41.833,41.833,41.833,41.833,41.833,41.833,41.833,41.833,41.833,41.833,41.833,41.833,41.833,41.833,
41.833,41.833,41.833,41.833,41.833,41.833,41.833,41.833,41.833,41.833,41.833,41.833,41.833,41.833,41.833,41.833,41.833,41.833,41.833,41.833,41.833,41.833,41.833,41.833,
41.833,41.833,41.833,41.833,41.833,41.833,41.833,41.833,41.833,41.833,41.833,41.833,41.833,41.833,41.833,41.833,41.833,41.833,41.833,41.833,41.833,41.833,41.833,41.833,
41.833,41.833,41.833,41.833,41.833,41.833,41.833,41.833,41.833,41.833,41.833,41.833,41.833,41.833,41.833,41.833,41.833,41.833,41.833,41.833,41.833,41.833,41.833,41.833,
41.833,41.833,41.833,41.833,41.833,41.833,41.833,41.833,41.833,41.833,41.833,41.833,41.833,41.833,41.833,41.833,41.833,41.833,41.833,41.833,41.833,41.833,41.833,41.833,

37.794,37.366,36.938,37.152,37.473,37.045,37.152,38.009,39.293,40.471,40.899,42.719,42.719,42.827,44.218,43.362,43.576,43.897,43.362,43.255,44.433,44.218,43.897,44.218,
38.009,37.473,37.045,37.259,37.58,37.152,37.259,38.116,39.4,40.471,40.899,43.148,42.719,42.827,44.218,43.79,43.897,44.111,43.576,43.469,44.433,44.218,43.897,44.218,
37.473,37.473,37.045,37.259,37.473,37.045,37.259,38.116,38.972,39.936,40.471,42.719,42.291,42.398,43.79,43.362,43.469,44.111,43.576,43.469,44.004,43.79,43.469,43.79,
37.366,37.473,37.045,37.366,37.58,37.152,37.366,38.223,38.972,39.936,40.471,42.719,42.291,42.398,43.79,44.004,44.111,44.111,43.576,43.469,44.004,43.79,43.469,43.79,
37.473,37.58,37.152,37.366,37.687,37.259,37.473,38.33,39.079,40.043,40.578,42.719,42.505,42.398,43.79,44.004,44.111,44.111,43.683,43.576,44.111,43.79,43.469,43.79,
37.473,37.58,37.473,38.009,38.009,37.58,37.794,38.651,39.293,40.043,40.578,42.719,42.291,42.184,43.683,44.218,44.54,44.861,43.897,43.576,44.111,43.79,43.469,43.897,
37.473,37.687,37.58,37.794,38.116,37.366,37.58,38.437,38.972,40.043,41.328,43.576,42.612,42.184,43.576,44.325,44.754,44.968,43.897,43.469,44.111,43.79,43.79,44.218,
37.473,37.794,37.152,37.794,37.58,37.366,37.473,38.33,38.865,39.936,41.328,43.576,43.148,42.719,43.576,44.325,44.754,44.968,43.897,43.469,44.111,43.79,43.79,44.218,
37.794,37.794,37.045,37.794,37.901,37.366,37.473,38.223,38.758,40.471,41.221,43.683,43.255,43.041,43.897,44.647,44.968,45.182,44.111,43.79,44.433,44.111,44.111,44.325,
37.687,37.687,36.938,37.58,37.901,37.366,37.473,38.33,39.507,40.471,41.221,43.683,43.469,43.362,44.218,44.647,44.968,45.182,44.111,43.683,44.325,43.897,43.897,44.111,
37.473,37.473,36.938,37.473,37.901,37.366,37.794,38.116,39.293,40.471,41.863,43.683,43.469,43.362,44.218,44.647,45.396,45.61,44.647,44.111,44.754,44.325,44.325,44.54,
37.473,37.473,37.259,37.901,37.794,37.366,37.794,38.223,39.829,40.578,41.863,43.683,43.469,43.362,44.218,44.647,45.396,45.61,44.647,44.111,44.754,44.325,44.325,44.54,
37.58,37.58,37.473,37.901,37.687,37.366,37.794,38.33,39.722,40.471,41.863,43.576,43.255,43.148,44.004,44.54,45.182,45.717,44.647,44.433,44.754,44.325,44.325,44.54,
38.223,37.687,37.901,38.223,38.009,37.794,38.223,38.972,39.722,40.685,41.97,43.576,43.255,43.148,44.004,44.861,45.075,45.61,44.54,44.325,44.754,44.325,44.325,44.54,
38.009,37.794,38.009,38.437,38.116,38.437,38.437,39.186,39.936,40.792,42.291,43.576,43.255,42.934,43.683,44.54,44.861,45.396,44.754,44.54,44.647,44.54,44.54,44.325,
37.794,37.687,37.901,38.437,38.009,38.544,38.651,39.186,40.043,40.792,42.291,43.683,43.255,42.934,43.79,44.433,44.754,45.289,44.968,44.433,44.54,44.54,44.54,44.325,
37.794,37.794,38.223,38.651,38.651,38.758,39.186,39.507,40.364,40.899,42.291,43.683,43.255,43.148,43.79,44.433,45.075,45.289,44.968,44.647,44.754,44.754,44.754,45.075,
37.58,37.794,38.437,39.079,39.293,39.4,39.507,39.829,40.899,41.435,42.719,44.004,43.469,43.362,43.897,44.647,45.182,45.396,45.075,44.754,44.754,44.754,44.754,45.075,
37.473,38.009,38.651,39.186,40.043,40.15,40.899,40.364,41.221,42.077,43.469,44.325,43.897,43.469,44.111,44.861,45.396,45.503,45.075,44.968,44.754,44.754,44.754,45.075,
37.687,38.33,39.186,39.722,40.043,40.364,41.113,40.685,41.435,42.077,43.469,44.325,44.325,44.325,44.861,45.182,45.396,45.503,45.075,45.182,44.968,44.968,44.968,45.289,
37.366,38.758,39.507,40.471,40.364,40.685,41.435,40.899,41.542,42.291,43.576,44.218,44.218,44.754,45.075,45.075,45.289,45.396,44.968,45.075,44.861,45.075,45.075,45.396,
37.794,38.972,40.364,40.685,40.685,41.113,41.756,41.435,41.863,42.719,43.469,44.111,44.111,44.647,44.968,44.968,45.182,45.289,44.861,44.968,44.754,44.968,44.968,45.289,
38.223,38.972,40.578,41.113,40.685,41.113,42.077,42.827,43.148,43.255,44.004,44.647,44.111,44.647,44.968,44.968,45.182,45.396,44.968,44.968,44.754,44.968,44.968,45.289,
38.437,39.936,41.328,41.328,41.435,41.756,42.505,43.148,43.255,43.362,44.754,45.396,44.861,44.754,45.075,45.075,45.289,45.503,45.075,45.075,44.861,45.075,45.075,45.289,
38.651,40.15,41.435,41.863,41.435,41.756,42.505,43.148,43.255,44.325,44.754,45.396,44.861,44.433,45.075,45.182,45.075,45.289,45.182,45.182,44.968,45.075,45.075,45.289,
39.936,41.006,41.863,41.863,41.756,41.97,43.041,43.255,43.469,44.54,44.968,45.61,45.075,44.647,45.396,45.503,45.61,45.61,45.503,45.503,45.289,45.289,45.289,45.289,
40.257,41.328,41.756,42.291,43.148,43.255,43.79,44.111,44.111,44.647,45.075,45.717,44.968,44.754,45.396,45.503,45.61,45.61,45.503,45.503,45.289,45.289,45.289,45.289,
40.685,41.435,41.97,42.934,43.362,43.469,44.111,44.325,44.325,44.647,45.075,45.717,45.503,44.754,45.396,45.503,45.61,45.61,45.503,45.503,45.289,45.289,45.289,45.289,
41.328,41.97,42.827,43.148,43.255,43.041,43.79,44.004,44.004,44.111,44.54,45.503,45.182,44.754,45.396,45.289,45.396,45.396,45.289,45.289,45.289,45.289,45.289,45.289,
41.649,42.398,43.683,43.469,43.683,43.255,43.576,43.79,43.79,44.111,44.54,45.503,44.968,44.54,45.396,45.289,45.396,45.396,45.289,45.289,45.289,45.289,45.289,45.289,
41.756,43.148,43.683,43.469,43.255,43.255,43.576,43.79,43.79,44.111,44.54,45.075,44.647,44.54,45.396,45.396,45.503,45.503,45.396,45.396,45.396,45.396,45.396,45.396,
42.184,43.148,42.934,43.255,43.255,43.469,43.576,43.79,43.79,44.111,44.54,45.075,44.647,44.968,45.396,45.396,45.503,45.503,45.396,45.396,45.396,45.396,45.396,45.396,
43.362,43.148,43.148,43.041,43.362,43.362,43.469,43.683,43.683,44.004,44.433,44.968,44.54,44.861,45.289,45.289,45.396,45.396,45.289,45.396,45.396,45.396,45.396,45.396,
43.148,43.255,43.362,43.362,43.362,43.362,43.469,43.683,43.576,44.111,44.754,45.075,44.968,45.289,45.289,45.289,45.396,45.396,45.289,45.396,45.396,45.396,45.396,45.396,
43.362,43.041,43.469,43.576,43.362,43.362,43.469,43.683,43.683,44.433,44.968,45.075,45.289,45.289,45.289,45.289,45.396,45.396,45.396,45.396,45.396,45.396,45.396,45.396,
43.041,42.934,43.469,44.004,43.79,44.647,45.075,44.968,44.861,45.289,45.289,45.075,45.289,45.289,45.289,45.289,45.396,45.396,45.396,45.396,45.396,45.396,45.396,45.396,
42.827,43.362,43.683,44.325,45.289,45.075,45.075,44.968,44.861,45.289,45.289,45.396,45.289,45.289,45.289,45.289,45.396,45.396,45.396,45.396,45.396,45.396,45.396,45.396,
43.041,44.433,45.289,45.289,45.289,45.075,45.075,44.968,44.861,45.289,45.289,45.396,45.289,45.289,45.289,45.289,45.396,45.396,45.396,45.396,45.396,45.396,45.396,45.396,
44.218,44.433,45.289,45.289,45.503,45.503,45.503,45.503,45.503,45.503,45.503,45.396,45.396,45.396,45.396,45.396,45.396,45.396,45.396,45.396,45.396,45.396,45.396,45.396,
44.647,45.075,45.503,45.503,45.503,45.503,45.503,45.503,45.503,45.503,45.503,45.503,45.503,45.503,45.503,45.503,45.503,45.503,45.503,45.503,45.503,45.503,45.503,45.503,
45.075,45.503,45.503,45.503,45.503,45.503,45.503,45.503,45.503,45.503,45.503,45.503,45.503,45.503,45.503,45.503,45.503,45.503,45.503,45.503,45.503,45.503,45.503,45.503,
45.503,45.503,45.503,45.503,45.503,45.503,45.503,45.503,45.503,45.503,45.503,45.503,45.503,45.503,45.503,45.503,45.503,45.503,45.503,45.503,45.503,45.503,45.503,45.503,
45.503,45.503,45.503,45.503,45.503,45.503,45.503,45.503,45.503,45.503,45.503,45.503,45.503,45.503,45.503,45.503,45.503,45.503,45.503,45.503,45.503,45.503,45.503,45.503,
45.503,45.503,45.503,45.503,45.503,45.503,45.503,45.503,45.503,45.503,45.503,45.503,45.503,45.503,45.503,45.503,45.503,45.503,45.503,45.503,45.503,45.503,45.503,45.503,
45.503,45.503,45.503,45.503,45.503,45.503,45.503,45.503,45.503,45.503,45.503,45.503,45.503,45.503,45.503,45.503,45.503,45.503,45.503,45.503,45.503,45.503,45.503,45.503,
45.503,45.503,45.503,45.503,45.503,45.503,45.503,45.503,45.503,45.503,45.503,45.503,45.503,45.503,45.503,45.503,45.503,45.503,45.503,45.503,45.503,45.503,45.503,45.503,
45.503,45.503,45.503,45.503,45.503,45.503,45.503,45.503,45.503,45.503,45.503,45.503,45.503,45.503,45.503,45.503,45.503,45.503,45.503,45.503,45.503,45.503,45.503,45.503,
45.503,45.503,45.503,45.503,45.503,45.503,45.503,45.503,45.503,45.503,45.503,45.503,45.503,45.503,45.503,45.503,45.503,45.503,45.503,45.503,45.503,45.503,45.503,45.503,
45.503,45.503,45.503,45.503,45.503,45.503,45.503,45.503,45.503,45.503,45.503,45.503,45.503,45.503,45.503,45.503,45.503,45.503,45.503,45.503,45.503,45.503,45.503,45.503,
44.968,44.968,44.968,44.968,44.968,44.968,44.968,44.968,44.968,44.968,44.968,44.968,44.968,44.968,44.968,44.968,44.968,44.968,44.968,44.968,44.968,44.968,44.968,44.968,

37.472,37.361,38.692,38.581,37.805,38.027,39.024,38.803,38.581,39.911,39.135,38.914,39.911,39.579,38.803,39.135,38.914,39.579,38.803,40.022,41.131,40.355,41.353,41.242,
37.472,37.361,38.692,38.359,37.694,37.916,39.024,38.803,38.581,39.911,38.914,38.692,39.69,39.579,38.803,39.135,38.914,39.579,38.803,40.022,41.131,40.355,41.353,41.242,
37.361,37.361,38.692,38.359,37.472,37.694,38.803,38.581,38.248,39.468,38.692,38.47,39.579,39.468,38.692,39.024,38.803,39.579,38.803,40.022,41.131,40.355,41.353,41.242,
37.14,37.14,38.359,38.47,37.583,37.472,38.803,38.581,38.248,39.468,38.692,38.47,39.579,39.468,38.692,39.024,39.135,39.69,38.914,40.133,41.131,40.355,41.353,41.242,
37.029,37.472,38.47,38.692,37.583,37.472,38.803,38.47,38.027,39.357,38.914,38.692,39.8,39.69,39.024,39.135,39.135,39.69,39.135,40.355,41.131,40.355,41.353,41.242,
37.029,37.694,38.248,38.692,37.029,37.472,38.914,38.359,37.916,39.246,38.914,38.692,39.8,39.69,39.024,39.135,39.135,39.69,39.135,40.355,41.131,40.355,41.353,41.242,
37.029,37.583,38.137,38.47,36.585,37.361,38.803,38.248,37.694,39.024,38.914,38.692,39.8,39.69,39.024,39.135,39.357,39.911,39.69,40.687,41.463,40.687,41.685,41.574,
37.14,37.583,38.137,38.248,36.475,37.583,38.914,38.359,37.805,39.135,38.914,38.803,39.911,39.8,39.135,39.246,39.468,39.911,39.69,40.798,41.463,40.687,41.685,41.574,
36.918,37.361,38.248,37.916,36.475,37.583,38.914,38.359,37.694,39.024,38.803,38.692,39.8,39.69,39.024,39.135,39.579,40.022,40.133,40.798,41.463,40.687,41.685,41.574,
37.14,37.472,38.137,37.583,36.142,37.361,38.914,38.137,37.694,39.024,38.803,38.692,39.8,39.69,39.024,39.024,39.468,39.911,40.022,40.687,41.353,40.576,41.685,41.574,
37.361,37.583,38.027,37.251,35.809,37.361,38.914,37.916,37.805,38.803,38.803,38.692,39.69,39.579,39.024,39.024,39.468,39.911,40.022,40.687,41.353,40.576,41.685,41.574,
37.251,37.916,38.692,37.251,36.364,37.583,39.357,38.47,38.248,39.246,39.135,39.024,40.022,39.911,39.357,39.357,39.69,40.022,40.022,40.687,41.353,40.576,41.463,41.574,
36.807,37.472,38.137,36.696,36.475,37.251,39.024,38.692,38.248,39.246,39.468,39.357,40.355,40.244,39.69,39.69,40.022,40.355,40.355,41.02,41.685,41.242,41.796,41.907,
35.92,37.251,37.805,36.475,36.696,37.472,39.135,38.692,38.248,39.246,39.468,39.357,40.355,40.244,39.69,39.69,40.022,40.355,40.355,41.02,41.685,41.242,41.796,41.907,
35.92,37.472,37.916,36.696,36.918,37.583,39.135,39.135,38.581,39.246,39.468,39.357,40.355,40.466,39.69,39.69,40.022,40.355,40.355,41.02,41.685,41.242,41.796,41.907,
35.92,36.807,37.916,36.696,36.807,37.583,39.135,39.357,38.581,39.246,39.357,39.579,40.466,40.576,39.8,39.8,40.022,40.355,40.355,41.02,41.685,41.242,41.796,41.907,
35.92,36.807,38.027,37.14,37.361,38.027,39.135,39.357,38.581,39.246,39.357,39.579,40.466,40.576,39.8,39.8,40.022,40.355,40.355,41.02,41.685,41.242,41.796,41.907,
36.696,36.696,38.359,37.472,37.472,38.137,39.468,39.911,39.246,39.911,39.911,39.8,40.798,40.798,40.022,39.69,39.8,40.133,40.133,40.798,41.463,41.02,41.574,41.685,
36.918,36.918,38.692,37.251,37.361,37.916,39.135,39.579,39.246,39.911,40.244,39.8,41.131,40.687,39.911,39.579,39.69,40.022,40.022,40.798,41.463,41.02,41.574,41.685,
37.14,36.918,38.581,36.918,36.918,37.251,38.692,39.135,39.246,39.911,39.8,39.357,40.687,40.244,39.911,39.246,39.024,39.69,39.357,40.133,40.798,40.576,40.798,40.909,
37.251,37.361,38.692,37.14,37.14,38.027,39.135,39.579,39.69,40.022,39.911,39.357,40.687,40.244,39.911,39.246,39.024,39.69,39.357,39.911,40.576,40.355,40.355,40.466,
37.694,37.694,38.914,37.583,37.251,38.027,39.135,39.579,39.69,40.022,39.911,39.357,40.687,40.022,39.69,39.024,38.803,39.468,39.357,39.911,40.576,40.355,40.355,40.355,
37.472,38.359,39.357,37.694,37.251,38.027,39.135,39.579,39.69,40.022,39.911,39.357,40.687,40.022,39.69,39.024,38.803,39.468,39.357,39.911,40.576,40.355,40.355,40.355,
37.029,38.581,39.911,38.359,37.583,38.359,39.135,39.579,39.468,40.133,39.8,39.357,40.576,40.022,39.8,39.135,38.914,39.579,39.468,39.911,40.576,40.355,40.355,40.355,
37.361,38.914,39.8,38.359,37.472,38.47,39.357,39.8,39.69,40.133,39.69,39.246,39.8,39.579,39.357,38.692,38.47,39.135,39.024,39.357,40.022,39.8,40.244,40.244,
37.472,39.024,39.8,38.581,37.805,38.581,39.468,39.8,39.69,40.133,39.357,39.024,39.69,39.468,39.357,38.803,38.359,39.024,38.914,39.246,39.69,39.69,40.133,40.133,
38.359,39.135,40.466,38.914,38.248,38.692,39.579,39.911,40.022,40.466,39.468,39.024,40.022,39.468,39.357,38.803,38.359,39.024,38.914,39.246,39.69,39.69,40.133,40.133,
38.47,39.135,40.244,38.914,38.248,38.692,39.579,39.911,40.133,40.576,39.468,39.024,40.022,39.468,39.357,38.803,38.359,39.024,38.914,39.246,39.69,39.69,40.133,40.133,
38.581,39.135,40.022,38.914,38.137,38.581,39.468,39.468,39.357,39.8,39.135,39.024,40.022,39.579,39.135,38.581,38.137,38.803,38.692,39.024,39.468,39.468,39.8,39.8,
38.692,39.357,39.579,38.914,38.137,38.581,39.579,39.69,39.579,39.8,39.135,38.803,39.911,39.579,39.135,39.135,38.692,38.803,38.692,39.024,39.468,39.246,39.579,39.579,
38.581,38.914,39.8,39.246,38.359,38.692,39.579,39.69,39.579,39.8,39.135,38.692,40.022,39.69,39.135,39.135,38.692,38.803,38.692,39.024,39.468,39.246,39.579,39.579,
38.359,38.803,39.579,39.246,38.581,38.47,39.135,39.468,39.357,39.579,38.914,38.47,39.8,39.357,38.803,38.803,38.359,38.47,38.359,38.692,39.135,38.581,39.135,38.914,
38.692,38.581,39.135,38.692,38.359,38.027,38.803,39.024,39.579,39.579,38.914,38.47,39.8,39.246,38.803,38.803,38.359,38.47,38.359,38.47,38.914,38.581,39.135,38.914,
38.692,38.803,39.468,38.914,38.248,38.137,38.581,38.803,39.135,38.914,38.248,38.47,39.357,38.803,38.359,38.359,37.916,38.027,37.916,38.248,38.692,38.137,38.692,38.47,
38.137,38.692,39.69,39.468,38.692,38.137,38.027,38.581,38.803,38.581,37.916,38.248,39.135,38.803,38.027,38.027,37.583,37.694,37.583,37.916,38.359,38.137,38.692,38.47,
38.027,39.024,39.69,39.468,39.135,38.027,37.916,38.359,38.581,38.359,37.694,37.694,39.024,38.692,37.916,37.583,37.14,37.251,37.14,37.472,37.583,37.361,37.916,37.805,
38.248,39.024,39.468,39.468,39.135,38.027,37.916,38.359,38.581,38.248,37.916,37.916,38.248,38.248,37.583,37.14,36.696,36.807,36.696,37.029,37.14,37.029,37.583,37.472,
38.027,38.803,39.357,38.692,39.024,37.916,37.583,38.027,38.47,37.916,37.805,37.916,37.805,37.694,37.029,36.585,36.142,36.253,36.142,36.475,36.585,36.475,37.029,36.918,
38.027,38.47,39.579,38.914,38.914,37.694,37.583,38.027,38.581,38.027,37.916,38.027,37.694,37.694,37.029,36.585,36.142,36.253,36.142,36.475,36.585,36.475,36.918,36.807,
37.916,38.027,38.47,38.027,38.248,37.029,37.14,37.694,38.248,37.694,37.583,37.583,37.251,37.361,36.696,36.253,36.031,36.142,36.031,36.364,36.475,36.364,36.807,36.696,
37.472,37.694,38.248,37.583,37.694,36.918,37.029,37.583,38.137,37.472,37.361,37.361,36.807,37.029,36.364,35.92,35.698,36.031,35.92,36.253,36.253,36.142,36.585,36.807,
36.585,37.361,37.361,37.029,37.251,36.142,36.364,37.029,37.251,37.14,37.029,36.807,36.918,37.14,36.585,36.475,36.253,36.585,36.031,36.585,36.585,36.364,37.029,37.251,
36.253,36.253,37.14,36.696,37.029,36.031,36.142,36.475,36.696,36.585,36.585,36.364,37.14,37.251,37.694,37.583,37.361,37.694,37.694,37.694,37.694,37.694,37.694,37.694,
36.364,36.364,37.14,36.585,36.364,36.364,36.585,36.585,36.807,36.475,36.475,36.696,37.029,37.14,37.583,37.472,37.361,38.137,38.137,38.137,38.137,38.137,38.137,38.137,
36.364,36.475,36.585,36.364,37.029,36.918,37.251,37.251,37.029,37.14,37.14,37.14,37.472,37.472,37.472,37.472,37.361,38.137,38.137,38.137,38.137,38.137,38.137,38.137,
37.14,37.472,37.472,37.472,38.027,37.916,38.027,38.027,38.027,38.027,38.027,38.027,38.027,38.027,38.027,38.027,38.027,38.137,38.137,38.137,38.137,38.137,38.137,38.137,
37.472,37.472,37.472,38.027,38.027,37.916,38.027,38.027,38.027,38.027,38.027,38.027,38.027,38.027,38.027,38.027,38.027,38.137,38.137,38.137,38.137,38.137,38.137,38.137,
38.027,38.027,38.027,38.027,38.027,37.916,38.027,38.027,38.027,38.027,38.027,38.027,38.027,38.027,38.027,38.027,38.027,38.137,38.137,38.137,38.137,38.137,38.137,38.137,
38.137,38.137,38.137,38.137,38.137,38.137,38.137,38.137,38.137,38.137,38.137,38.137,38.137,38.137,38.137,38.137,38.137,38.137,38.137,38.137,38.137,38.137,38.137,38.137,
38.137,38.137,38.137,38.137,38.137,38.137,38.137,38.137,38.137,38.137,38.137,38.137,38.137,38.137,38.137,38.137,38.137,38.137,38.137,38.137,38.137,38.137,38.137,38.137,

46.063,45.946,46.533,47.356,47.709,47.709,48.414,49.354,50.529,50.881,51.586,51.939,52.174,50.411,51.469,50.881,50.529,50.999,51.351,51.234,51.234,50.999,51.116,50.411,
45.946,45.946,47.121,47.709,48.061,48.414,48.884,50.059,50.881,51.586,52.056,52.409,52.644,50.881,51.821,50.999,50.646,51.116,51.469,51.351,51.351,51.116,51.234,50.529,
45.946,45.828,47.121,47.709,48.531,48.414,48.884,50.059,50.881,51.586,52.056,52.409,52.644,50.764,51.586,50.764,50.411,50.881,51.234,51.116,51.116,50.881,50.999,50.411,
45.946,45.946,46.886,47.709,48.531,48.414,48.884,49.941,50.764,51.469,51.939,52.291,52.526,50.646,51.469,50.646,50.294,50.764,51.116,51.116,51.116,50.881,50.999,50.411,
46.063,46.181,47.004,48.414,49.236,49.001,49.471,49.824,50.646,51.351,51.939,52.174,52.409,50.529,51.469,50.646,50.294,50.764,51.116,51.116,51.116,50.881,50.881,50.294,
46.651,46.651,47.239,48.649,49.236,48.766,49.471,50.059,50.881,51.586,52.174,52.409,52.644,50.646,51.586,50.881,50.529,50.764,51.116,51.116,51.116,50.881,50.881,50.294,
46.651,46.416,48.414,49.354,50.176,49.236,49.941,50.411,50.764,51.586,52.174,52.174,52.409,50.646,51.586,51.234,50.881,51.116,51.469,51.469,51.116,50.881,50.881,50.294,
46.298,46.416,48.296,49.001,49.824,49.119,49.824,50.294,50.529,51.351,51.939,52.056,52.056,50.294,51.234,51.116,50.764,50.999,51.351,51.351,50.999,50.764,50.764,50.176,
46.886,46.651,48.766,48.061,49.354,48.414,49.354,50.411,50.411,51.586,51.939,52.291,52.644,50.881,51.116,51.704,51.351,50.999,51.351,51.351,50.999,50.764,50.764,49.941,
46.769,47.004,49.119,48.296,49.119,48.296,49.354,50.176,50.411,51.469,52.174,52.291,52.644,51.116,51.116,51.704,51.351,50.999,51.351,51.351,50.999,50.764,50.764,49.941,
46.886,47.121,49.001,48.414,49.236,48.414,49.706,50.411,50.646,51.586,52.174,52.174,52.761,51.351,51.234,51.704,51.351,50.999,51.351,51.351,50.999,50.764,50.764,49.941,
46.769,47.239,49.119,48.649,49.471,48.766,50.411,50.411,50.646,50.999,51.586,51.704,52.291,50.764,51.234,51.704,51.351,50.999,51.351,51.351,50.999,50.764,50.764,49.941,
46.651,47.356,49.471,48.884,49.706,49.119,50.529,50.764,50.999,51.351,51.586,51.704,52.291,50.764,51.234,51.469,51.116,50.999,51.351,51.351,50.999,50.764,50.764,49.941,
46.533,47.591,49.589,48.884,49.824,49.236,51.116,51.351,51.116,51.704,51.704,51.704,52.291,51.234,51.704,51.586,51.234,51.116,51.469,51.469,51.116,50.881,50.881,50.059,
46.651,47.944,49.706,49.354,49.824,49.589,51.469,51.351,51.116,51.821,51.821,51.939,52.291,51.234,51.704,51.586,51.234,51.469,51.469,51.469,51.116,50.881,50.881,50.059,
47.239,48.061,49.706,49.471,49.941,49.706,51.586,51.704,51.234,52.056,51.821,51.939,52.291,51.351,51.704,51.586,51.234,51.469,51.469,51.469,51.116,50.881,50.881,50.059,
47.591,48.061,49.706,50.059,50.529,50.411,51.234,51.469,51.116,51.821,51.704,51.821,52.056,51.116,51.469,51.234,50.881,51.116,51.116,51.116,51.116,50.881,50.881,50.059,
47.474,48.414,49.589,50.529,50.411,50.294,51.116,51.351,50.999,51.586,51.586,51.939,52.174,51.116,51.469,51.234,50.881,51.116,51.116,51.116,51.116,50.881,50.881,50.059,
47.591,48.414,49.706,50.646,50.529,50.411,50.999,51.351,51.116,51.351,51.351,51.704,51.939,50.881,51.234,50.999,50.646,50.881,50.881,50.881,50.881,50.881,50.881,50.176,
47.121,48.531,49.706,50.999,50.881,50.646,50.881,51.234,50.999,51.234,50.999,51.351,51.586,50.529,50.881,50.646,50.294,50.529,50.529,50.529,50.529,50.529,50.529,49.824,
47.356,48.649,50.999,50.999,50.881,50.411,50.646,50.999,50.764,50.999,50.999,51.351,51.351,50.294,50.646,50.411,50.059,50.294,50.294,50.294,50.294,50.294,50.294,49.589,
48.414,49.471,50.881,51.234,50.764,50.411,50.646,50.999,51.116,51.351,51.116,51.351,51.351,50.294,50.646,50.411,50.059,50.294,50.294,50.294,50.294,50.294,50.294,49.589,
48.649,49.471,50.881,51.234,50.764,50.411,50.764,51.116,51.469,51.351,51.116,51.469,51.469,50.411,50.764,50.529,50.176,50.411,50.411,50.411,50.411,50.411,50.411,49.706,
49.001,49.589,50.881,50.881,50.529,50.059,50.411,50.764,51.116,50.764,50.764,50.999,50.999,49.941,50.294,50.059,49.706,49.941,49.941,49.941,49.941,49.941,49.941,49.471,
49.001,49.706,50.881,50.999,50.529,49.824,50.176,50.529,50.881,50.529,50.881,51.116,51.116,49.706,50.059,49.824,49.471,49.706,49.706,49.706,49.706,49.706,49.706,49.236,
48.766,49.824,50.176,50.411,50.646,50.411,50.646,50.646,50.999,50.646,50.999,51.234,51.234,49.824,50.176,49.941,49.471,49.706,49.706,49.706,49.706,49.706,49.706,49.119,
48.649,50.176,50.059,50.411,50.411,50.529,50.764,50.646,50.999,50.646,50.999,51.234,51.234,49.824,50.176,49.941,49.471,49.706,49.706,49.706,49.706,49.706,49.706,49.119,
49.354,50.411,50.059,51.351,50.999,50.764,50.999,50.881,51.234,50.881,51.234,51.469,51.469,50.059,50.411,50.059,49.589,49.824,49.824,49.824,49.824,49.824,49.824,49.236,
49.354,50.294,50.294,51.351,50.646,50.881,50.999,50.881,51.234,50.881,51.234,51.469,51.469,50.059,50.411,50.059,49.589,49.824,49.824,49.824,49.824,49.706,49.706,49.119,
48.649,49.824,50.176,50.999,50.646,50.881,50.999,50.881,51.234,50.881,51.234,51.469,51.469,50.059,50.411,50.059,49.589,49.824,49.824,49.824,49.824,49.706,49.706,49.119,
48.884,49.824,50.646,51.234,50.999,51.469,51.586,51.469,51.469,51.469,51.469,51.704,51.704,50.294,50.646,50.294,49.824,50.059,50.059,50.059,50.059,49.824,49.824,49.119,
49.119,49.824,50.999,51.469,51.234,51.469,51.586,51.469,51.469,51.469,51.469,51.704,51.704,50.294,50.646,50.294,49.824,50.059,50.059,50.059,50.059,49.824,49.824,49.706,
49.824,50.646,51.469,51.586,51.351,51.704,51.821,51.704,51.704,51.704,51.704,51.939,51.939,50.529,50.881,50.529,50.294,50.294,50.294,50.294,50.294,50.059,50.059,49.941,
50.059,50.881,51.704,51.586,51.351,51.704,51.821,51.704,51.704,51.704,51.704,51.939,51.939,50.529,50.881,50.529,50.294,50.294,50.294,50.294,50.294,49.941,49.941,49.824,
50.646,51.234,51.586,51.469,51.234,51.704,51.821,51.704,51.704,51.704,51.704,51.939,51.939,50.881,50.881,50.529,50.294,50.294,50.294,50.294,50.294,50.176,50.176,50.059,
51.116,51.704,51.821,51.821,51.586,51.939,52.056,51.939,51.939,51.939,51.939,51.939,51.939,50.881,50.881,50.529,50.294,50.294,50.294,50.294,50.294,50.176,50.176,50.059,
51.116,51.821,51.939,51.939,52.056,52.056,52.174,52.056,52.056,52.056,52.056,52.056,52.056,50.999,50.999,50.646,50.411,50.411,50.411,50.411,50.411,50.294,50.294,50.411,
51.586,51.939,51.939,51.939,51.939,51.939,52.056,52.056,52.056,52.056,52.056,52.056,52.056,50.999,50.999,50.646,50.411,50.411,50.411,50.411,50.411,50.294,50.294,50.411,
51.586,51.469,51.469,51.704,51.469,51.469,51.586,51.586,51.586,51.586,51.586,51.586,51.586,50.529,50.529,50.176,49.941,49.941,49.941,49.941,49.941,49.824,49.824,49.941,
51.469,51.704,51.704,51.586,51.704,51.821,51.939,51.821,51.821,51.821,51.821,51.821,51.586,50.529,50.529,50.176,49.941,49.941,49.941,49.941,49.941,49.824,49.824,49.941,
51.469,51.821,51.821,51.704,51.821,51.939,51.939,51.821,51.821,51.821,51.821,51.821,51.586,50.529,50.529,50.176,49.941,49.941,49.941,49.941,49.941,49.824,49.824,49.941,
51.586,51.821,51.704,51.704,51.821,51.939,51.939,51.821,51.821,51.821,51.821,51.821,51.586,50.529,50.529,50.176,49.941,49.941,49.941,49.941,49.941,49.824,49.824,49.941,
51.469,51.821,51.821,51.821,51.821,51.821,51.821,51.704,51.704,51.704,51.704,51.704,51.469,50.411,50.411,50.176,49.941,49.941,49.941,49.941,49.941,49.941,49.941,49.941,
51.469,51.821,51.821,51.821,51.821,51.821,51.821,51.704,51.704,51.704,51.704,51.704,51.469,50.411,50.411,50.176,49.941,49.941,49.941,49.941,49.941,49.941,49.941,49.941,
52.291,52.526,52.526,52.526,52.526,52.526,52.526,52.409,52.409,52.409,52.409,52.409,52.174,51.116,51.116,50.881,50.646,50.646,50.646,50.646,50.646,50.646,50.646,50.646,
52.291,52.526,52.526,52.526,52.526,52.526,52.526,52.409,52.409,52.409,52.409,52.409,52.174,51.116,51.116,50.881,50.646,50.646,50.646,50.646,50.646,50.646,50.646,50.646,
51.939,52.056,52.056,51.939,52.174,52.174,52.174,52.056,52.056,52.056,52.056,52.056,51.821,50.764,50.764,50.529,50.294,50.294,50.294,50.294,50.294,49.824,49.824,49.824,
50.881,50.999,50.999,50.999,51.116,51.116,51.116,50.999,50.999,50.999,50.999,50.999,50.764,49.706,49.706,49.471,49.354,49.354,49.354,49.354,49.354,49.354,49.354,49.354,
50.999,50.999,50.999,50.999,51.116,51.116,51.116,50.999,50.999,50.999,50.999,50.999,50.764,49.706,49.706,49.471,49.354,49.354,49.354,49.354,49.354,49.354,49.354,49.354,
49.119,49.119,49.119,49.119,49.119,49.119,49.119,49.119,49.119,49.119,49.119,49.119,48.884,47.826,47.709,47.709,47.591,47.591,47.591,47.591,47.591,47.591,47.591,47.591,

40.506,41.542,41.197,41.082,40.506,41.082,39.816,39.931,39.125,40.046,40.391,41.082,41.082,41.657,42.117,41.772,41.772,42.232,42.232,42.463,42.463,42.463,42.117,42.232,
40.736,41.542,41.082,41.082,40.852,41.312,39.931,40.276,39.241,40.161,40.736,41.082,41.082,41.657,42.232,41.887,41.887,42.232,42.232,42.463,42.463,42.463,42.117,42.232,
40.736,41.542,41.082,41.082,40.852,41.887,40.506,40.852,39.816,40.161,40.736,41.082,41.082,42.232,42.232,41.887,41.887,42.232,42.232,42.463,42.463,42.463,42.117,42.232,
40.736,41.427,41.197,41.197,40.852,42.117,40.852,41.082,39.701,40.276,41.312,41.657,41.657,42.348,42.232,41.887,41.887,42.232,42.232,42.463,42.463,42.463,42.117,42.232,
40.736,41.427,41.312,41.312,40.967,42.002,40.621,40.852,39.471,40.046,41.082,41.427,41.657,42.348,42.463,42.117,42.578,42.693,42.693,42.923,42.923,42.923,42.578,42.693,
40.736,41.887,41.542,41.542,41.082,42.232,40.967,41.197,39.701,40.391,41.312,41.657,41.887,42.578,42.693,42.693,43.268,43.038,42.923,42.923,42.923,42.923,42.578,42.693,
40.736,41.887,41.312,41.657,41.082,42.232,40.967,41.197,39.931,40.621,41.312,41.657,42.348,43.038,43.153,43.153,43.268,43.038,42.923,42.923,42.923,42.923,42.578,42.693,
40.736,41.887,41.312,41.542,40.852,42.348,41.197,41.312,40.391,41.082,41.657,41.887,42.578,43.038,43.153,43.153,43.268,43.038,42.923,42.923,42.923,42.923,42.578,42.693,
40.621,41.887,41.427,41.542,40.852,42.348,41.657,41.772,40.736,41.197,41.772,42.348,43.383,43.153,43.268,43.268,43.383,43.153,43.153,43.153,43.153,43.153,42.808,42.808,
40.391,41.887,41.542,41.657,40.967,42.348,41.542,41.772,40.736,41.542,41.657,42.348,43.268,42.923,43.268,43.383,43.498,43.383,43.383,43.383,43.383,43.383,43.038,43.038,
40.736,41.772,41.887,42.463,41.887,42.808,41.542,41.772,40.852,41.542,41.657,42.232,43.153,42.923,43.268,43.383,43.498,43.498,43.498,43.498,43.383,43.383,43.038,43.038,
40.736,41.657,41.542,42.002,41.887,42.923,42.117,42.232,41.312,41.772,42.002,42.232,42.578,42.348,42.693,42.808,42.923,42.923,42.923,42.923,42.808,42.808,42.463,42.463,
40.967,41.887,42.002,41.772,42.002,43.038,42.117,42.232,41.312,41.772,42.002,42.232,42.578,42.348,42.693,42.808,42.923,42.923,42.923,42.923,42.808,43.038,42.693,42.693,
40.161,41.542,42.002,42.117,42.002,43.038,42.117,42.232,41.312,41.772,42.232,42.232,42.578,42.348,42.693,42.808,42.923,42.923,42.923,42.923,42.923,43.038,42.693,42.693,
40.506,41.312,42.117,42.348,42.232,43.038,42.232,42.348,41.542,41.887,42.348,42.348,42.693,42.348,42.693,42.808,42.923,42.923,42.923,42.923,42.923,43.038,42.693,42.693,
40.621,41.772,42.808,42.348,42.232,43.038,42.232,42.348,41.657,42.002,42.348,42.348,42.693,42.348,42.693,42.808,42.923,42.923,42.923,42.923,42.923,43.038,42.693,42.693,
40.967,42.002,42.693,42.348,42.117,42.923,42.348,42.232,41.657,42.002,42.348,42.232,42.578,42.348,42.693,42.808,42.923,42.923,42.923,42.923,42.923,43.038,42.693,42.693,
41.542,42.002,42.693,42.348,42.232,43.038,42.463,42.348,41.772,42.348,42.578,42.348,42.578,42.348,42.693,42.808,42.923,42.923,42.923,42.923,42.923,43.038,42.693,42.693,
41.542,42.117,42.808,42.578,42.463,42.923,42.463,42.578,42.002,42.808,43.038,42.808,43.038,42.808,43.153,43.268,43.383,43.383,43.383,43.383,43.383,43.498,43.153,43.153,
41.657,42.578,42.923,42.578,42.463,42.808,42.693,42.578,42.002,42.808,42.693,42.463,43.038,42.808,43.153,43.268,43.383,43.383,43.383,43.383,43.383,43.498,43.153,43.153,
41.772,42.923,43.038,42.578,42.463,42.808,42.693,42.578,42.002,42.808,42.693,42.463,43.153,43.268,43.268,43.268,43.383,43.383,43.383,43.383,43.383,43.498,43.153,43.153,
42.808,43.038,43.268,42.808,42.578,42.693,43.038,42.923,42.348,42.117,42.002,41.772,42.578,42.808,42.808,42.808,42.923,42.923,42.923,42.923,42.923,43.038,42.693,42.693,
42.923,43.038,43.383,42.808,42.232,42.693,43.038,43.268,41.772,42.117,42.002,41.657,42.463,42.463,42.578,42.578,42.693,42.693,42.693,42.693,42.693,42.808,42.463,42.463,
43.038,43.153,42.693,42.693,42.002,42.463,42.923,43.383,41.887,42.002,42.117,41.772,42.578,42.578,42.578,42.578,42.693,42.693,42.693,42.693,42.693,42.808,42.463,42.463,
43.153,43.383,42.808,42.923,42.117,42.578,43.268,43.383,41.887,42.002,42.117,41.772,42.578,42.578,42.578,42.578,42.693,42.693,42.693,42.693,42.693,42.808,42.463,42.463,
43.038,43.728,43.268,43.153,42.348,42.808,43.613,43.383,41.887,42.232,42.117,41.772,42.578,42.578,42.578,42.578,42.693,42.693,42.693,42.693,42.693,42.808,42.463,42.463,
42.923,43.843,43.383,42.232,42.348,42.808,43.613,43.498,42.002,42.348,41.772,41.887,42.693,42.578,42.578,42.578,42.693,42.693,42.693,42.693,42.693,42.808,42.463,42.463,
42.578,43.498,43.153,42.232,42.348,42.808,43.613,43.613,41.887,42.348,42.232,42.348,43.038,43.038,43.038,43.038,43.153,43.153,43.153,43.153,43.153,43.268,42.923,42.923,
42.463,43.383,43.038,42.232,42.232,42.348,43.613,43.268,41.887,42.348,42.232,42.578,42.693,42.693,42.693,42.693,42.808,42.808,42.808,42.808,42.808,42.923,42.578,42.578,
42.348,43.268,42.923,42.693,42.808,42.923,44.419,43.613,41.887,42.348,42.232,42.463,42.693,42.693,42.693,42.693,42.693,42.693,42.693,42.693,42.693,42.808,42.463,42.463,
41.427,42.923,42.578,42.808,42.578,43.038,44.534,43.728,41.887,42.348,42.232,42.463,42.578,42.693,42.693,42.693,42.693,42.693,42.693,42.693,42.693,42.808,42.463,42.463,
41.772,43.498,42.463,43.153,42.808,43.268,44.534,43.728,41.887,42.232,42.348,42.578,42.578,42.693,42.693,42.693,42.693,42.693,42.693,42.693,42.693,42.808,42.463,42.463,
42.002,43.728,42.578,43.383,43.498,43.728,44.189,43.728,41.887,42.232,42.348,42.578,42.578,42.693,42.693,42.693,42.693,42.693,42.693,42.693,42.693,42.693,42.348,42.348,
42.578,43.959,42.693,43.728,43.843,44.074,44.189,43.728,41.542,41.887,42.002,42.232,42.232,42.348,42.348,42.348,42.348,42.348,42.348,42.348,42.348,42.348,42.002,42.002,
42.348,43.959,43.038,43.383,43.613,44.074,44.189,43.383,40.967,41.312,41.657,41.887,42.117,42.232,42.232,42.232,42.232,42.232,42.232,42.232,42.232,42.232,42.232,42.232,
42.463,43.959,43.038,43.383,43.613,43.843,43.843,43.268,40.967,41.197,41.657,41.887,42.117,42.232,42.232,42.232,42.232,42.232,42.232,42.232,42.232,42.232,42.232,42.232,
42.693,44.304,43.383,43.383,43.498,43.728,43.498,43.038,40.736,40.967,41.427,41.312,41.542,41.657,41.657,41.657,41.657,41.657,41.657,41.657,41.657,41.772,41.772,41.772,
43.268,44.534,43.728,43.728,42.808,43.038,42.808,42.002,40.621,40.621,41.082,41.427,41.542,41.657,41.657,41.657,41.657,41.657,41.657,41.657,41.657,41.772,41.772,41.772,
43.268,44.074,43.613,43.613,42.808,43.038,42.808,42.002,40.621,40.621,41.197,41.082,41.197,41.312,41.312,41.312,41.312,41.312,41.312,41.312,41.312,41.427,41.427,41.427,
43.268,44.074,43.153,43.383,42.578,43.038,43.153,42.463,40.967,40.967,41.082,41.082,41.312,41.427,41.427,41.427,41.427,41.427,41.427,41.427,41.427,41.542,41.542,41.542,
43.383,44.074,43.383,43.498,42.693,43.153,43.268,42.578,41.197,41.427,41.197,41.082,41.312,41.542,41.542,41.542,41.542,41.542,41.542,41.542,41.542,41.657,41.657,41.657,
42.923,43.383,43.153,43.268,42.578,43.153,43.268,42.463,41.312,41.542,41.427,41.312,41.427,41.657,41.657,41.657,41.657,41.657,41.657,41.657,41.657,41.772,41.772,41.772,
43.268,43.383,43.383,43.959,43.383,42.923,43.038,42.578,41.657,41.657,41.657,41.542,41.657,41.887,41.887,41.887,41.887,41.887,41.887,41.887,41.887,41.887,41.887,41.887,
43.498,43.959,44.419,44.304,42.923,42.232,42.463,41.887,41.887,42.232,42.232,42.002,42.117,42.348,42.348,42.348,42.348,42.348,42.348,42.348,42.348,42.348,42.348,42.348,
43.153,43.728,43.268,42.463,42.232,42.232,42.463,42.002,41.887,42.117,42.117,42.002,42.117,42.348,42.348,42.348,42.348,42.348,42.348,42.348,42.348,42.348,42.348,42.348,
42.117,42.348,42.463,42.117,42.117,42.117,42.348,42.002,41.887,42.117,42.117,42.002,42.117,42.348,42.348,42.348,42.348,42.348,42.348,42.348,42.348,42.348,42.348,42.348,
42.232,42.232,42.232,42.117,42.117,42.117,42.348,42.002,42.232,42.117,42.117,42.002,42.117,42.348,42.348,42.348,42.348,42.348,42.348,42.348,42.348,42.348,42.348,42.348,
41.772,41.772,41.772,42.002,42.002,42.002,42.232,41.772,41.772,41.772,41.772,41.772,41.772,42.002,42.002,42.002,42.002,42.002,42.002,42.002,42.002,42.002,42.002,42.002,
42.002,42.002,42.232,42.232,42.232,42.232,42.002,42.002,42.002,42.002,42.002,42.002,42.002,42.002,42.002,42.002,42.002,42.002,42.002,42.002,42.002,42.002,42.002,42.002,
42.348,42.348,42.348,42.348,42.348,42.348,42.348,42.348,42.348,42.348,42.348,42.348,42.348,42.348,42.348,42.348,42.348,42.348,42.348,42.348,42.348,42.348,42.348,42.348,

39.496,39.856,40.216,40.336,40.216,41.297,40.456,39.136,38.175,37.935,38.175,37.695,37.095,38.175,39.256,39.616,39.136,39.856,40.336,39.736,38.415,38.175,37.695,36.375,
39.496,39.736,40.096,40.216,40.096,41.176,40.456,39.016,37.935,37.815,38.055,37.575,36.975,38.055,39.136,39.496,39.016,39.736,40.216,39.616,38.295,38.055,37.695,36.375,
39.616,39.736,40.096,40.096,40.216,41.417,40.576,39.256,38.175,38.175,38.295,37.815,37.215,38.055,39.136,39.496,38.896,39.616,40.216,39.616,38.295,38.055,37.695,36.855,
39.616,39.736,40.096,39.976,40.216,41.657,40.816,39.496,38.415,38.415,38.535,38.055,37.455,38.055,39.136,39.496,38.896,39.616,40.216,39.616,38.175,37.935,37.695,36.855,
39.616,39.616,40.096,39.736,40.216,41.417,40.456,39.256,38.175,38.415,38.535,38.055,37.455,38.055,39.136,39.496,39.496,39.616,40.216,39.616,38.175,37.935,37.695,36.855,
39.616,39.496,40.216,39.736,40.336,41.537,40.696,39.376,38.415,38.655,38.776,38.295,37.695,38.415,39.496,39.856,39.856,39.856,40.456,39.976,38.295,37.935,37.695,36.855,
39.616,39.496,40.216,39.496,40.216,41.297,40.576,39.376,38.415,38.415,38.655,38.415,37.695,38.535,39.496,39.856,39.856,39.856,40.456,39.976,38.295,37.935,37.695,36.855,
39.616,39.856,40.456,39.496,40.336,41.417,40.456,39.376,38.535,38.535,38.776,38.535,37.695,38.415,39.376,39.736,39.856,39.856,40.456,39.976,38.295,37.935,37.695,36.855,
39.736,39.736,40.456,39.616,40.456,41.417,40.216,39.736,38.655,38.655,38.776,38.535,37.815,38.535,39.376,39.736,39.856,40.456,40.456,39.976,38.295,37.935,37.695,36.975,
39.736,39.616,40.456,39.376,40.336,41.297,40.216,39.616,38.896,38.535,38.776,38.535,37.935,38.655,39.376,39.496,39.616,40.216,40.216,39.736,38.295,37.935,37.695,36.735,
39.976,39.616,40.456,39.496,40.216,41.417,40.336,39.856,38.896,38.535,38.776,38.535,37.935,38.655,39.376,39.736,39.976,40.576,40.576,39.856,38.655,38.295,37.815,36.855,
39.736,39.616,40.336,39.376,39.976,41.056,40.096,39.616,38.535,38.295,38.535,38.535,38.415,38.655,39.376,39.736,39.976,40.576,40.576,39.856,38.655,38.295,37.815,36.855,
39.496,39.616,40.216,39.616,39.976,40.936,40.096,39.736,38.655,38.535,38.655,38.655,38.415,38.655,39.736,39.856,39.736,40.336,40.336,39.616,38.776,38.415,38.055,36.855,
39.256,39.256,40.096,39.496,39.856,40.816,39.976,39.616,38.896,38.535,38.655,38.776,38.535,38.776,39.736,39.856,39.976,40.336,40.336,39.616,38.655,38.415,37.935,36.975,
39.376,39.256,40.096,39.376,39.616,40.576,39.496,39.136,38.535,38.776,38.896,39.016,38.776,39.016,39.736,40.216,40.216,40.576,40.576,39.856,38.655,38.415,37.935,36.975,
39.376,39.856,40.336,39.496,39.256,40.096,39.136,39.256,38.655,38.776,38.896,39.016,38.776,39.016,39.736,40.216,40.216,40.576,40.576,39.856,38.655,38.415,37.935,36.975,
39.136,39.856,40.336,39.856,39.256,40.216,39.136,39.496,38.776,38.896,38.896,39.016,38.776,39.136,39.856,40.216,40.216,40.576,40.576,39.856,38.535,37.935,37.455,36.975,
39.136,39.976,39.976,39.736,39.256,40.456,39.856,39.496,38.776,38.896,38.896,39.016,38.776,39.136,39.856,40.336,40.336,40.696,40.576,39.856,38.415,37.935,37.335,36.855,
39.136,39.976,40.336,39.736,39.376,40.576,39.976,39.616,38.896,39.136,39.136,39.136,38.896,39.496,39.976,40.696,40.576,40.936,40.816,40.096,38.655,37.935,37.335,37.095,
39.016,40.096,40.456,39.856,39.376,40.696,39.736,39.856,39.136,39.256,39.256,39.256,38.896,39.496,39.976,40.696,40.576,40.816,40.696,39.736,38.535,38.175,37.695,37.215,
38.896,39.976,40.456,39.856,39.496,40.576,39.976,40.096,39.376,39.496,39.616,40.096,39.736,40.696,41.176,41.777,41.417,41.417,41.297,40.336,39.136,39.496,38.776,37.215,
39.016,39.856,40.096,39.496,39.376,40.576,39.976,40.576,39.856,39.856,39.856,39.856,39.496,40.456,40.936,41.537,41.176,41.176,41.056,40.096,38.896,39.496,38.776,37.215,
39.016,39.736,40.096,39.376,39.376,40.336,39.736,40.456,39.856,39.856,39.856,39.856,39.256,40.216,40.936,41.537,41.056,41.176,41.056,40.096,38.896,39.376,38.776,37.215,
39.016,39.616,39.856,39.256,39.376,40.216,39.976,40.456,39.856,40.096,40.096,40.336,39.736,40.216,41.176,41.537,41.056,41.176,41.056,40.096,38.896,39.376,38.776,37.215,
38.896,39.616,39.736,39.376,39.376,40.216,39.976,40.336,39.736,40.096,40.096,40.336,39.736,40.216,41.176,41.537,41.056,41.176,41.056,40.096,38.896,39.376,38.776,37.215,
38.896,39.736,39.736,39.616,39.376,40.456,39.736,40.576,39.616,39.496,39.616,39.856,39.496,39.616,40.576,40.936,40.336,40.456,40.336,39.496,38.535,39.016,38.415,36.855,
39.136,39.856,39.976,39.616,39.256,40.456,39.736,40.576,39.856,39.736,39.616,39.856,39.496,39.616,40.576,41.056,40.456,40.576,40.456,39.616,38.655,39.016,38.415,36.855,
38.655,39.736,39.856,39.616,39.136,40.216,39.496,40.576,39.496,39.496,39.376,39.496,39.256,39.376,40.096,40.576,40.216,40.336,40.216,39.376,38.415,38.776,38.175,36.375,
39.136,39.616,39.736,39.376,39.016,39.856,39.736,40.576,39.616,39.496,39.616,39.616,39.376,39.496,40.216,40.576,40.216,40.336,40.216,39.376,38.415,38.776,38.415,36.615,
39.016,39.856,39.976,39.856,39.256,40.456,40.216,40.816,39.976,39.736,39.856,39.856,39.616,39.736,40.456,40.576,39.616,39.736,39.616,38.776,37.815,38.175,37.815,36.615,
39.256,40.216,40.576,40.576,39.616,40.336,39.376,39.976,39.496,39.736,39.856,39.856,39.616,39.736,40.456,40.576,39.736,39.856,39.736,38.896,37.935,38.295,37.935,36.735,
39.376,40.096,40.456,40.456,39.016,39.496,39.616,39.976,39.736,39.136,39.256,39.256,39.016,39.016,39.736,39.856,39.856,39.976,39.976,39.136,38.175,38.535,38.175,36.975,
39.496,40.576,41.056,40.336,39.256,39.616,39.376,39.496,39.496,39.256,39.256,39.256,39.136,39.016,39.616,39.736,39.736,39.856,39.856,39.016,38.055,38.415,38.055,36.855,
39.736,39.256,40.456,39.736,38.535,39.376,39.136,39.256,39.256,39.016,39.496,39.496,39.376,39.496,39.856,39.976,39.976,40.096,40.096,39.256,38.295,38.415,38.055,36.855,
40.456,39.376,39.256,39.016,37.575,38.776,38.896,38.655,38.655,38.896,39.616,39.616,39.496,39.616,39.976,39.736,39.736,39.856,39.856,39.016,38.055,38.415,38.055,37.215,
38.655,38.055,37.935,38.776,37.935,38.776,39.016,38.776,38.776,39.016,39.616,39.616,39.496,39.616,39.976,40.096,40.096,40.216,40.216,39.736,38.776,38.776,38.415,37.215,
38.055,38.175,37.815,39.016,38.295,38.776,39.016,39.016,39.016,39.016,39.616,39.616,39.496,39.616,39.976,40.096,40.096,40.216,40.216,39.736,38.776,38.776,38.415,37.455,
38.055,37.575,37.695,38.415,38.295,38.776,39.016,39.016,39.016,39.016,39.616,39.616,39.496,39.616,39.976,40.096,40.096,40.216,40.096,39.616,38.655,38.655,38.295,37.335,
38.415,38.535,38.415,38.896,38.896,39.256,39.256,39.136,39.136,39.136,39.736,39.736,39.616,39.736,39.976,40.096,40.096,40.216,40.096,39.616,38.655,38.655,38.295,37.575,
39.016,38.655,38.776,39.136,39.136,39.496,39.496,39.376,39.376,39.376,39.736,39.736,39.616,39.736,39.976,40.096,40.096,40.216,40.096,39.616,38.655,38.655,38.295,37.815,
38.896,38.535,38.655,38.896,38.896,39.136,39.136,39.136,39.136,39.136,39.496,39.736,39.616,39.496,39.736,39.856,39.856,39.856,39.856,39.496,38.535,38.535,38.175,37.695,
38.776,38.295,38.896,38.896,38.896,39.136,39.136,39.376,39.376,39.376,39.736,39.736,39.616,39.736,39.736,39.856,39.856,39.856,39.856,39.496,38.535,38.535,38.175,37.695,
38.896,38.535,39.136,39.256,39.256,39.496,40.096,39.616,39.616,39.616,39.616,39.616,39.616,39.736,39.736,39.736,39.736,39.736,39.736,39.856,37.935,37.935,37.575,36.495,
39.496,39.376,39.736,39.856,39.856,39.736,39.616,39.616,39.616,39.616,39.616,39.616,39.616,39.736,39.736,39.736,39.736,39.736,39.736,39.856,37.935,37.935,37.575,36.495,
39.616,39.496,39.736,39.856,39.856,40.216,40.096,40.096,40.096,40.096,40.096,40.096,40.096,40.216,40.216,40.216,40.216,40.216,40.216,40.336,38.415,38.415,38.055,36.975,
38.655,38.415,38.655,38.896,38.896,39.256,39.136,39.136,39.136,39.136,39.136,39.136,39.136,39.136,39.136,39.136,39.136,39.136,39.136,39.136,38.415,38.415,38.055,36.735,
39.256,37.815,37.935,37.935,37.935,38.295,38.175,38.175,38.175,38.175,38.175,38.175,38.175,38.175,38.175,38.175,38.175,38.175,38.175,38.175,37.455,37.455,37.095,35.534,
37.335,37.095,37.455,37.455,37.455,37.575,37.455,37.455,37.455,37.455,37.455,37.455,37.455,37.455,37.455,37.455,37.455,37.455,37.455,37.455,37.455,37.455,37.095,35.774,
35.894,35.654,35.054,35.054,35.054,35.174,35.174,35.174,35.174,35.174,35.174,35.174,35.174,35.174,35.174,35.174,35.174,35.174,35.174,35.174,35.174,35.174,34.814,34.694,
35.174,35.054,34.934,34.934,34.934,35.054,35.054,35.054,35.054,35.054,35.054,35.054,35.054,35.054,35.054,35.054,35.054,35.054,35.054,35.054,35.054,35.054,34.694,34.694,

44.741,46.519,48.148,46.815,45.778,45.481,46.667,48.0,48.296,47.259,47.407,48.593,48.148,48.148,48.296,47.704,47.704,47.852,47.556,48.593,48.889,48.593,48.593,48.593,
45.185,46.815,48.296,46.963,45.926,45.63,46.963,48.296,48.444,47.259,47.556,48.593,48.148,48.148,48.296,47.704,47.704,47.852,47.556,48.593,48.889,48.593,48.593,48.593,
45.63,47.259,48.444,47.259,46.519,45.926,47.111,48.444,48.444,47.407,47.556,48.593,48.148,48.0,48.148,47.556,47.704,47.852,47.556,48.593,48.889,48.593,48.593,48.593,
45.926,47.407,48.593,47.407,46.667,46.074,47.259,48.593,48.593,47.556,47.556,48.593,48.148,48.0,48.148,47.556,47.852,47.852,47.556,48.593,48.889,48.444,48.444,48.593,
45.926,47.556,48.741,47.556,46.815,46.074,47.259,48.593,48.593,47.556,47.556,48.593,48.148,48.0,48.148,47.556,47.852,47.852,47.556,48.593,48.889,48.444,48.444,48.593,
46.519,47.556,48.889,47.407,46.963,46.222,47.407,49.037,48.889,47.556,47.556,48.593,48.148,48.0,48.148,47.556,48.0,48.0,47.704,48.593,48.889,48.444,48.444,48.593,
46.37,47.852,48.593,47.259,46.963,46.37,47.259,48.889,48.741,47.407,47.556,48.593,48.148,48.296,48.444,47.852,48.0,48.0,47.704,48.593,48.889,48.444,48.444,48.593,
46.222,47.852,48.444,47.259,47.111,46.37,47.407,49.63,49.185,47.407,47.556,48.593,48.148,48.296,48.444,47.852,48.0,48.0,47.704,48.593,48.889,48.444,48.444,48.593,
46.222,47.704,48.444,47.407,47.111,46.37,47.407,49.63,49.185,47.407,47.407,48.593,48.148,48.296,48.444,47.852,48.0,48.0,47.704,48.593,48.889,48.444,48.444,48.593,
46.222,48.593,49.333,48.444,48.0,47.407,48.444,49.481,49.037,47.259,47.259,48.444,48.0,48.148,48.296,47.704,47.852,47.852,47.556,48.444,48.889,48.444,48.444,48.593,
46.667,48.889,48.741,48.593,47.852,47.259,48.444,49.481,49.037,47.259,47.111,48.444,48.0,48.148,48.296,47.704,47.852,47.852,47.556,48.444,48.889,48.444,48.444,48.593,
47.111,48.889,48.889,48.593,47.852,47.259,48.593,49.481,49.037,47.259,47.111,48.444,48.0,48.148,48.148,47.556,47.852,47.852,47.556,48.444,48.889,48.444,48.444,48.593,
46.963,48.741,49.185,48.593,48.0,47.556,48.889,49.778,49.037,47.259,47.111,48.444,48.0,48.148,48.148,47.556,47.852,47.852,47.556,48.444,48.889,48.444,48.444,48.593,
48.0,48.741,48.889,48.593,48.0,47.852,49.185,49.778,49.037,47.259,47.111,48.444,48.0,48.148,48.148,47.556,47.852,47.852,47.704,48.444,48.889,48.444,48.444,48.593,
48.0,48.593,48.741,48.889,48.148,48.148,49.185,49.778,49.037,46.963,46.963,48.444,47.704,47.704,47.704,47.556,47.852,47.852,47.704,48.444,48.889,48.444,48.444,48.593,
48.148,48.593,49.037,49.037,48.296,48.296,49.185,49.778,49.037,46.963,46.963,48.444,47.704,47.704,47.704,47.556,47.852,47.852,47.704,48.444,48.889,49.037,49.185,49.333,
48.148,48.593,48.741,49.037,48.296,48.296,49.481,50.074,49.333,47.407,47.407,48.741,48.148,48.148,48.148,48.0,48.0,48.0,47.852,48.593,48.889,49.037,49.185,49.333,
48.741,49.185,49.185,49.333,48.741,48.889,49.63,50.222,49.037,47.407,47.407,48.741,48.148,48.148,48.148,48.0,48.0,48.0,47.852,48.593,48.889,49.037,49.185,49.333,
48.741,49.481,49.333,49.333,48.889,48.741,49.63,50.222,48.889,47.259,47.259,48.593,48.0,47.852,48.296,48.0,48.0,48.0,47.556,48.296,48.593,49.037,49.185,49.333,
48.296,49.037,49.333,49.481,48.593,48.296,49.481,49.926,48.741,47.259,47.259,48.593,48.0,47.852,48.296,48.0,48.0,48.0,47.556,48.296,48.593,49.037,49.185,49.333,
47.704,48.593,48.889,49.037,48.741,48.148,49.333,49.778,48.741,47.259,47.259,48.593,48.0,47.852,48.296,48.0,48.0,48.0,47.556,48.296,48.593,49.037,49.185,49.333,
48.0,49.037,49.333,49.185,48.889,48.0,49.333,49.778,48.741,47.111,47.259,48.296,48.0,47.852,48.296,48.148,48.148,48.148,47.704,48.444,48.741,49.037,49.185,49.333,
47.704,48.741,49.185,48.889,48.889,48.0,49.333,49.778,48.741,47.111,47.111,48.148,47.852,47.704,48.148,48.148,48.148,48.148,47.704,48.444,48.889,49.185,49.333,49.333,
47.704,49.037,49.185,48.889,48.889,48.0,49.333,49.778,49.185,47.556,47.556,48.444,48.148,48.0,48.593,48.593,48.593,48.593,48.148,48.444,48.889,49.185,49.333,49.333,
48.148,48.889,49.185,48.889,48.889,48.0,49.333,49.778,49.185,47.556,47.556,48.444,48.148,48.0,48.593,48.593,48.593,48.593,48.148,48.444,49.185,49.481,49.63,49.63,
48.444,49.037,49.185,48.889,48.889,48.0,49.333,49.778,49.185,47.556,47.556,48.444,48.148,48.0,48.593,48.889,48.889,48.889,48.148,48.444,49.185,49.481,49.63,49.63,
48.741,48.889,48.889,48.889,48.741,48.0,49.333,49.778,49.185,47.556,47.556,48.444,48.148,48.0,48.593,48.889,48.889,48.889,48.148,48.444,49.185,49.481,49.63,49.63,
48.741,49.037,48.889,49.037,48.741,48.0,49.037,49.778,49.185,47.556,47.556,48.444,48.148,48.0,48.593,48.889,48.889,48.889,48.148,48.593,49.333,49.63,49.63,49.63,
48.889,49.185,49.037,49.185,48.741,48.0,48.889,49.778,49.481,47.852,47.852,48.889,48.593,48.444,49.037,49.333,49.333,49.333,48.593,48.741,49.333,49.63,49.63,49.63,
48.889,49.333,49.481,49.185,48.444,48.0,49.185,50.074,49.481,47.852,47.852,48.889,48.593,48.444,49.037,49.333,49.333,49.333,48.593,48.741,49.333,49.63,49.63,49.63,
48.444,49.333,49.778,49.481,48.889,48.0,49.185,50.074,49.481,47.852,47.852,48.889,48.593,48.444,49.333,49.333,49.333,49.333,48.593,48.741,49.333,49.63,49.63,49.63,
48.148,49.185,49.481,49.63,49.333,48.593,50.222,50.667,50.222,48.444,48.444,48.889,48.593,48.444,49.333,49.333,49.333,49.333,48.741,48.741,49.333,49.63,49.63,49.63,
48.593,49.481,49.63,49.778,49.481,48.741,50.222,50.667,50.222,48.444,48.444,48.889,48.593,48.444,49.333,49.333,49.333,49.333,48.741,48.741,49.333,49.63,49.63,49.63,
48.0,49.185,48.593,49.037,49.037,47.852,48.889,49.333,48.889,48.0,48.148,48.444,48.296,48.593,48.444,48.444,48.444,48.444,47.852,47.852,48.444,48.593,48.593,48.593,
48.0,49.333,48.593,48.889,49.333,48.0,48.741,49.185,48.741,47.852,48.0,48.296,48.148,48.444,48.296,48.296,48.296,48.296,47.704,47.704,48.296,48.296,48.296,48.296,
48.148,49.333,49.037,49.778,49.481,49.037,48.741,49.185,48.741,48.0,47.704,48.148,47.852,48.148,47.704,47.704,47.704,47.704,47.704,47.704,47.704,47.704,47.704,47.704,
48.444,49.037,48.741,49.333,49.481,48.444,48.148,48.593,48.444,47.407,48.0,48.148,47.852,47.111,46.667,46.667,46.667,46.667,46.667,46.667,46.667,46.667,46.667,46.667,
48.889,49.333,49.037,49.481,49.037,48.148,47.852,48.296,48.148,47.259,47.259,47.407,47.111,46.37,46.519,46.519,46.519,46.519,46.519,46.519,46.667,46.667,46.667,46.667,
49.185,49.185,48.889,49.333,48.741,47.704,47.407,47.852,47.704,47.556,47.407,47.704,47.111,46.37,46.222,45.926,45.926,45.926,45.926,45.926,46.074,46.074,46.074,46.074,
49.481,49.63,49.185,49.63,48.741,47.556,47.556,48.0,47.704,46.815,46.667,47.259,47.259,46.519,46.37,46.074,46.074,46.074,46.074,46.074,46.222,46.222,46.222,46.222,
48.889,49.63,48.593,49.037,48.148,47.556,47.556,48.0,47.704,46.815,46.667,46.074,46.074,46.222,46.074,46.074,46.074,46.074,46.074,46.074,46.222,46.222,46.222,46.222,
48.593,49.63,48.296,48.889,47.704,47.111,47.111,47.556,47.259,46.37,46.222,46.074,46.074,46.222,46.074,46.074,46.074,46.074,46.074,46.074,45.481,45.481,45.481,45.481,
48.593,48.741,48.296,48.889,47.704,47.111,47.111,47.556,47.259,46.37,46.222,45.63,45.63,45.926,45.778,45.778,45.778,45.778,45.778,45.778,45.481,45.481,45.481,45.481,
47.111,47.704,47.111,47.852,47.111,47.111,47.259,47.556,47.259,46.519,46.37,45.778,45.778,46.074,45.926,45.926,45.926,45.926,45.926,45.926,45.63,45.63,45.63,45.63,
46.963,46.963,46.963,47.259,46.815,46.667,46.667,46.963,46.519,45.481,45.333,44.889,44.889,45.185,45.185,45.185,45.185,45.185,45.185,45.185,44.889,44.889,44.889,44.889,
47.407,47.407,47.407,47.704,47.259,46.815,46.815,47.111,46.667,45.63,45.481,45.481,45.481,45.778,45.778,45.778,45.778,45.778,45.778,45.778,45.778,45.778,45.778,45.778,
46.963,46.963,46.963,47.407,46.963,46.963,46.963,47.259,46.815,45.926,45.778,45.778,45.778,45.778,45.778,45.778,45.778,45.778,45.63,45.63,45.778,45.778,45.778,45.778,
47.407,47.407,47.407,47.704,47.259,47.259,47.259,47.556,47.111,46.222,46.074,46.074,46.074,46.074,46.074,46.074,46.074,46.074,45.926,45.926,46.074,46.074,46.074,46.074,
47.111,47.111,47.111,47.556,47.259,47.259,47.259,47.556,47.111,46.222,46.074,46.074,46.074,46.074,46.074,46.074,46.074,46.074,45.926,45.926,46.074,46.074,46.074,46.074,
47.259,47.259,47.259,47.556,47.259,47.259,47.259,47.556,47.111,46.222,46.074,46.074,46.074,46.074,46.074,46.074,46.074,46.074,46.074,46.074,46.074,46.074,46.074,46.074,

