36.505,36.037,35.257,35.569,35.725,35.257,34.945,34.633,35.881,36.193,35.881,35.725,36.505,37.285,36.973,36.505,36.037,34.789,35.413,36.661,35.257,34.633,34.477,35.413,
36.349,36.193,35.257,35.569,35.725,35.257,34.945,34.633,35.881,36.193,35.881,35.725,36.505,37.285,36.973,36.505,36.037,34.789,35.569,36.817,35.257,34.633,34.477,35.413,
36.349,36.193,35.257,35.569,35.725,35.257,34.945,34.633,35.881,36.193,35.881,35.725,36.505,37.285,36.973,36.505,36.037,34.789,35.569,37.598,35.257,34.633,34.477,35.413,
36.349,36.193,35.257,35.569,35.725,34.945,34.633,34.477,36.037,36.193,35.881,36.661,37.441,37.285,36.973,36.505,36.037,34.789,35.569,37.598,35.257,34.633,34.477,35.413,
36.193,36.193,34.945,34.945,35.725,34.945,34.633,34.477,36.037,36.193,35.881,36.661,37.441,37.285,36.973,36.505,36.037,34.789,35.569,37.598,35.257,34.633,34.477,35.413,
36.193,35.881,35.101,34.789,36.037,35.413,35.101,34.789,36.349,36.505,35.881,36.349,37.129,36.973,36.661,36.193,35.725,34.477,36.505,37.754,35.413,34.633,34.477,35.101,
36.193,35.881,34.945,35.101,35.881,35.101,34.633,34.633,36.193,36.349,35.881,36.349,37.285,37.129,36.661,36.193,35.881,34.633,36.661,37.754,35.413,34.633,34.477,35.101,
36.193,35.725,35.257,35.101,35.725,34.945,34.477,34.633,36.193,36.349,35.569,36.349,37.285,37.129,36.661,36.193,35.881,34.633,36.661,37.754,35.725,34.945,34.789,35.413,
36.505,35.725,35.725,35.569,35.881,34.165,34.165,34.633,36.193,36.349,35.569,36.349,37.285,37.129,36.661,36.193,35.881,34.633,36.661,37.754,35.725,34.945,34.789,35.413,
36.505,35.725,35.725,35.725,35.881,34.165,34.321,34.789,36.193,36.349,35.569,36.349,37.285,37.129,36.661,36.037,35.725,34.633,36.661,37.754,35.725,34.789,34.789,35.413,
36.193,35.725,35.725,35.881,35.881,34.321,34.633,34.789,35.569,36.349,35.257,35.881,36.817,36.661,36.193,35.569,35.257,34.165,36.193,37.285,35.257,34.321,34.789,35.413,
36.505,36.037,36.349,35.725,35.413,34.009,34.477,34.789,35.569,36.349,35.257,35.725,36.817,36.661,36.193,35.569,35.257,34.165,36.193,37.285,35.257,34.321,34.789,35.413,
36.661,35.257,36.037,35.725,35.257,33.853,34.321,34.789,35.569,36.349,35.257,36.349,36.817,36.661,36.193,35.569,35.257,34.165,36.193,37.129,35.101,34.165,34.633,35.257,
36.505,34.945,36.037,35.569,35.569,33.853,34.321,34.789,36.193,36.037,35.101,36.193,36.817,36.661,36.193,35.569,35.257,34.165,36.193,37.129,35.101,34.165,34.633,35.257,
36.037,35.569,36.505,36.349,36.037,34.633,35.101,35.569,36.817,36.505,35.257,36.661,37.285,37.441,36.973,35.569,35.257,34.165,36.193,37.129,35.101,34.165,34.633,35.257,
36.349,35.881,36.817,36.349,36.661,34.789,35.257,35.725,36.817,36.505,35.569,36.973,37.598,37.754,37.754,36.349,36.037,34.945,36.973,37.598,35.569,34.165,34.789,35.257,
36.349,36.037,36.973,35.881,36.973,34.477,35.101,35.881,37.129,36.817,35.881,37.129,37.754,37.598,37.598,36.193,35.725,35.101,36.661,37.754,36.037,34.633,35.569,35.725,
36.037,36.037,36.973,36.193,36.973,34.633,35.257,36.037,37.285,36.817,35.881,36.973,37.129,37.598,37.598,36.193,35.881,35.257,36.193,37.285,35.569,35.101,35.725,36.037,
35.881,36.349,36.973,36.193,36.973,35.257,35.725,36.505,37.598,37.129,35.881,36.973,37.441,36.973,36.973,36.193,36.193,35.569,36.349,37.441,35.725,35.101,35.569,35.881,
35.101,35.569,36.193,36.505,37.754,35.881,36.349,37.129,37.754,37.754,36.505,37.598,36.817,36.349,36.349,35.569,35.413,34.789,35.569,36.661,34.945,34.321,34.477,35.101,
35.257,34.945,35.881,36.661,37.441,35.881,36.661,36.973,37.441,37.285,36.037,36.973,36.349,36.349,36.349,35.413,35.569,34.633,35.257,36.349,34.633,34.009,34.165,34.789,
35.569,35.569,36.349,37.129,37.441,36.193,36.505,36.817,37.285,37.285,36.037,36.973,36.193,36.505,36.505,35.569,35.725,34.789,35.569,36.661,34.789,34.165,34.321,34.945,
35.569,35.725,36.349,36.661,36.973,36.349,36.505,37.285,37.754,37.285,36.037,37.129,36.193,36.505,36.661,35.881,36.037,35.101,35.725,36.817,34.945,34.321,34.321,34.945,
35.569,36.349,36.505,36.349,36.193,35.725,35.725,36.661,37.129,36.817,36.037,37.441,36.661,36.973,37.129,36.037,36.193,35.101,35.725,36.505,34.633,34.009,34.009,34.321,
36.037,36.037,36.661,36.505,36.349,35.725,35.725,36.349,37.754,37.91,37.129,38.066,36.661,36.973,37.129,36.037,36.349,35.101,35.881,36.505,34.633,34.009,34.009,34.321,
36.037,35.881,37.285,36.973,36.817,35.881,35.725,36.349,37.598,37.754,36.973,37.91,36.349,36.661,36.817,35.725,35.881,35.101,36.037,36.817,34.945,34.321,34.321,34.477,
35.413,36.193,37.129,36.973,36.973,36.193,36.037,35.881,37.129,37.441,36.661,37.598,36.349,36.661,36.817,35.725,35.881,35.725,36.037,36.817,34.945,34.477,34.321,34.477,
36.817,36.973,37.129,37.129,37.129,36.505,36.193,36.037,36.817,37.129,36.349,37.598,36.193,36.505,36.661,35.569,35.725,35.725,36.037,36.817,34.945,35.413,35.257,35.413,
36.973,36.973,37.285,37.285,37.754,36.505,36.193,36.193,36.973,37.285,36.505,37.754,36.349,36.661,36.817,35.725,35.881,36.037,36.349,36.973,35.413,35.881,35.725,35.569,
36.817,36.349,36.973,37.285,37.285,35.881,36.193,36.349,36.349,36.661,35.881,37.129,36.349,36.661,36.817,35.725,35.881,36.037,36.349,36.973,35.413,35.881,35.725,35.569,
37.129,37.129,36.973,37.441,37.441,36.193,36.193,36.505,36.505,36.661,35.881,37.129,36.817,37.129,37.285,36.193,36.349,36.505,36.817,37.441,35.881,36.349,35.725,35.569,
37.598,37.598,37.129,37.441,37.441,36.505,36.505,36.349,36.661,36.817,36.037,36.505,36.817,37.285,37.441,36.349,36.349,36.505,36.817,37.441,35.881,35.413,34.789,34.633,
38.066,37.598,37.129,37.129,37.129,36.193,36.505,36.349,36.505,36.661,35.881,36.349,36.661,37.285,37.441,36.505,36.505,36.505,36.817,37.441,35.257,34.789,34.165,34.009,
38.066,37.598,36.973,37.598,37.598,36.349,36.661,36.505,36.661,36.973,36.193,36.661,36.973,37.285,37.441,36.505,36.505,35.725,36.037,36.349,35.569,35.101,34.477,33.697,
38.534,37.129,36.661,37.598,38.066,37.285,37.754,37.598,37.754,38.066,36.973,36.973,36.973,37.285,37.441,36.505,36.661,35.881,36.349,36.661,35.569,35.101,34.477,33.697,
38.378,36.973,36.661,37.441,37.754,37.129,37.441,37.285,37.441,37.91,36.817,36.973,36.973,37.285,37.441,36.505,36.661,35.881,36.349,36.661,36.973,36.661,36.037,36.037,
38.066,36.193,37.285,37.598,37.598,37.285,37.129,36.973,37.441,37.91,36.973,37.285,37.129,37.91,38.066,37.129,37.285,36.505,36.505,36.973,36.973,36.661,36.037,36.037,
38.69,36.349,37.129,37.285,37.598,37.129,37.129,36.973,37.441,37.91,36.973,37.285,37.129,37.91,38.066,37.129,37.285,36.505,36.349,36.817,36.817,36.505,35.881,35.881,
38.066,36.505,37.285,37.285,37.598,37.129,36.817,36.661,37.441,38.846,37.91,38.222,37.91,37.91,37.441,36.505,36.661,35.881,35.725,36.193,36.193,35.881,35.257,35.257,
37.129,36.505,37.285,37.441,37.754,37.129,36.817,36.349,37.129,38.534,37.598,38.222,37.91,37.91,37.441,36.661,36.817,36.037,35.881,36.349,36.349,36.037,35.413,35.413,
37.441,36.505,37.441,37.441,37.598,36.973,36.661,36.349,37.129,38.69,37.754,38.222,37.91,37.91,37.441,36.661,36.817,36.037,35.881,36.349,36.349,36.037,35.413,35.413,
37.91,36.505,37.285,37.441,37.598,37.129,37.285,36.973,37.285,38.69,37.754,38.222,37.91,37.91,37.441,36.661,36.817,35.881,35.881,36.349,36.349,36.037,35.413,35.413,
38.066,36.817,37.598,37.598,37.754,37.285,38.222,37.129,37.441,38.222,37.285,37.129,37.285,37.285,36.817,36.193,36.193,35.725,35.725,36.193,36.193,35.881,35.257,35.413,
37.598,36.973,37.598,37.598,37.754,37.285,38.222,38.066,38.378,38.222,37.754,36.973,37.129,37.129,36.661,36.037,36.037,35.569,35.569,36.037,36.193,35.881,35.569,35.725,
36.661,36.817,37.129,37.129,37.129,37.91,37.91,38.534,38.846,38.69,36.661,36.349,36.349,36.349,35.881,35.257,35.257,34.789,34.789,35.257,35.413,35.101,34.789,34.945,
36.817,35.881,35.413,35.413,35.413,35.725,36.193,36.349,36.661,36.505,36.193,35.881,35.881,35.881,35.881,35.257,35.257,34.789,34.789,34.789,34.945,34.633,34.789,34.945,
35.257,35.881,36.037,36.037,36.037,36.037,36.505,36.661,36.661,36.505,36.193,36.037,36.037,36.037,36.037,35.413,35.413,34.945,34.945,34.945,35.101,34.789,34.789,34.945,
36.037,36.037,36.037,36.037,36.037,36.037,36.037,36.193,36.193,36.037,35.725,35.569,35.725,35.725,35.569,34.789,34.789,34.321,34.321,34.321,34.477,34.165,34.165,34.321,
35.413,35.413,35.257,35.413,35.413,35.413,35.413,35.569,35.725,35.881,35.569,35.257,35.257,35.257,35.101,34.477,34.477,34.477,34.477,34.477,34.633,34.321,34.321,34.477,
35.881,35.881,35.881,35.881,35.881,35.881,35.881,35.881,35.881,35.881,35.413,35.413,35.413,35.413,35.413,35.413,35.413,35.413,35.413,35.413,35.569,35.257,35.257,35.257,

37.914,38.411,38.576,38.907,40.728,40.232,42.219,44.04,43.377,42.384,42.881,42.715,41.722,42.55,43.543,43.709,44.371,44.205,45.695,45.53,44.536,44.04,44.868,44.868,
38.245,38.576,38.576,39.073,40.728,40.232,42.219,44.04,43.377,42.384,42.881,42.715,41.722,42.55,43.543,43.709,44.371,44.205,45.695,45.53,44.536,43.874,44.702,44.868,
38.245,38.907,38.576,38.907,40.232,40.066,42.219,44.04,43.377,42.384,42.881,42.715,41.722,42.55,43.543,43.709,44.205,44.205,45.695,45.53,44.536,43.874,44.702,44.868,
38.411,38.907,38.576,39.073,40.232,40.232,42.384,44.205,43.543,43.377,43.874,43.543,42.55,43.377,44.371,44.702,45.199,45.199,45.695,45.364,44.371,43.709,44.536,44.702,
38.079,38.907,38.576,38.907,40.232,40.232,42.384,44.205,43.543,43.377,43.874,43.543,42.55,43.377,44.371,44.702,45.199,45.199,45.695,45.364,44.371,43.709,44.536,44.702,
38.079,38.907,38.576,38.907,40.397,40.232,42.384,44.536,43.874,43.377,43.874,43.543,42.55,43.377,44.536,44.702,45.199,45.199,45.695,45.364,44.371,43.709,44.205,44.371,
38.079,38.742,38.576,38.576,40.563,39.735,41.887,44.536,43.377,43.046,43.377,43.046,42.053,42.881,44.04,44.702,45.199,45.199,45.695,45.364,44.536,43.874,44.371,44.371,
38.245,38.742,38.576,38.576,40.563,40.066,42.55,44.371,42.715,42.881,43.046,42.881,41.887,42.715,43.874,44.371,45.033,45.033,45.53,45.199,44.536,43.874,44.371,44.371,
37.914,38.411,38.245,38.411,41.06,40.232,42.715,44.371,42.881,43.046,43.046,43.046,42.053,42.881,43.874,43.874,44.536,44.536,45.033,44.702,43.709,43.212,44.205,44.371,
38.245,38.245,37.914,38.907,41.225,40.728,43.874,44.371,42.881,42.881,42.881,42.881,42.219,42.715,43.709,43.874,44.536,44.536,45.695,45.364,44.205,43.709,45.033,46.026,
37.748,38.576,38.411,39.238,41.225,41.722,43.874,44.205,42.881,42.881,42.881,42.55,43.543,42.384,43.709,43.874,45.033,44.868,46.026,45.695,44.536,44.371,45.695,47.185,
38.079,39.073,38.742,39.404,41.391,41.722,43.874,44.04,42.715,43.046,43.046,42.715,43.709,43.046,44.371,43.709,45.364,45.033,46.192,45.861,44.702,44.371,45.695,47.185,
38.079,39.238,39.073,39.404,42.384,41.722,43.709,44.205,42.881,43.543,43.543,43.874,44.371,43.543,45.033,44.536,45.695,44.702,45.861,46.689,47.02,46.523,46.854,47.517,
37.748,39.404,40.397,39.404,42.881,42.384,43.709,44.702,43.377,44.04,44.868,44.702,44.536,44.205,45.033,44.868,45.695,45.199,46.358,47.185,47.02,46.523,46.854,47.517,
37.583,39.404,40.563,40.397,43.212,42.881,44.04,44.868,43.377,44.371,44.868,44.868,44.536,44.536,45.695,45.364,46.358,46.192,46.689,47.517,47.517,47.02,47.02,47.682,
37.748,39.404,40.563,40.563,43.377,42.881,44.04,44.868,43.377,44.04,44.371,44.702,44.868,45.861,45.861,45.53,46.192,46.358,46.523,47.351,47.351,47.02,47.02,47.682,
38.079,39.735,41.06,41.391,43.874,42.881,44.371,44.702,43.377,44.205,44.371,45.364,45.53,46.523,46.523,46.026,46.192,46.358,46.523,47.351,47.351,47.682,47.682,47.682,
38.079,39.735,41.556,41.722,43.874,43.543,44.536,44.702,43.874,44.205,44.536,45.364,45.364,46.358,46.358,46.358,46.854,46.854,46.854,47.682,47.682,47.682,47.682,47.682,
38.079,41.06,41.887,42.053,44.371,43.543,44.536,44.371,44.04,43.874,46.689,47.185,47.185,46.358,46.358,46.358,46.854,46.854,46.854,47.682,47.682,47.682,47.682,47.682,
38.742,41.722,42.053,42.55,45.033,43.709,44.536,44.868,44.04,44.04,47.682,47.185,47.682,46.854,46.854,46.854,46.854,46.854,46.854,47.682,47.682,47.682,47.682,47.682,
38.907,41.722,42.55,41.722,44.868,45.364,45.364,45.53,44.536,44.371,47.682,47.682,47.682,47.682,47.682,47.682,47.682,47.682,47.682,47.682,47.682,47.682,47.682,47.682,
39.238,42.053,42.881,42.053,44.702,45.199,45.364,45.53,44.536,45.199,47.682,47.682,47.682,47.682,47.682,47.682,47.682,47.682,47.682,47.682,47.682,47.682,47.682,47.682,
39.735,42.053,42.881,42.881,45.199,45.033,45.364,45.53,45.364,45.199,47.682,47.682,47.682,47.682,47.682,47.682,47.682,47.682,47.682,47.682,47.682,47.682,47.682,47.682,
40.728,42.384,42.881,42.881,45.199,45.53,46.026,46.192,45.364,45.199,47.682,47.682,47.682,47.682,47.682,47.682,47.682,47.682,47.682,47.682,47.682,47.682,47.682,47.682,
40.894,43.874,44.04,42.881,45.53,45.53,46.026,46.192,45.364,45.199,47.682,47.682,47.682,47.682,47.682,47.682,47.682,47.682,47.682,47.682,47.682,47.682,47.682,47.682,
40.894,44.04,44.205,43.377,46.358,46.026,46.026,46.192,47.682,47.682,47.682,47.682,47.682,47.682,47.682,47.682,47.682,47.682,47.682,47.682,47.682,47.682,47.682,47.682,
41.556,44.371,44.04,43.377,46.358,46.026,46.026,46.192,47.682,47.682,47.682,47.682,47.682,47.682,47.682,47.682,47.682,47.682,47.682,47.682,47.682,47.682,47.682,47.682,
43.046,44.868,44.371,45.861,46.358,46.026,46.026,46.192,47.682,47.682,47.682,47.682,47.682,47.682,47.682,47.682,47.682,47.682,47.682,47.682,47.682,47.682,47.682,47.682,
44.371,45.53,45.861,45.861,46.358,46.358,46.358,47.682,47.682,47.682,47.682,47.682,47.682,47.682,47.682,47.682,47.682,47.682,47.682,47.682,47.682,47.682,47.682,47.682,
45.033,45.53,45.861,47.682,46.192,46.192,46.192,47.682,47.682,47.682,47.682,47.682,47.682,47.682,47.682,47.682,47.682,47.682,47.682,47.682,47.682,47.682,47.682,47.682,
46.192,47.02,46.358,47.682,47.682,47.682,47.682,47.682,47.682,47.682,47.682,47.682,47.682,47.682,47.682,47.682,47.682,47.682,47.682,47.682,47.682,47.682,47.682,47.682,
47.682,47.682,47.682,47.682,47.682,47.682,47.682,47.682,47.682,47.682,47.682,47.682,47.682,47.682,47.682,47.682,47.682,47.682,47.682,47.682,47.682,47.682,47.682,47.682,
47.682,47.682,47.682,47.682,47.682,47.682,47.682,47.682,47.682,47.682,47.682,47.682,47.682,47.682,47.682,47.682,47.682,47.682,47.682,47.682,47.682,47.682,47.682,47.682,
47.682,47.682,47.682,47.682,47.682,47.682,47.682,47.682,47.682,47.682,47.682,47.682,47.682,47.682,47.682,47.682,47.682,47.682,47.682,47.682,47.682,47.682,47.682,47.682,
47.682,47.682,47.682,47.682,47.682,47.682,47.682,47.682,47.682,47.682,47.682,47.682,47.682,47.682,47.682,47.682,47.682,47.682,47.682,47.682,47.682,47.682,47.682,47.682,
47.682,47.682,47.682,47.682,47.682,47.682,47.682,47.682,47.682,47.682,47.682,47.682,47.682,47.682,47.682,47.682,47.682,47.682,47.682,47.682,47.682,47.682,47.682,47.682,
47.682,47.682,47.682,47.682,47.682,47.682,47.682,47.682,47.682,47.682,47.682,47.682,47.682,47.682,47.682,47.682,47.682,47.682,47.682,47.682,47.682,47.682,47.682,47.682,
47.682,47.682,47.682,47.682,47.682,47.682,47.682,47.682,47.682,47.682,47.682,47.682,47.682,47.682,47.682,47.682,47.682,47.682,47.682,47.682,47.682,47.682,47.682,47.682,
47.682,47.682,47.682,47.682,47.682,47.682,47.682,47.682,47.682,47.682,47.682,47.682,47.682,47.682,47.682,47.682,47.682,47.682,47.682,47.682,47.682,47.682,47.682,47.682,
47.682,47.682,47.682,47.682,47.682,47.682,47.682,47.682,47.682,47.682,47.682,47.682,47.682,47.682,47.682,47.682,47.682,47.682,47.682,47.682,47.682,47.682,47.682,47.682,
47.682,47.682,47.682,47.682,47.682,47.682,47.682,47.682,47.682,47.682,47.682,47.682,47.682,47.682,47.682,47.682,47.682,47.682,47.682,47.682,47.682,47.682,47.682,47.682,
47.682,47.682,47.682,47.682,47.682,47.682,47.682,47.682,47.682,47.682,47.682,47.682,47.682,47.682,47.682,47.682,47.682,47.682,47.682,47.682,47.682,47.682,47.682,47.682,
47.682,47.682,47.682,47.682,47.682,47.682,47.682,47.682,47.682,47.682,47.682,47.682,47.682,47.682,47.682,47.682,47.682,47.682,47.682,47.682,47.682,47.682,47.682,47.682,
47.682,47.682,47.682,47.682,47.682,47.682,47.682,47.682,47.682,47.682,47.682,47.682,47.682,47.682,47.682,47.682,47.682,47.682,47.682,47.682,47.682,47.682,47.682,47.682,
47.682,47.682,47.682,47.682,47.682,47.682,47.682,47.682,47.682,47.682,47.682,47.682,47.682,47.682,47.682,47.682,47.682,47.682,47.682,47.682,47.682,47.682,47.682,47.682,
47.682,47.682,47.682,47.682,47.682,47.682,47.682,47.682,47.682,47.682,47.682,47.682,47.682,47.682,47.682,47.682,47.682,47.682,47.682,47.682,47.682,47.682,47.682,47.682,
47.682,47.682,47.682,47.682,47.682,47.682,47.682,47.682,47.682,47.682,47.682,47.682,47.682,47.682,47.682,47.682,47.682,47.682,47.682,47.682,47.682,47.682,47.682,47.682,
47.682,47.682,47.682,47.682,47.682,47.682,47.682,47.682,47.682,47.682,47.682,47.682,47.682,47.682,47.682,47.682,47.682,47.682,47.682,47.682,47.682,47.682,47.682,47.682,
47.682,47.682,47.682,47.682,47.682,47.682,47.682,47.682,47.682,47.682,47.682,47.682,47.682,47.682,47.682,47.682,47.682,47.682,47.682,47.682,47.682,47.682,47.682,47.682,
47.682,47.682,47.682,47.682,47.682,47.682,47.682,47.682,47.682,47.682,47.682,47.682,47.682,47.682,47.682,47.682,47.682,47.682,47.682,47.682,47.682,47.682,47.682,47.682,

61.922,63.956,65.619,65.25,64.88,64.695,65.434,66.359,66.543,65.989,66.543,66.543,66.543,66.359,66.728,66.728,66.728,66.728,66.728,66.728,66.728,66.728,66.728,66.728,
62.477,64.325,65.619,65.25,64.88,64.695,65.434,66.359,66.543,66.174,66.543,66.543,66.543,66.359,66.728,66.728,66.728,66.728,66.728,66.728,66.728,66.728,66.728,66.728,
62.477,64.51,65.434,65.25,65.25,65.065,65.434,66.359,66.543,66.174,66.728,66.728,66.728,66.543,66.728,66.728,66.728,66.728,66.728,66.728,66.728,66.728,66.728,66.728,
62.847,65.25,65.065,65.25,64.88,64.695,65.065,66.359,66.728,66.728,66.913,66.913,66.913,66.728,66.728,66.728,66.728,66.728,66.728,66.728,66.728,66.728,66.728,66.728,
62.847,65.25,65.434,65.619,64.88,64.695,65.25,66.359,66.543,66.913,66.913,66.728,66.728,66.728,66.728,66.728,66.728,66.728,66.728,66.728,66.728,66.728,66.728,66.728,
63.216,65.434,65.619,66.174,65.25,65.25,65.804,66.359,66.359,66.728,66.728,66.728,66.728,66.728,66.728,66.728,66.728,66.728,66.728,66.728,66.728,66.728,66.728,66.728,
63.401,65.434,65.804,66.174,65.065,65.065,65.804,66.728,66.728,66.728,66.728,66.728,66.728,66.728,66.728,66.728,66.728,66.728,66.728,66.728,66.728,66.728,66.728,66.728,
63.401,65.434,65.989,66.174,65.065,65.065,65.804,66.728,66.728,66.728,66.728,66.728,66.728,66.728,66.728,66.728,66.728,66.728,66.728,66.728,66.728,66.728,66.728,66.728,
63.401,65.804,65.804,66.174,66.174,66.174,66.728,66.728,66.728,66.728,66.728,66.728,66.728,66.728,66.728,66.728,66.728,66.728,66.728,66.728,66.728,66.728,66.728,66.728,
64.14,65.619,65.804,65.989,66.174,66.174,66.728,66.728,66.728,66.728,66.728,66.728,66.728,66.728,66.728,66.728,66.728,66.728,66.728,66.728,66.728,66.728,66.728,66.728,
64.14,65.619,65.804,65.989,66.728,66.728,66.728,66.728,66.728,66.728,66.728,66.728,66.728,66.728,66.728,66.728,66.728,66.728,66.728,66.728,66.728,66.728,66.728,66.728,
64.695,65.25,65.804,65.989,66.728,66.728,66.728,66.728,66.728,66.728,66.728,66.728,66.728,66.728,66.728,66.728,66.728,66.728,66.728,66.728,66.728,66.728,66.728,66.728,
64.695,65.434,65.804,65.989,66.728,66.728,66.728,66.728,66.728,66.728,66.728,66.728,66.728,66.728,66.728,66.728,66.728,66.728,66.728,66.728,66.728,66.728,66.728,66.728,
64.695,65.434,66.359,66.728,66.728,66.728,66.728,66.728,66.728,66.728,66.728,66.728,66.728,66.728,66.728,66.728,66.728,66.728,66.728,66.728,66.728,66.728,66.728,66.728,
64.695,65.065,66.359,66.728,66.728,66.728,66.728,66.728,66.728,66.728,66.728,66.728,66.728,66.728,66.728,66.728,66.728,66.728,66.728,66.728,66.728,66.728,66.728,66.728,
65.25,65.619,66.728,66.728,66.728,66.728,66.728,66.728,66.728,66.728,66.728,66.728,66.728,66.728,66.728,66.728,66.728,66.728,66.728,66.728,66.728,66.728,66.728,66.728,
65.25,66.174,66.728,66.728,66.728,66.728,66.728,66.728,66.728,66.728,66.728,66.728,66.728,66.728,66.728,66.728,66.728,66.728,66.728,66.728,66.728,66.728,66.728,66.728,
65.989,66.174,66.728,66.728,66.728,66.728,66.728,66.728,66.728,66.728,66.728,66.728,66.728,66.728,66.728,66.728,66.728,66.728,66.728,66.728,66.728,66.728,66.728,66.728,
66.174,66.728,66.728,66.728,66.728,66.728,66.728,66.728,66.728,66.728,66.728,66.728,66.728,66.728,66.728,66.728,66.728,66.728,66.728,66.728,66.728,66.728,66.728,66.728,
66.728,66.728,66.728,66.728,66.728,66.728,66.728,66.728,66.728,66.728,66.728,66.728,66.728,66.728,66.728,66.728,66.728,66.728,66.728,66.728,66.728,66.728,66.728,66.728,
66.728,66.728,66.728,66.728,66.728,66.728,66.728,66.728,66.728,66.728,66.728,66.728,66.728,66.728,66.728,66.728,66.728,66.728,66.728,66.728,66.728,66.728,66.728,66.728,
66.728,66.728,66.728,66.728,66.728,66.728,66.728,66.728,66.728,66.728,66.728,66.728,66.728,66.728,66.728,66.728,66.728,66.728,66.728,66.728,66.728,66.728,66.728,66.728,
66.728,66.728,66.728,66.728,66.728,66.728,66.728,66.728,66.728,66.728,66.728,66.728,66.728,66.728,66.728,66.728,66.728,66.728,66.728,66.728,66.728,66.728,66.728,66.728,
66.728,66.728,66.728,66.728,66.728,66.728,66.728,66.728,66.728,66.728,66.728,66.728,66.728,66.728,66.728,66.728,66.728,66.728,66.728,66.728,66.728,66.728,66.728,66.728,
66.728,66.728,66.728,66.728,66.728,66.728,66.728,66.728,66.728,66.728,66.728,66.728,66.728,66.728,66.728,66.728,66.728,66.728,66.728,66.728,66.728,66.728,66.728,66.728,
66.728,66.728,66.728,66.728,66.728,66.728,66.728,66.728,66.728,66.728,66.728,66.728,66.728,66.728,66.728,66.728,66.728,66.728,66.728,66.728,66.728,66.728,66.728,66.728,
66.728,66.728,66.728,66.728,66.728,66.728,66.728,66.728,66.728,66.728,66.728,66.728,66.728,66.728,66.728,66.728,66.728,66.728,66.728,66.728,66.728,66.728,66.728,66.728,
66.728,66.728,66.728,66.728,66.728,66.728,66.728,66.728,66.728,66.728,66.728,66.728,66.728,66.728,66.728,66.728,66.728,66.728,66.728,66.728,66.728,66.728,66.728,66.728,
66.728,66.728,66.728,66.728,66.728,66.728,66.728,66.728,66.728,66.728,66.728,66.728,66.728,66.728,66.728,66.728,66.728,66.728,66.728,66.728,66.728,66.728,66.728,66.728,
66.728,66.728,66.728,66.728,66.728,66.728,66.728,66.728,66.728,66.728,66.728,66.728,66.728,66.728,66.728,66.728,66.728,66.728,66.728,66.728,66.728,66.728,66.728,66.728,
66.728,66.728,66.728,66.728,66.728,66.728,66.728,66.728,66.728,66.728,66.728,66.728,66.728,66.728,66.728,66.728,66.728,66.728,66.728,66.728,66.728,66.728,66.728,66.728,
66.728,66.728,66.728,66.728,66.728,66.728,66.728,66.728,66.728,66.728,66.728,66.728,66.728,66.728,66.728,66.728,66.728,66.728,66.728,66.728,66.728,66.728,66.728,66.728,
66.728,66.728,66.728,66.728,66.728,66.728,66.728,66.728,66.728,66.728,66.728,66.728,66.728,66.728,66.728,66.728,66.728,66.728,66.728,66.728,66.728,66.728,66.728,66.728,
66.728,66.728,66.728,66.728,66.728,66.728,66.728,66.728,66.728,66.728,66.728,66.728,66.728,66.728,66.728,66.728,66.728,66.728,66.728,66.728,66.728,66.728,66.728,66.728,
66.728,66.728,66.728,66.728,66.728,66.728,66.728,66.728,66.728,66.728,66.728,66.728,66.728,66.728,66.728,66.728,66.728,66.728,66.728,66.728,66.728,66.728,66.728,66.728,
66.728,66.728,66.728,66.728,66.728,66.728,66.728,66.728,66.728,66.728,66.728,66.728,66.728,66.728,66.728,66.728,66.728,66.728,66.728,66.728,66.728,66.728,66.728,66.728,
66.728,66.728,66.728,66.728,66.728,66.728,66.728,66.728,66.728,66.728,66.728,66.728,66.728,66.728,66.728,66.728,66.728,66.728,66.728,66.728,66.728,66.728,66.728,66.728,
66.728,66.728,66.728,66.728,66.728,66.728,66.728,66.728,66.728,66.728,66.728,66.728,66.728,66.728,66.728,66.728,66.728,66.728,66.728,66.728,66.728,66.728,66.728,66.728,
66.728,66.728,66.728,66.728,66.728,66.728,66.728,66.728,66.728,66.728,66.728,66.728,66.728,66.728,66.728,66.728,66.728,66.728,66.728,66.728,66.728,66.728,66.728,66.728,
66.728,66.728,66.728,66.728,66.728,66.728,66.728,66.728,66.728,66.728,66.728,66.728,66.728,66.728,66.728,66.728,66.728,66.728,66.728,66.728,66.728,66.728,66.728,66.728,
66.728,66.728,66.728,66.728,66.728,66.728,66.728,66.728,66.728,66.728,66.728,66.728,66.728,66.728,66.728,66.728,66.728,66.728,66.728,66.728,66.728,66.728,66.728,66.728,
66.728,66.728,66.728,66.728,66.728,66.728,66.728,66.728,66.728,66.728,66.728,66.728,66.728,66.728,66.728,66.728,66.728,66.728,66.728,66.728,66.728,66.728,66.728,66.728,
66.728,66.728,66.728,66.728,66.728,66.728,66.728,66.728,66.728,66.728,66.728,66.728,66.728,66.728,66.728,66.728,66.728,66.728,66.728,66.728,66.728,66.728,66.728,66.728,
66.728,66.728,66.728,66.728,66.728,66.728,66.728,66.728,66.728,66.728,66.728,66.728,66.728,66.728,66.728,66.728,66.728,66.728,66.728,66.728,66.728,66.728,66.728,66.728,
66.728,66.728,66.728,66.728,66.728,66.728,66.728,66.728,66.728,66.728,66.728,66.728,66.728,66.728,66.728,66.728,66.728,66.728,66.728,66.728,66.728,66.728,66.728,66.728,
66.728,66.728,66.728,66.728,66.728,66.728,66.728,66.728,66.728,66.728,66.728,66.728,66.728,66.728,66.728,66.728,66.728,66.728,66.728,66.728,66.728,66.728,66.728,66.728,
66.728,66.728,66.728,66.728,66.728,66.728,66.728,66.728,66.728,66.728,66.728,66.728,66.728,66.728,66.728,66.728,66.728,66.728,66.728,66.728,66.728,66.728,66.728,66.728,
66.728,66.728,66.728,66.728,66.728,66.728,66.728,66.728,66.728,66.728,66.728,66.728,66.728,66.728,66.728,66.728,66.728,66.728,66.728,66.728,66.728,66.728,66.728,66.728,
66.728,66.728,66.728,66.728,66.728,66.728,66.728,66.728,66.728,66.728,66.728,66.728,66.728,66.728,66.728,66.728,66.728,66.728,66.728,66.728,66.728,66.728,66.728,66.728,
66.728,66.728,66.728,66.728,66.728,66.728,66.728,66.728,66.728,66.728,66.728,66.728,66.728,66.728,66.728,66.728,66.728,66.728,66.728,66.728,66.728,66.728,66.728,66.728,

39.114,39.692,42.004,42.775,42.004,42.004,41.04,42.197,41.426,41.233,41.04,42.197,42.582,41.811,41.426,42.004,42.004,42.582,42.004,42.582,43.545,43.931,43.738,42.775,
39.114,39.692,42.004,42.775,42.004,42.004,41.04,42.197,41.426,41.233,41.04,42.197,41.811,41.04,41.426,42.004,42.004,42.582,42.004,42.582,43.545,43.931,43.738,42.775,
39.114,39.884,42.197,42.582,42.004,42.004,41.04,42.197,41.426,41.233,41.04,42.197,41.811,41.04,41.426,42.004,42.004,42.582,42.004,42.582,43.545,43.931,43.738,42.775,
39.114,40.077,42.389,42.775,42.004,41.811,41.04,42.197,41.618,41.233,40.848,42.197,41.811,41.04,41.426,42.004,42.004,42.582,42.004,42.582,43.545,43.931,43.738,42.775,
39.114,40.077,42.389,42.775,42.004,41.811,41.04,42.197,41.618,41.233,40.848,42.197,41.811,41.04,40.848,41.426,41.426,42.004,41.426,42.004,43.353,43.931,43.738,42.775,
39.114,39.692,42.389,42.775,42.004,41.811,41.04,42.197,41.618,41.04,40.655,42.004,41.618,40.848,40.655,41.233,41.233,41.811,41.233,42.004,43.353,43.931,43.738,42.775,
39.306,39.692,42.775,42.775,42.582,41.811,41.04,42.197,41.618,41.04,40.655,42.004,42.004,41.233,40.655,41.233,41.233,41.04,40.848,42.004,43.353,43.931,43.738,42.775,
39.306,39.692,42.775,42.967,42.967,41.811,41.04,42.389,41.811,41.233,40.848,42.004,42.004,41.233,40.655,41.233,41.233,41.04,40.848,42.004,43.353,43.931,43.738,42.775,
39.499,40.077,42.775,43.738,42.967,41.811,41.04,42.004,41.426,40.848,40.655,41.811,41.811,41.04,39.692,40.462,41.233,41.04,40.848,42.004,43.353,43.931,43.738,42.775,
39.499,40.077,43.16,43.738,42.967,41.811,41.04,42.004,41.426,40.848,40.655,41.233,41.233,40.462,39.692,40.462,41.233,41.04,40.848,42.004,43.353,43.931,43.738,42.775,
39.884,40.27,43.16,43.931,42.967,41.811,41.04,41.811,41.426,40.848,40.655,41.04,41.233,39.692,39.692,40.462,40.848,41.04,40.848,42.004,43.353,43.931,43.545,42.582,
38.728,40.27,42.389,43.545,42.967,41.811,41.233,41.811,41.426,40.848,40.655,41.04,40.655,39.692,39.692,39.884,40.27,40.462,40.27,41.426,43.353,43.931,43.545,42.582,
38.343,39.692,43.353,43.545,42.775,41.618,40.848,41.426,41.04,40.462,40.27,40.655,40.27,39.306,39.499,39.692,40.077,40.27,40.27,41.426,43.353,43.931,43.545,42.582,
37.958,39.692,43.16,43.738,42.967,41.811,41.04,41.426,41.04,40.27,40.077,40.655,40.27,39.306,39.499,39.692,40.077,40.27,40.27,41.426,43.353,43.931,43.545,42.582,
38.15,39.884,42.967,42.775,42.582,42.197,41.04,41.426,41.04,40.27,40.077,40.655,40.27,39.306,39.306,39.499,39.884,40.077,40.27,41.426,43.353,43.931,43.545,42.582,
37.765,39.884,42.389,41.618,42.004,41.618,40.462,40.848,40.462,39.692,39.499,40.655,40.27,39.306,39.306,39.499,39.884,40.077,40.27,41.426,43.353,43.931,43.545,42.582,
37.958,39.692,42.197,41.426,41.811,41.618,40.848,40.848,40.27,40.077,39.884,41.04,40.655,39.499,39.499,39.499,39.884,40.27,40.655,42.389,43.738,43.931,43.545,42.582,
38.536,39.884,41.233,41.426,41.811,41.618,40.848,41.233,40.27,40.077,40.27,40.27,40.655,39.499,39.884,39.884,40.27,40.655,40.848,42.582,43.738,43.931,43.545,42.582,
38.536,40.077,41.426,41.426,41.426,41.811,40.655,40.848,40.077,40.077,40.27,41.04,41.426,40.27,40.077,40.077,40.27,40.655,40.848,42.582,43.738,44.123,43.545,42.582,
38.728,39.692,42.197,42.197,41.811,41.811,40.655,40.848,40.27,40.27,40.462,41.233,41.618,40.462,40.27,40.462,40.27,40.655,40.848,42.582,43.738,44.123,43.545,42.582,
38.728,39.499,42.004,42.197,41.618,41.811,41.04,41.233,40.655,40.655,40.848,41.618,42.004,40.848,41.811,42.004,41.426,42.197,42.389,42.967,43.738,44.316,43.738,42.775,
38.728,39.499,41.811,42.197,41.426,42.197,40.848,41.04,40.462,40.462,40.655,41.426,41.811,40.655,41.811,42.004,41.426,42.197,42.389,42.967,43.738,44.316,43.738,42.775,
38.921,39.306,42.197,42.582,41.811,42.967,41.233,41.811,41.233,41.233,41.426,42.197,42.197,41.04,42.197,42.389,41.811,42.389,42.775,43.353,44.123,44.701,44.123,43.16,
38.728,39.692,42.582,43.353,42.389,43.353,41.618,41.426,41.233,41.233,41.426,42.197,42.197,41.04,42.197,42.389,42.389,42.967,42.775,43.353,44.123,44.701,44.123,43.16,
38.921,39.692,42.389,43.16,42.197,43.353,41.426,41.618,41.426,41.426,41.618,42.389,42.389,41.233,42.389,42.582,42.582,43.16,42.967,43.545,44.316,44.701,44.123,43.16,
39.306,40.848,42.389,43.16,42.197,43.353,41.426,41.618,41.426,41.426,41.618,42.389,42.389,41.233,42.389,42.775,42.582,43.353,43.16,43.545,44.316,44.701,44.123,43.16,
39.306,40.848,42.582,43.931,42.775,43.545,42.389,42.389,42.197,42.197,42.389,43.738,43.545,42.389,42.389,42.775,42.582,43.353,43.16,43.545,44.316,44.701,43.545,42.582,
38.728,41.426,42.967,43.931,43.16,43.545,42.389,42.389,42.197,42.197,42.389,43.738,43.545,42.775,42.775,42.967,42.582,43.353,43.738,43.545,44.316,44.701,43.545,42.582,
39.306,41.04,43.545,43.931,43.16,43.545,42.197,42.197,42.197,42.197,42.389,43.738,43.545,42.775,42.775,42.967,42.582,43.353,43.738,43.545,44.316,44.701,43.545,42.582,
39.884,41.233,43.16,43.545,42.582,42.967,41.811,42.197,42.197,42.197,42.389,43.738,43.545,42.775,42.775,42.967,42.582,43.353,43.738,43.545,44.316,44.701,43.545,42.582,
40.077,42.004,43.545,43.931,42.967,43.16,41.811,42.197,42.197,42.197,42.389,43.738,43.545,42.775,42.775,42.967,42.582,43.353,43.738,43.545,44.316,44.316,43.545,42.582,
40.462,41.618,43.16,44.123,43.545,43.738,42.389,42.775,42.775,42.775,42.967,44.316,44.123,42.967,42.967,42.967,42.775,43.545,43.931,43.738,44.509,44.316,43.545,42.582,
42.775,43.353,43.738,44.123,43.545,43.738,42.389,42.775,42.775,42.775,42.967,44.316,44.123,42.967,42.967,42.967,42.775,43.545,43.931,43.738,44.509,44.316,43.545,42.582,
42.775,43.353,43.738,44.123,44.123,43.738,42.389,42.775,42.775,42.775,42.967,44.316,44.123,42.967,42.967,42.967,42.775,43.545,43.931,43.738,44.509,44.316,43.545,42.582,
43.16,43.545,43.931,44.316,44.316,43.931,42.582,42.967,42.967,42.967,43.16,44.509,44.316,42.967,42.967,42.967,42.775,43.545,43.931,43.738,44.509,44.316,43.545,42.775,
43.545,43.738,43.931,44.316,44.316,43.931,42.582,42.967,42.967,42.967,43.16,44.509,44.316,42.967,42.967,42.967,42.775,43.545,43.931,43.738,44.509,44.316,43.545,42.775,
43.545,43.738,43.738,44.123,44.123,43.738,42.389,42.775,42.775,42.775,42.967,44.509,44.316,42.967,42.967,42.967,42.775,43.545,43.931,43.738,44.509,44.316,43.545,42.775,
43.16,43.931,43.738,44.316,44.316,43.931,42.582,42.967,42.967,42.967,43.16,44.701,44.509,42.967,42.967,42.967,42.775,43.545,43.931,43.738,44.509,44.316,43.545,42.004,
42.967,43.545,43.545,44.123,44.316,43.931,42.582,42.967,42.967,42.967,43.16,44.701,44.509,42.967,42.967,42.967,42.775,43.545,43.353,43.16,43.931,43.738,42.967,41.426,
43.16,43.931,43.931,44.509,44.701,44.316,42.775,43.16,43.16,43.16,43.353,44.701,44.509,42.967,42.967,42.967,42.775,43.545,43.353,43.16,43.931,43.738,42.967,41.426,
43.353,44.123,44.123,44.701,44.894,44.509,43.353,43.738,43.738,43.738,43.738,45.087,44.894,43.353,43.353,43.353,43.16,43.931,43.738,43.545,44.316,44.123,42.967,41.426,
43.353,43.931,43.931,44.509,44.701,44.316,43.353,43.738,43.738,43.738,43.738,45.087,44.894,43.353,43.353,43.353,43.16,43.931,43.738,43.545,44.316,44.123,42.967,41.426,
43.353,44.123,43.738,45.279,45.472,44.701,43.931,44.316,43.738,43.738,43.738,44.123,43.931,42.389,42.389,42.389,42.197,42.967,42.197,42.004,42.775,43.545,42.389,39.499,
43.353,43.738,43.738,44.894,45.087,44.316,43.738,43.738,43.16,43.16,43.16,43.545,43.353,42.389,42.389,42.389,41.811,42.582,42.197,42.004,42.775,43.545,42.389,39.499,
43.16,44.316,43.738,44.509,44.701,44.509,43.931,44.123,44.123,44.123,44.123,43.931,43.931,43.353,43.353,43.353,41.426,41.233,40.462,40.27,41.04,42.775,41.618,39.114,
43.931,43.931,43.931,44.701,44.894,44.123,43.931,44.123,44.123,44.123,44.123,43.353,43.353,42.582,42.582,42.582,41.04,41.04,40.27,40.462,40.655,41.04,40.077,38.536,
43.16,43.353,43.353,44.123,43.545,42.775,41.618,41.618,41.618,41.618,41.618,41.811,41.811,42.004,42.004,42.004,40.848,40.462,38.728,38.921,38.728,38.536,38.15,38.15,
42.775,43.545,43.545,43.931,43.353,42.582,42.582,42.582,42.582,42.582,42.582,42.582,42.582,42.582,42.582,42.582,41.233,40.848,38.536,38.343,38.15,38.15,38.15,38.15,
42.389,42.582,42.582,42.967,42.967,42.582,42.197,42.197,42.197,42.197,42.197,42.197,42.197,42.197,42.197,42.197,40.848,40.462,38.15,37.958,37.765,37.765,37.765,37.765,
42.197,42.197,42.197,42.197,42.197,42.197,42.197,42.197,42.197,42.197,42.197,42.197,42.197,42.197,42.197,42.197,40.848,40.462,38.15,37.958,37.765,37.765,37.765,37.765,

40.194,37.087,37.67,38.447,36.893,36.699,37.087,38.252,38.252,39.806,39.029,39.806,39.806,40.388,40.971,40.194,39.806,40.971,38.641,38.641,39.029,39.612,39.029,39.029,
39.612,36.893,37.476,38.252,36.505,36.311,37.087,38.835,38.641,39.806,39.029,39.806,39.806,40.388,40.971,40.194,39.806,40.971,38.641,38.641,39.029,39.612,39.029,39.029,
40.0,37.282,37.476,38.058,36.699,36.311,37.087,38.835,38.641,39.806,39.029,40.388,40.388,40.583,41.165,40.194,39.806,40.971,38.447,38.447,38.835,39.029,38.835,38.835,
39.806,37.476,37.476,38.252,36.699,36.311,37.282,39.612,39.223,39.806,40.194,41.359,41.359,41.553,41.165,40.194,39.806,40.971,38.447,38.447,38.835,39.029,38.835,38.835,
39.612,37.282,37.476,38.252,36.699,36.311,37.282,39.612,39.223,39.806,40.194,41.359,41.359,41.553,41.165,40.194,39.806,40.971,38.447,38.447,38.835,39.029,38.835,38.835,
39.806,37.282,38.641,39.223,37.864,36.699,37.864,39.612,39.223,39.806,40.388,41.165,41.165,41.359,40.971,40.0,39.806,40.971,38.447,38.447,38.835,39.029,38.835,38.835,
39.612,37.087,38.641,39.029,37.864,36.699,38.447,39.612,39.806,39.806,40.777,42.136,42.136,41.359,40.971,40.194,40.0,41.165,38.641,38.447,38.447,38.641,38.447,38.447,
39.806,37.282,38.641,39.029,38.058,36.699,38.447,39.806,40.583,39.806,40.777,42.136,42.136,41.359,40.971,40.0,39.806,40.971,38.641,38.447,38.447,38.641,38.447,38.447,
40.0,37.476,38.252,39.029,38.058,37.282,39.029,39.806,40.583,39.806,40.777,42.136,42.136,41.359,40.971,40.0,39.806,40.777,38.447,38.447,38.447,38.641,38.447,38.447,
39.223,38.058,38.835,39.029,37.864,37.67,38.641,39.417,40.583,39.223,40.777,42.136,42.136,41.359,40.971,40.0,39.806,40.777,38.447,38.447,38.447,38.447,38.252,38.252,
39.417,38.058,38.835,39.029,37.864,37.67,39.223,40.0,41.359,39.223,40.777,42.136,42.33,41.359,40.971,39.806,39.806,40.777,38.447,38.447,38.447,38.447,38.252,38.252,
40.0,39.029,38.447,39.029,38.058,38.447,40.388,40.777,41.359,39.417,40.971,42.524,42.33,41.359,40.971,39.417,39.417,40.388,38.447,38.447,38.447,38.447,38.252,38.252,
40.0,39.029,38.447,39.223,38.058,38.447,40.388,40.777,41.553,39.417,40.971,42.718,42.33,41.359,40.971,40.0,39.417,40.388,38.447,38.447,38.447,38.447,38.058,38.058,
40.0,39.029,39.223,39.612,38.447,38.447,40.388,40.777,41.553,39.417,40.971,42.718,42.33,41.359,40.971,40.388,40.0,40.777,38.447,38.447,38.447,38.447,38.058,38.058,
40.0,39.223,39.612,40.0,38.835,38.447,40.388,40.777,41.553,39.417,40.971,42.913,41.748,41.942,41.553,40.583,40.194,39.612,38.641,38.641,38.641,37.864,37.476,37.476,
40.194,39.417,40.0,40.194,38.835,38.058,39.806,40.388,41.165,39.612,41.165,42.913,41.748,40.777,40.388,39.417,39.029,38.447,37.476,37.476,37.476,37.864,37.476,37.476,
40.388,40.0,39.806,40.0,38.641,38.058,39.417,40.388,41.165,40.194,41.165,42.913,41.748,40.777,40.388,39.417,39.029,38.447,37.476,37.476,37.476,37.864,37.476,37.476,
40.388,40.0,39.806,40.0,38.641,38.058,39.417,40.583,41.165,39.806,41.165,41.942,41.748,41.165,40.777,39.806,38.835,38.447,37.476,37.476,37.476,37.67,37.282,37.282,
40.388,40.194,40.0,40.194,38.835,38.252,39.223,40.388,41.359,39.806,41.165,41.942,41.748,41.165,40.777,39.806,38.835,38.252,37.282,37.476,37.476,37.67,37.282,37.282,
40.194,40.583,40.583,40.388,39.029,38.252,39.417,40.388,41.359,39.417,40.777,41.359,41.748,40.777,40.388,39.029,38.447,38.252,37.282,37.476,37.476,37.67,37.282,37.282,
40.583,40.583,40.971,40.777,39.417,38.252,40.194,41.165,40.777,39.223,40.388,41.359,41.748,40.777,40.388,39.029,38.447,38.252,37.087,37.282,37.282,37.476,37.087,37.087,
40.583,40.583,40.971,40.777,39.417,38.835,40.777,41.165,40.971,39.417,40.194,41.165,40.971,39.612,39.806,39.417,39.223,40.194,38.058,38.252,38.252,38.447,38.058,38.058,
40.583,40.388,40.583,40.388,39.029,38.058,40.777,40.777,40.583,39.417,40.194,41.165,40.971,39.612,40.583,39.417,39.223,40.388,38.641,38.835,38.835,39.029,38.641,38.641,
40.777,40.583,41.942,40.583,39.223,38.835,40.583,40.777,40.0,39.417,40.194,40.777,40.583,39.612,40.971,40.194,39.612,40.777,39.612,39.806,39.806,40.0,39.612,39.612,
40.777,40.0,40.583,40.388,38.641,39.417,40.971,40.777,39.806,39.223,40.0,40.583,40.583,39.612,40.971,40.194,40.194,40.777,39.612,40.583,40.583,40.777,40.388,40.388,
40.388,40.0,40.583,40.388,39.417,40.194,40.971,40.777,39.806,39.223,39.417,40.194,40.194,39.223,40.194,39.806,39.806,40.388,39.223,40.194,40.194,40.388,40.388,40.388,
40.777,40.194,40.583,42.136,40.971,40.971,41.359,41.359,39.612,39.029,39.417,40.194,40.194,39.223,40.194,39.806,39.806,40.388,40.194,40.194,40.194,40.388,40.388,40.388,
40.583,40.194,41.553,41.165,39.806,39.806,40.388,40.388,39.223,39.223,39.612,40.194,40.583,39.612,40.583,39.806,40.194,40.777,40.583,40.583,40.583,40.583,40.583,40.583,
40.777,41.165,41.165,41.359,40.388,40.0,40.194,40.194,39.223,39.223,39.612,40.194,40.583,39.612,40.583,39.806,40.194,40.583,40.583,40.583,40.583,40.583,40.583,40.583,
40.971,41.165,41.748,41.748,40.388,40.388,40.194,40.194,39.806,39.612,39.806,40.0,40.388,39.612,40.583,39.806,40.194,40.194,40.583,40.583,40.583,40.583,40.583,40.583,
40.971,41.942,42.33,40.388,40.194,40.388,40.194,40.194,39.612,39.223,39.417,39.612,40.0,40.0,40.388,39.806,40.194,40.388,40.583,40.583,40.583,40.583,40.583,40.583,
41.165,42.718,41.942,40.194,40.194,40.194,39.806,40.194,39.612,39.223,39.417,39.612,40.0,40.0,40.388,39.806,40.194,40.388,40.583,40.194,40.194,40.194,40.194,40.194,
42.136,42.136,42.136,40.194,40.194,40.194,39.806,39.806,39.612,39.612,39.806,40.0,40.388,40.388,40.777,40.194,40.583,40.583,40.583,40.194,40.194,40.194,40.194,40.194,
41.748,41.553,41.748,40.777,40.194,40.0,39.806,39.806,39.806,39.612,39.806,40.0,40.583,40.583,40.777,40.194,40.583,40.777,40.194,40.194,40.194,40.194,40.194,40.194,
42.913,41.748,41.748,40.388,40.388,39.806,39.806,39.806,39.806,39.612,40.388,40.583,40.583,40.583,40.777,40.194,40.583,40.777,40.194,40.194,40.194,40.194,40.194,40.194,
42.136,41.359,41.748,40.0,40.388,39.417,39.417,39.417,39.417,39.612,40.388,40.971,40.971,40.971,41.359,40.583,40.971,40.777,40.194,40.194,40.194,40.194,40.194,40.194,
40.777,40.388,41.359,39.612,40.388,39.417,40.0,40.0,39.806,39.612,40.388,40.971,40.971,40.971,41.942,40.583,41.359,41.359,40.194,40.194,40.194,40.194,40.194,40.194,
40.971,39.806,40.583,39.029,40.0,39.223,39.806,39.806,40.971,40.583,41.359,41.942,41.942,41.942,41.942,40.583,41.359,41.359,40.194,40.194,40.194,40.194,40.194,40.194,
41.165,40.971,41.553,39.806,39.806,39.417,40.0,40.0,40.971,40.777,41.748,41.942,41.942,41.942,41.942,41.359,41.359,41.359,40.194,40.194,40.194,40.194,40.194,40.194,
41.553,40.777,40.777,39.612,39.612,39.417,40.0,41.165,41.165,40.971,41.748,41.942,41.942,41.942,41.942,41.359,41.359,41.359,40.194,40.194,40.194,40.194,40.194,40.194,
40.971,40.777,40.777,39.612,39.612,39.417,40.0,41.165,41.165,40.971,41.748,41.942,41.942,41.942,41.942,41.359,41.359,41.359,40.194,40.194,40.194,40.194,40.194,40.194,
40.971,40.777,40.777,39.612,39.612,39.806,40.388,41.165,41.165,40.971,41.748,41.942,41.942,41.942,41.942,41.359,41.359,41.359,40.194,40.194,40.194,40.194,40.194,40.194,
40.971,40.583,40.777,39.612,39.612,40.583,41.165,41.165,41.165,40.971,41.748,41.942,41.942,41.165,41.165,40.583,40.583,40.583,40.194,40.194,40.194,40.194,40.194,40.194,
40.583,40.583,40.777,40.583,40.583,40.583,41.165,41.165,41.165,40.971,41.748,41.942,41.942,41.165,41.165,40.583,40.583,40.583,40.194,40.194,40.194,40.194,40.194,40.194,
40.583,41.359,41.553,40.583,40.583,40.583,41.165,41.165,41.165,40.971,41.748,41.942,41.942,41.165,41.165,40.583,40.583,40.583,40.194,40.194,40.194,40.194,40.194,40.194,
40.777,40.777,40.777,39.417,39.417,39.417,40.0,40.0,40.0,40.583,41.359,41.942,41.942,41.165,41.165,40.583,40.583,40.583,40.194,40.194,40.194,40.194,40.194,40.194,
41.553,41.553,41.553,40.194,40.194,40.194,40.777,40.777,40.777,40.583,40.971,41.165,41.165,40.388,40.388,40.194,40.194,40.194,40.194,40.194,40.194,40.194,40.194,40.194,
41.553,41.553,41.553,40.194,40.194,40.194,40.583,40.583,40.583,40.583,40.971,40.971,40.971,40.194,40.194,40.194,40.194,40.194,40.194,40.194,40.194,40.194,40.194,40.194,
40.777,40.777,40.777,39.806,39.806,39.806,40.194,40.194,40.194,40.971,41.359,40.971,40.971,40.194,40.194,40.194,40.194,40.194,40.194,40.194,40.194,40.194,40.194,40.194,
40.777,40.777,40.777,39.806,39.806,39.806,40.194,40.194,40.194,40.971,41.359,40.971,40.971,40.194,40.194,40.194,40.194,40.194,40.194,40.194,40.194,40.194,40.194,40.194,

35.699,36.952,36.952,34.029,35.073,34.447,33.403,33.82,34.029,32.568,32.359,32.359,32.777,34.029,34.029,34.238,33.82,34.447,34.238,34.447,34.029,32.985,32.985,32.985,
36.117,36.952,36.952,33.82,34.864,34.238,33.194,33.82,34.029,32.568,32.359,32.359,32.777,34.029,34.029,34.238,33.82,34.447,34.238,34.447,34.029,32.985,32.985,32.985,
36.117,36.952,36.952,33.82,34.864,34.238,33.194,33.82,34.029,32.568,32.359,32.359,32.777,34.029,34.029,34.238,33.82,34.447,34.238,34.447,34.029,32.985,32.985,32.985,
36.117,37.161,36.117,33.82,34.864,34.656,33.194,33.82,33.82,32.359,32.359,32.359,32.777,34.029,34.029,34.238,33.82,34.447,34.238,34.447,34.029,32.985,32.985,32.985,
36.326,36.952,35.908,33.612,34.864,34.656,33.194,34.029,33.82,32.359,32.359,32.359,32.777,34.029,34.029,34.238,33.82,34.447,34.238,35.282,34.864,33.82,33.82,33.82,
36.326,36.743,35.908,33.612,34.864,34.656,33.194,34.029,33.82,32.359,32.359,32.359,32.777,34.029,34.029,34.238,33.82,34.447,34.238,35.282,34.864,33.82,33.82,33.82,
36.534,36.743,35.908,33.403,34.864,34.656,33.194,34.029,33.612,32.15,32.15,32.15,33.403,34.447,34.447,34.656,34.238,34.864,34.864,35.282,34.864,33.82,33.82,33.82,
36.534,36.743,36.117,34.238,35.073,34.656,32.777,33.82,33.403,32.568,32.568,32.777,33.612,34.447,34.447,34.656,34.238,34.864,34.656,35.282,34.864,33.82,33.82,33.82,
36.326,36.743,36.326,34.238,35.073,35.073,33.403,33.82,33.403,32.777,32.777,32.985,33.82,34.238,34.656,34.864,34.447,34.864,34.656,35.282,34.864,33.82,33.82,33.82,
36.534,36.743,36.326,34.238,34.864,34.864,33.403,33.82,33.403,32.777,32.777,32.985,33.82,34.238,34.656,34.864,34.447,34.864,34.656,35.282,34.864,33.82,33.82,33.82,
36.117,36.952,36.743,34.656,34.447,34.656,33.194,32.985,32.985,32.568,32.985,32.985,33.82,34.238,34.447,34.656,34.238,34.656,34.447,35.073,34.656,33.612,33.612,33.612,
35.491,36.743,36.952,34.656,34.447,34.656,32.985,33.194,33.194,32.568,32.985,32.985,33.82,34.238,34.447,34.656,34.238,34.656,34.447,35.073,34.656,33.612,33.612,33.612,
35.282,36.743,36.952,34.238,34.029,34.238,32.568,32.568,32.568,32.15,32.568,32.568,33.82,34.238,34.447,34.656,34.447,34.864,34.447,35.073,34.656,33.612,33.612,33.612,
35.491,37.37,36.743,34.238,34.238,34.447,32.777,32.568,32.568,32.15,32.568,32.568,33.82,34.238,34.447,34.656,34.447,34.864,34.447,35.073,34.656,33.612,33.612,33.612,
35.491,37.37,36.743,34.447,34.029,34.447,32.777,32.777,32.777,32.15,32.568,32.568,33.82,34.238,34.447,34.656,34.447,34.864,34.656,35.073,34.656,33.612,33.612,33.612,
35.282,37.37,37.161,34.656,33.82,34.238,33.194,33.403,33.403,32.985,33.403,33.403,34.656,35.282,35.491,35.699,34.864,35.282,35.073,35.491,35.073,34.029,34.029,34.029,
35.073,37.161,37.161,34.447,33.194,34.029,32.985,33.194,33.194,32.777,33.194,33.194,34.447,35.073,35.282,35.699,34.864,35.282,35.073,35.491,35.073,34.029,34.029,34.029,
35.699,37.161,37.161,34.447,32.777,33.612,32.985,33.612,33.403,32.985,33.403,33.403,34.656,35.073,35.282,35.699,34.864,35.282,35.073,35.491,35.073,34.029,34.029,34.029,
35.699,37.161,36.743,34.447,32.777,33.612,32.985,33.612,33.403,32.985,33.403,33.82,35.073,35.491,35.699,36.117,35.282,35.282,35.073,35.491,35.073,34.029,34.029,34.029,
35.282,36.743,36.326,34.238,33.194,33.82,32.15,33.194,33.194,32.777,33.403,33.82,35.282,35.699,35.699,36.117,35.282,35.282,35.073,35.282,35.073,34.029,34.029,34.029,
35.699,37.161,36.117,33.82,32.985,33.194,31.524,32.777,32.777,32.359,32.985,33.403,34.864,35.282,35.491,35.908,35.282,35.282,35.073,35.282,35.073,34.029,34.029,34.029,
35.908,36.952,36.117,33.612,32.985,33.194,31.524,32.777,33.194,32.359,32.985,33.403,34.447,34.864,35.491,35.908,35.282,35.282,35.073,35.282,35.073,34.029,34.029,34.029,
35.699,36.743,35.699,33.403,33.194,33.403,31.942,32.777,33.194,32.359,32.985,33.403,34.447,34.864,35.491,35.908,35.282,35.282,35.073,35.282,35.073,34.029,34.029,34.029,
35.073,35.282,34.864,33.194,33.403,33.612,31.942,32.777,33.194,32.359,32.777,33.403,34.447,34.864,35.491,35.908,35.282,35.282,35.073,35.491,35.282,34.238,34.238,34.238,
34.864,35.073,34.864,32.985,33.403,33.403,31.733,32.777,33.194,32.359,32.777,33.403,34.447,34.656,35.491,35.908,35.282,35.282,35.073,35.491,35.282,34.238,34.238,34.238,
35.073,35.491,34.656,32.985,33.403,33.82,32.568,32.777,33.194,32.985,33.403,34.029,34.864,35.073,35.282,35.699,35.073,35.073,35.073,35.491,35.282,34.238,34.238,34.238,
33.82,35.282,34.447,32.359,33.194,33.82,32.568,32.777,33.403,33.194,33.403,34.029,34.864,35.073,35.282,35.699,35.073,35.073,35.073,35.491,35.282,34.238,34.238,34.238,
33.82,35.073,34.029,32.15,32.985,33.82,32.568,32.777,33.403,33.194,33.403,34.029,34.864,35.073,35.282,35.699,35.073,35.073,35.073,35.491,35.282,34.238,34.238,34.238,
34.029,35.282,34.029,32.568,33.403,34.238,32.777,32.985,33.82,33.612,33.82,34.656,35.491,35.699,35.908,36.326,35.699,35.491,35.491,35.908,35.699,34.656,34.656,34.656,
34.238,35.282,34.238,32.777,32.985,33.403,31.942,32.777,33.82,33.612,33.82,34.656,36.534,36.743,36.952,37.37,36.743,36.534,36.326,36.743,36.534,36.743,36.743,36.743,
34.656,35.699,34.238,32.777,32.985,33.403,32.359,34.029,34.864,34.864,35.073,35.491,37.37,37.578,37.787,38.205,37.578,37.37,37.161,37.578,37.37,37.578,37.578,37.578,
34.656,35.282,33.82,33.194,33.612,33.194,32.568,34.029,34.447,34.238,34.447,34.864,36.743,36.952,37.37,37.787,37.37,37.787,36.952,37.37,37.787,37.37,37.37,37.37,
35.491,36.117,34.864,33.612,33.612,33.194,32.568,34.029,34.447,34.238,34.238,34.656,36.534,36.743,37.161,36.534,36.326,36.743,36.952,37.37,37.787,37.37,37.37,37.37,
35.282,35.908,34.864,33.612,33.82,33.403,32.985,34.447,34.447,34.238,34.238,34.656,36.534,36.743,37.161,36.534,35.908,36.326,36.534,36.326,36.743,36.326,36.326,36.326,
35.699,36.326,35.282,34.029,34.238,33.82,33.403,34.447,34.238,34.029,34.656,34.864,35.699,35.908,35.699,35.908,35.282,35.699,35.908,36.117,36.534,36.117,36.117,36.117,
35.491,36.117,35.699,34.238,34.447,33.612,32.985,34.864,34.864,34.656,35.699,35.491,36.326,36.117,35.908,36.743,36.117,36.534,37.37,37.578,37.578,37.161,37.161,37.161,
35.699,35.908,35.073,34.029,34.238,33.612,32.985,34.864,34.864,35.699,35.699,35.491,37.161,36.743,36.743,36.743,36.117,36.534,37.37,37.37,37.37,36.952,36.952,36.952,
35.491,35.073,34.864,33.612,34.656,33.612,33.403,34.447,35.908,35.699,36.326,36.117,36.743,37.161,36.326,36.326,36.952,36.952,36.952,37.161,37.161,36.743,36.743,36.743,
36.326,34.238,35.282,33.194,34.656,33.612,33.194,36.326,36.743,36.534,36.952,36.743,36.952,37.37,36.534,36.534,36.743,36.743,36.743,36.743,36.743,36.743,36.743,36.743,
36.117,35.491,35.282,34.656,34.656,33.612,33.82,36.117,36.326,36.326,36.534,36.534,36.534,36.952,36.117,36.117,37.161,37.161,37.161,37.161,37.161,37.161,37.161,37.161,
35.699,35.073,34.656,34.864,35.491,34.447,33.82,35.908,36.534,36.534,36.534,36.952,36.952,37.37,37.161,37.161,37.161,37.161,37.161,37.161,37.161,37.161,37.161,37.161,
35.282,34.447,35.073,34.238,34.656,34.447,34.238,36.117,37.37,37.37,37.37,37.37,37.37,37.787,37.787,37.787,37.787,37.787,37.787,37.787,37.787,37.787,37.787,37.787,
35.073,34.029,33.82,33.82,34.238,34.447,34.656,36.117,37.37,37.37,37.37,37.37,37.37,37.787,37.787,37.787,37.787,37.787,37.787,37.787,37.787,37.787,37.787,37.787,
34.238,34.029,36.952,37.161,37.161,36.952,37.996,38.622,38.622,38.622,38.622,38.622,38.622,38.622,38.622,38.622,38.622,38.622,38.622,38.622,38.622,38.622,38.622,38.622,
36.326,35.699,37.787,37.787,37.787,38.622,38.622,38.622,38.622,38.622,38.622,38.622,38.622,38.622,38.622,38.622,38.622,38.622,38.622,38.622,38.622,38.622,38.622,38.622,
38.622,38.622,38.622,38.622,38.622,38.622,38.622,38.622,38.622,38.622,38.622,38.622,38.622,38.622,38.622,38.622,38.622,38.622,38.622,38.622,38.622,38.622,38.622,38.622,
38.622,38.622,38.622,38.622,38.622,38.622,38.622,38.622,38.622,38.622,38.622,38.622,38.622,38.622,38.622,38.622,38.622,38.622,38.622,38.622,38.622,38.622,38.622,38.622,
38.622,38.622,38.622,38.622,38.622,38.622,38.622,38.622,38.622,38.622,38.622,38.622,38.622,38.622,38.622,38.622,38.622,38.622,38.622,38.622,38.622,38.622,38.622,38.622,
38.622,38.622,38.622,38.622,38.622,38.622,38.622,38.622,38.622,38.622,38.622,38.622,38.622,38.622,38.622,38.622,38.622,38.622,38.622,38.622,38.622,38.622,38.622,38.622,
38.622,38.622,38.622,38.622,38.622,38.622,38.622,38.622,38.622,38.622,38.622,38.622,38.622,38.622,38.622,38.622,38.622,38.622,38.622,38.622,38.622,38.622,38.622,38.622,

37.652,35.02,36.842,38.866,39.069,40.486,40.891,39.676,40.081,40.486,42.105,42.308,42.713,42.713,42.308,43.32,43.522,44.13,44.737,42.308,42.105,42.105,41.903,41.498,
37.652,35.223,36.842,38.664,38.866,40.283,40.891,39.676,40.081,40.486,42.105,42.308,42.713,42.713,42.308,43.32,43.522,44.13,44.737,42.308,42.105,42.105,41.903,41.498,
37.449,35.02,36.64,38.664,39.271,40.688,41.296,40.081,40.486,41.093,42.105,42.308,42.105,42.713,42.308,43.32,43.522,44.13,44.737,42.308,42.105,42.105,41.903,41.498,
37.449,34.818,36.64,38.664,39.069,40.688,41.296,40.486,40.486,41.093,42.105,42.308,42.713,42.713,42.308,43.32,43.117,43.927,44.737,42.308,42.105,42.105,41.903,41.498,
37.854,35.223,36.64,38.462,39.069,40.688,41.296,40.891,40.891,41.296,42.308,42.308,42.713,42.713,42.308,43.32,43.117,43.927,44.737,42.308,42.105,42.105,41.903,41.498,
38.462,35.02,36.032,38.057,39.069,40.688,41.296,40.891,41.296,41.296,42.308,42.308,42.713,42.713,42.308,43.32,43.117,43.927,44.737,42.308,42.105,42.105,41.7,41.296,
38.664,35.425,36.437,38.462,39.069,40.688,41.296,40.891,41.296,41.296,42.713,42.713,43.117,42.51,42.105,43.117,42.915,43.725,44.534,42.308,42.105,42.105,41.7,41.296,
39.069,35.83,36.64,38.664,39.271,40.891,41.498,41.093,41.093,41.093,42.51,43.117,43.522,42.915,42.51,43.522,43.32,44.13,44.939,42.713,42.51,42.51,42.105,41.296,
38.664,36.032,36.842,38.866,40.486,41.296,42.105,41.498,41.7,40.891,43.117,43.522,43.522,42.915,42.915,43.927,43.725,44.534,45.344,43.117,42.915,42.51,42.105,41.296,
39.271,36.235,37.247,39.069,40.283,40.891,42.105,41.296,41.498,40.688,42.915,43.32,43.522,42.915,42.915,43.927,43.725,44.534,45.344,43.32,43.117,42.51,42.105,41.296,
39.069,36.235,37.247,39.271,40.283,41.093,42.308,41.296,41.498,41.093,42.915,43.32,43.522,43.522,43.522,44.534,44.332,44.534,45.344,43.32,43.117,42.51,42.105,41.296,
39.069,36.235,37.247,39.271,40.283,41.093,42.713,41.296,41.093,41.093,42.915,43.725,43.927,43.927,43.927,44.737,44.939,45.142,45.951,43.927,43.725,43.117,42.713,42.105,
39.069,36.032,37.652,39.271,40.081,41.093,42.51,41.093,40.891,40.891,42.915,43.725,44.13,44.13,44.13,45.142,45.142,45.344,45.951,43.927,43.725,43.522,43.117,42.51,
39.069,36.235,37.652,39.271,39.474,41.093,42.713,41.296,41.093,41.093,43.117,43.725,44.13,44.13,44.13,45.142,45.142,45.344,45.951,43.927,43.725,43.522,43.117,42.51,
39.474,36.235,38.057,39.676,39.879,41.498,42.915,41.296,42.51,41.7,42.713,44.332,44.737,44.737,44.939,45.951,45.951,46.154,46.761,44.737,44.534,44.332,44.737,43.32,
39.676,36.235,37.652,39.474,39.676,41.093,42.51,42.105,43.725,42.915,43.32,44.737,45.142,45.142,44.939,45.951,45.951,46.154,46.761,44.737,44.534,44.332,44.737,43.32,
39.676,36.842,37.652,39.879,40.081,41.498,42.51,42.713,44.332,43.117,42.51,44.737,45.142,45.142,44.939,45.951,45.951,46.154,46.761,44.737,44.534,45.142,45.547,44.13,
40.081,37.045,37.652,40.081,40.081,41.498,42.713,42.713,44.332,43.117,42.713,44.939,45.344,45.344,44.939,45.951,46.154,46.356,46.964,44.939,44.737,45.344,45.749,45.142,
39.879,37.045,37.652,39.271,39.474,40.891,43.117,43.117,44.737,43.522,43.117,45.344,45.344,45.344,44.939,45.951,46.154,46.356,46.964,44.939,44.737,45.344,45.749,45.142,
40.283,37.449,38.462,39.474,40.283,41.498,43.117,43.522,44.737,43.522,43.725,45.547,45.547,45.547,45.142,45.951,46.154,46.356,46.964,44.939,44.737,45.344,45.749,45.142,
40.283,38.057,38.462,39.474,41.296,42.713,43.927,43.725,44.939,43.927,44.534,45.749,45.749,45.749,45.547,46.356,46.356,46.559,47.166,45.142,44.939,45.547,45.951,45.344,
40.283,37.854,38.259,40.081,42.105,43.725,44.332,44.13,45.344,44.332,44.534,45.749,45.749,45.749,45.547,46.356,46.356,46.559,47.166,45.142,44.939,45.547,45.951,45.344,
40.688,37.854,38.462,40.688,42.105,43.725,44.332,44.13,45.344,44.332,44.534,45.749,45.749,45.749,45.547,46.356,46.356,46.559,47.166,45.142,44.939,45.547,45.951,45.344,
40.486,38.664,38.057,40.891,41.7,42.915,43.522,43.725,45.344,44.737,44.332,45.142,45.142,45.142,44.939,45.749,45.749,45.951,46.559,44.534,44.332,44.939,45.344,44.737,
40.486,39.676,38.057,42.308,41.7,42.915,43.522,44.737,45.344,44.737,44.332,45.142,45.142,45.142,44.939,45.749,45.749,45.951,46.559,44.534,44.332,44.939,45.344,44.737,
40.891,39.676,38.664,42.105,42.105,42.915,44.13,44.534,43.927,43.32,43.522,44.332,44.332,44.332,44.13,44.939,44.939,45.142,45.749,43.725,43.725,44.332,45.344,44.737,
40.688,40.081,39.271,42.51,42.51,42.915,45.142,44.534,43.927,43.32,44.332,45.142,45.142,45.142,44.939,45.749,45.749,45.951,46.559,44.534,44.534,44.737,45.344,44.737,
40.891,43.32,43.927,44.939,44.13,45.547,45.547,44.939,44.332,43.725,44.332,45.142,45.142,45.142,44.939,45.749,45.749,45.951,46.559,44.737,44.737,44.939,45.547,44.939,
40.891,44.13,43.927,44.939,44.737,45.547,45.547,44.939,44.332,43.725,44.332,45.142,45.142,45.142,44.939,44.737,44.737,44.939,45.547,44.737,44.737,44.939,45.547,44.939,
43.117,44.534,43.927,44.534,44.332,44.332,44.332,43.725,43.725,43.117,43.927,44.737,44.737,44.737,44.737,44.737,44.737,44.939,45.344,44.534,44.534,44.737,45.344,44.737,
44.13,44.939,44.939,45.142,44.737,44.939,44.939,44.332,44.332,43.725,44.332,45.142,45.142,45.142,44.737,44.737,44.737,44.939,45.344,44.534,44.534,44.737,45.344,44.737,
44.534,45.344,44.939,45.142,44.737,44.939,44.939,44.332,44.332,43.725,44.332,45.142,45.142,45.142,44.737,44.737,44.737,45.142,45.547,44.737,44.737,44.939,45.547,44.939,
44.737,45.547,45.142,45.142,44.939,44.939,44.939,44.332,44.332,43.725,44.332,45.142,45.142,45.142,44.737,44.737,44.737,45.142,45.547,44.737,44.737,44.939,45.547,44.939,
45.749,45.749,44.939,45.142,44.939,44.737,44.737,44.13,44.13,43.522,44.13,44.939,44.939,44.939,44.534,44.534,44.534,44.939,45.344,44.737,44.737,44.939,45.547,44.939,
45.344,45.547,45.142,45.142,44.939,44.737,44.737,44.13,44.13,43.522,44.13,44.939,44.939,44.939,44.534,44.534,44.534,45.344,45.749,45.142,45.142,45.344,46.154,45.547,
45.142,44.737,44.737,44.737,44.534,44.737,44.737,44.13,44.13,43.522,44.13,44.939,44.939,44.939,45.344,45.344,45.344,45.344,45.749,45.142,45.142,45.344,46.154,45.547,
45.142,44.332,45.344,45.344,45.142,45.142,45.142,44.534,44.534,43.927,44.534,45.344,45.344,45.344,45.749,45.749,45.749,45.749,46.154,45.547,45.547,45.344,46.154,45.547,
44.737,44.737,45.344,45.344,45.142,45.142,45.142,44.534,44.534,43.927,44.534,45.344,45.344,45.344,45.749,45.749,45.749,45.749,46.154,45.547,45.547,45.344,46.154,45.547,
44.939,45.547,45.749,45.749,45.547,45.547,45.547,44.939,44.939,44.332,44.939,45.749,45.749,45.749,46.154,46.154,46.154,46.154,46.154,45.547,45.547,45.749,46.964,46.356,
45.951,46.154,46.154,46.154,45.951,45.951,45.951,45.344,45.344,44.737,45.344,46.154,46.154,46.154,46.154,46.154,46.154,46.154,46.154,45.547,45.547,45.749,46.964,46.356,
45.951,46.154,46.154,46.154,45.951,45.951,45.951,45.344,45.344,44.737,45.344,45.547,45.547,45.547,45.547,45.547,45.547,45.547,45.547,45.547,45.547,45.749,46.964,46.356,
45.951,46.154,46.154,46.154,45.951,45.951,45.951,45.344,45.344,44.737,45.344,45.547,45.547,45.547,45.547,45.547,45.547,45.547,45.547,45.547,45.547,45.749,46.964,46.356,
45.951,46.154,46.154,46.154,45.951,45.951,45.951,45.344,45.344,44.737,45.344,45.547,45.547,45.547,45.547,45.547,45.547,45.547,45.547,45.547,45.547,45.749,46.964,46.356,
45.951,46.154,46.154,46.154,46.761,46.761,46.761,46.154,46.154,45.547,46.154,46.356,46.356,46.356,46.356,46.356,46.356,46.356,46.356,46.356,46.356,46.559,46.964,46.356,
45.951,46.154,46.154,46.154,46.761,46.761,46.761,46.154,46.154,45.547,45.749,45.951,45.951,45.951,45.951,45.951,45.951,45.951,45.951,45.951,45.951,46.154,46.559,46.356,
46.356,46.761,46.761,46.761,46.761,46.761,46.761,46.154,46.154,45.547,45.749,45.951,45.951,45.951,45.951,45.951,45.951,45.951,45.951,45.951,45.951,46.154,46.559,46.356,
46.356,46.761,46.761,46.761,46.761,46.761,46.761,46.154,46.154,45.547,45.749,45.951,45.951,45.951,45.951,45.951,45.951,45.951,45.951,45.951,45.951,46.154,46.559,46.356,
46.356,46.761,46.761,46.761,46.761,46.761,46.761,46.154,46.154,45.547,45.749,45.951,45.951,45.951,45.951,45.951,45.951,45.951,45.951,45.951,45.951,46.154,46.559,46.356,
46.761,46.761,46.761,46.761,46.761,46.761,46.761,46.154,46.154,45.547,45.547,45.547,45.547,45.547,45.547,45.547,45.547,45.547,45.547,45.547,45.547,45.749,46.154,46.154,
46.761,46.761,46.761,46.761,46.761,46.761,46.761,46.154,46.154,45.547,45.344,45.344,45.344,45.344,45.344,45.344,45.344,45.344,45.344,45.344,45.344,45.749,46.154,46.154,

36.29,37.5,36.29,36.492,35.685,36.492,36.089,36.29,35.081,34.677,34.073,34.274,36.089,37.097,37.903,36.694,36.895,38.306,37.097,36.089,36.492,36.492,38.105,39.315,
36.29,37.5,36.29,36.492,36.29,36.29,36.089,36.895,35.685,34.677,34.073,34.274,36.089,37.097,37.903,36.694,36.895,38.306,37.097,36.089,36.492,36.492,38.105,39.315,
36.29,37.702,36.694,36.492,36.492,36.29,36.29,36.895,35.685,34.677,33.871,34.274,36.089,37.097,37.903,36.694,36.895,38.306,37.097,36.089,36.492,36.492,38.105,39.315,
35.887,37.298,36.895,36.694,36.694,36.492,36.694,37.298,35.887,34.879,34.073,34.879,36.694,37.298,38.306,37.702,37.903,38.71,37.5,36.089,36.492,36.492,38.105,39.315,
35.887,37.298,36.895,36.895,36.895,36.694,36.895,37.903,36.492,35.887,35.081,35.282,36.694,37.298,38.306,37.702,37.903,38.71,37.5,36.29,36.694,36.694,38.306,39.516,
35.887,36.895,36.492,36.694,36.895,36.694,36.895,37.903,36.492,35.887,35.081,35.484,36.895,37.5,38.508,38.306,38.306,38.71,37.5,36.29,36.694,36.694,38.306,39.919,
36.089,36.895,36.492,36.694,37.5,37.298,37.097,38.508,35.887,35.282,35.081,35.484,36.895,37.5,37.903,37.702,37.702,38.105,37.5,36.29,36.694,36.694,38.306,39.919,
36.29,36.694,36.089,36.492,37.097,37.702,36.895,37.5,36.29,35.685,35.887,35.887,36.895,37.5,37.903,37.702,38.105,38.508,37.903,36.694,37.097,37.097,38.71,39.919,
36.492,36.895,36.089,36.492,37.097,37.298,36.895,37.5,36.29,35.685,35.887,35.887,36.895,37.5,37.903,37.702,38.105,38.508,37.903,36.694,37.097,37.097,38.71,39.919,
36.694,37.5,36.29,36.29,37.298,37.702,37.097,37.5,36.492,35.887,36.089,36.492,37.5,38.105,38.508,38.105,38.105,38.508,37.903,36.694,37.097,37.097,38.508,39.718,
37.097,37.298,36.089,36.492,37.298,37.5,37.298,37.903,36.694,36.089,36.29,36.492,37.5,38.105,38.508,38.105,38.105,38.508,37.903,36.694,37.097,37.097,38.508,39.718,
37.097,37.5,35.685,35.887,36.694,37.298,37.097,37.702,36.492,35.887,36.089,36.29,37.298,37.903,38.306,38.105,38.105,39.718,39.113,37.903,38.306,38.306,38.508,39.718,
37.298,37.5,35.685,35.685,36.694,37.097,36.694,37.298,36.089,35.887,36.089,36.29,37.298,37.903,38.306,38.105,38.105,39.718,39.113,37.903,38.306,38.306,39.113,40.323,
37.298,38.105,35.685,35.685,36.694,37.097,37.097,37.5,36.492,36.29,36.492,36.694,37.702,37.702,38.71,38.508,38.306,39.919,39.315,38.105,37.702,37.702,38.508,39.718,
38.105,37.702,35.282,36.29,37.702,37.097,37.5,37.903,36.895,36.694,36.492,36.694,37.702,37.702,38.71,38.508,38.306,39.919,39.315,38.105,37.702,37.702,38.508,39.718,
38.105,37.5,35.887,36.089,37.5,37.5,37.5,37.903,36.895,36.694,36.492,36.694,37.702,37.702,38.71,38.508,38.105,39.718,39.718,38.508,38.306,38.306,39.113,39.718,
37.903,37.702,35.685,36.694,37.702,37.702,37.702,38.105,38.105,37.903,36.492,36.694,37.702,37.298,38.306,38.508,38.105,39.718,39.718,38.508,38.306,38.306,39.113,39.718,
38.105,37.702,35.685,36.29,37.298,37.097,37.097,37.5,37.5,37.702,36.29,36.492,37.5,37.097,38.306,38.508,38.105,39.718,39.718,38.508,38.306,38.306,39.113,39.718,
38.105,37.702,35.887,36.29,37.298,37.702,37.097,37.5,37.5,38.306,36.29,36.492,36.492,37.097,38.105,38.306,38.105,39.718,39.718,38.508,38.911,38.911,39.718,39.718,
37.903,37.903,36.29,36.694,37.5,37.702,37.097,37.5,37.5,38.306,36.29,36.492,37.702,37.903,38.105,38.306,38.105,39.718,39.718,38.508,38.911,38.911,39.718,39.718,
37.903,37.702,36.694,36.895,37.298,37.903,37.298,37.5,37.5,38.306,37.298,37.5,38.71,38.911,39.113,39.315,39.113,40.524,40.524,39.315,39.718,39.718,39.718,39.718,
37.702,37.903,36.895,37.097,38.105,38.306,37.702,37.903,37.903,38.71,37.5,37.702,38.911,39.113,39.113,39.315,39.113,40.524,40.524,39.315,39.718,39.718,39.718,39.718,
37.5,37.5,37.5,37.298,38.306,38.105,37.5,37.702,38.105,38.911,37.702,37.903,39.113,40.121,39.113,39.315,39.113,40.524,40.524,39.315,39.718,39.718,39.718,39.718,
37.298,37.702,37.5,37.298,37.903,38.306,37.903,37.903,38.306,38.508,37.903,38.105,39.315,39.516,39.113,39.315,39.113,40.524,40.524,39.315,39.718,39.718,39.718,39.718,
36.895,37.903,37.5,37.298,37.903,38.306,38.508,37.903,38.306,38.105,37.903,38.105,39.315,39.516,39.113,39.315,39.113,40.524,40.524,39.315,39.718,39.718,39.718,39.718,
36.694,37.702,37.298,37.298,38.508,39.315,39.113,38.508,38.306,38.508,37.903,38.105,39.315,39.516,39.113,39.315,39.113,40.524,40.524,39.315,39.718,39.718,39.718,39.718,
37.5,38.306,37.298,37.903,38.71,39.315,39.113,38.508,38.306,38.508,37.903,38.105,39.315,39.516,39.113,39.315,39.113,40.524,40.524,39.315,39.718,39.718,39.718,39.718,
37.298,38.911,37.702,38.105,38.71,39.113,39.113,38.508,38.306,38.508,38.508,38.71,39.315,39.516,39.516,39.718,39.516,40.524,40.524,39.315,39.718,39.718,39.718,39.718,
37.097,39.113,37.298,38.105,38.71,39.113,39.113,38.508,38.306,38.508,38.508,38.71,39.315,39.516,39.516,39.718,39.516,40.524,40.524,39.315,39.718,39.718,39.718,39.718,
37.097,39.516,37.298,38.105,38.911,39.315,39.315,38.71,38.508,38.71,38.71,38.911,39.516,39.718,39.516,39.718,39.516,40.524,40.524,39.315,39.718,39.718,39.718,39.718,
37.097,39.718,37.298,37.702,38.911,39.113,39.113,38.71,38.508,38.71,38.71,38.911,39.315,39.516,39.516,39.718,39.516,39.315,39.315,39.315,38.911,38.911,38.911,38.911,
37.298,39.718,38.306,38.911,39.919,39.516,39.516,39.113,38.911,39.718,39.113,39.315,39.718,39.919,39.919,40.121,39.919,39.718,39.718,39.718,39.315,39.315,39.315,39.315,
37.702,39.315,38.911,39.516,39.919,39.516,39.516,39.516,39.315,40.121,39.113,39.315,39.718,40.121,40.121,40.323,40.121,39.919,39.919,39.919,39.516,39.516,39.516,39.516,
38.508,40.121,40.121,39.718,40.121,39.718,39.516,39.516,39.315,40.121,39.113,39.113,39.315,39.315,39.315,39.516,40.121,39.919,39.718,39.516,39.113,39.113,39.113,39.113,
38.105,41.129,39.718,39.516,39.919,39.516,39.315,39.315,39.113,39.919,39.113,39.113,39.315,39.113,38.508,38.71,38.71,38.71,38.508,38.508,38.71,38.71,38.71,38.71,
38.71,40.323,39.718,39.516,40.121,38.911,38.911,39.315,38.508,39.315,38.306,38.508,38.71,38.911,38.508,38.71,38.71,38.71,38.508,38.508,38.71,38.71,38.71,38.71,
38.105,40.121,40.726,39.315,38.911,39.113,38.71,39.516,38.306,38.508,38.306,37.903,38.105,38.306,38.306,38.508,38.508,38.508,38.508,38.508,38.508,38.508,38.508,38.508,
38.105,39.919,40.927,38.911,38.508,38.71,38.508,38.71,38.306,38.306,38.306,38.105,38.306,38.306,38.105,38.105,38.306,38.306,38.306,38.306,38.508,38.508,38.508,38.508,
38.306,38.71,40.323,38.911,38.911,39.113,38.71,38.71,38.71,38.508,40.121,39.919,40.121,39.919,39.718,39.718,39.919,39.919,39.919,39.919,40.524,40.524,40.524,40.524,
38.508,39.113,40.121,38.911,38.71,38.911,38.508,38.508,38.508,39.919,39.919,39.718,40.524,40.323,40.323,40.323,41.532,41.532,41.532,41.532,41.532,41.532,41.532,41.532,
38.508,38.911,39.113,38.71,38.508,38.71,39.718,39.718,40.524,40.726,40.726,40.323,40.323,40.323,40.323,40.323,41.532,41.532,41.532,41.532,41.532,41.532,41.532,41.532,
38.306,38.71,38.911,38.71,38.508,38.71,39.718,39.718,40.524,40.524,40.524,40.323,40.323,40.323,40.323,41.532,41.532,41.532,41.532,41.532,41.532,41.532,41.532,41.532,
39.113,39.315,40.524,41.129,42.137,41.734,41.734,41.734,41.734,42.137,42.137,40.927,40.927,40.927,40.927,42.137,42.137,42.137,42.137,42.137,42.137,42.137,42.137,42.137,
39.113,40.524,42.137,42.137,42.137,41.734,41.734,41.734,41.734,42.137,42.137,42.137,42.137,42.137,42.137,42.137,42.137,42.137,42.137,42.137,42.137,42.137,42.137,42.137,
41.331,41.331,42.137,42.137,42.137,41.734,41.734,41.734,41.734,42.137,42.137,42.137,42.137,42.137,42.137,42.137,42.137,42.137,42.137,42.137,42.137,42.137,42.137,42.137,
42.137,42.137,42.137,42.137,42.137,42.137,42.137,42.137,42.137,42.137,42.137,42.137,42.137,42.137,42.137,42.137,42.137,42.137,42.137,42.137,42.137,42.137,42.137,42.137,
42.137,42.137,42.137,42.137,42.137,42.137,42.137,42.137,42.137,42.137,42.137,42.137,42.137,42.137,42.137,42.137,42.137,42.137,42.137,42.137,42.137,42.137,42.137,42.137,
42.137,42.137,42.137,42.137,42.137,42.137,42.137,42.137,42.137,42.137,42.137,42.137,42.137,42.137,42.137,42.137,42.137,42.137,42.137,42.137,42.137,42.137,42.137,42.137,
42.137,42.137,42.137,42.137,42.137,42.137,42.137,42.137,42.137,42.137,42.137,42.137,42.137,42.137,42.137,42.137,42.137,42.137,42.137,42.137,42.137,42.137,42.137,42.137,
42.137,42.137,42.137,42.137,42.137,42.137,42.137,42.137,42.137,42.137,42.137,42.137,42.137,42.137,42.137,42.137,42.137,42.137,42.137,42.137,42.137,42.137,42.137,42.137,

40.871,41.909,42.739,43.776,44.606,40.456,40.041,40.249,40.456,39.834,39.834,40.664,39.212,39.212,38.589,38.797,37.967,37.552,37.759,35.477,35.685,36.1,35.685,34.647,
40.871,42.116,42.739,43.776,44.606,40.456,40.041,40.249,40.456,39.834,39.834,40.664,39.212,39.212,38.589,38.797,37.967,37.552,37.759,35.477,35.685,36.1,35.685,34.647,
40.871,42.116,42.531,43.154,44.606,40.456,40.041,40.249,40.456,39.834,39.834,40.664,39.212,39.212,38.589,38.797,37.967,37.552,37.759,35.477,35.685,36.1,35.685,34.647,
40.664,41.909,42.324,43.154,44.606,40.456,40.041,40.249,40.456,39.834,39.834,40.664,39.212,39.212,38.589,38.797,37.967,37.552,37.759,35.477,35.685,36.1,35.685,34.647,
41.079,42.116,42.531,42.946,45.021,40.664,40.041,40.249,40.664,40.041,40.041,40.871,39.212,39.212,38.589,39.004,37.967,37.552,37.759,35.477,35.685,36.1,35.685,34.647,
41.079,42.116,42.531,42.946,45.021,40.664,40.041,40.249,40.871,40.249,40.249,40.456,39.419,39.419,38.797,39.212,37.967,37.552,37.759,35.477,35.685,36.1,35.685,34.647,
41.494,42.116,42.116,42.739,44.398,39.419,39.834,40.249,40.871,40.249,40.249,40.456,39.419,39.419,38.797,39.212,37.967,37.552,37.759,35.477,35.685,36.1,35.685,34.647,
41.494,42.116,42.531,42.946,43.983,39.419,40.041,40.249,40.871,40.249,40.249,40.456,39.419,39.419,38.797,39.212,37.967,37.552,37.759,35.477,35.685,36.1,35.685,34.647,
41.079,42.116,42.531,42.739,43.776,39.419,40.041,40.249,40.871,40.249,40.249,40.456,39.419,39.419,38.797,39.212,37.967,37.552,37.759,35.477,35.685,36.1,35.685,34.647,
40.664,42.324,42.116,42.531,43.361,39.627,40.664,40.041,40.664,40.041,40.249,40.456,39.419,39.419,38.797,39.212,37.967,37.552,37.759,35.477,35.685,36.1,35.685,34.647,
40.664,42.324,41.909,42.531,43.361,39.627,40.664,40.041,40.664,40.041,40.249,40.456,39.419,39.419,38.797,39.212,37.967,37.552,37.759,35.477,35.685,36.1,35.685,34.647,
40.664,42.324,41.909,42.324,43.154,39.627,40.456,40.041,40.664,40.041,40.249,40.456,39.419,39.419,38.797,39.212,37.967,37.552,37.759,35.477,35.685,36.1,35.685,34.647,
40.664,42.324,41.909,42.324,43.776,40.249,41.079,40.664,41.286,40.664,40.456,40.664,39.419,39.419,38.797,39.212,37.967,37.552,37.759,35.477,35.685,36.1,35.685,34.647,
40.249,42.116,42.116,42.116,43.776,40.041,40.871,40.664,41.286,41.286,40.456,40.664,40.041,40.041,39.419,39.834,38.589,37.552,37.759,35.477,35.685,36.1,35.685,34.647,
40.456,42.531,42.116,42.116,42.946,39.419,40.249,39.834,40.456,40.456,39.627,39.834,39.212,39.212,38.589,39.834,38.589,37.552,37.759,35.477,35.685,36.1,35.685,34.647,
40.456,42.116,41.701,42.116,42.946,39.419,40.249,39.834,40.456,40.456,39.627,39.834,39.627,39.627,39.004,40.249,38.589,37.552,37.759,35.477,35.685,36.1,35.685,34.647,
40.456,41.909,41.494,42.116,42.946,39.419,40.249,39.834,40.456,40.456,39.627,39.834,39.627,39.627,39.004,40.249,38.589,37.552,37.759,35.477,35.685,36.1,35.685,34.647,
40.664,42.116,41.494,41.494,42.946,39.419,40.249,40.041,40.456,40.456,39.627,39.834,39.627,39.627,39.004,40.249,38.589,37.552,37.759,35.685,35.685,36.1,35.685,35.27,
40.664,42.116,41.494,41.494,42.946,39.419,40.249,40.041,40.456,40.456,39.627,39.834,39.627,39.627,39.004,40.249,38.382,37.344,37.759,35.477,35.685,36.1,35.477,35.062,
40.664,42.116,41.494,41.701,42.739,39.419,40.249,40.041,40.456,40.456,39.627,39.834,39.627,39.627,39.004,39.834,38.382,37.344,37.759,35.477,35.685,36.1,35.477,35.062,
40.664,42.116,42.324,42.324,43.154,40.041,40.249,40.041,40.456,40.041,39.212,39.419,39.212,39.212,38.382,39.212,37.759,36.722,37.137,34.855,35.062,36.1,35.477,35.062,
41.079,42.324,42.324,42.116,43.154,40.041,40.041,39.834,40.871,40.871,39.834,40.664,39.834,39.834,39.004,39.834,39.212,37.344,37.759,35.477,35.685,36.722,35.892,35.27,
41.079,41.909,41.909,42.324,43.154,39.834,39.834,39.419,40.456,40.456,39.419,40.249,39.419,39.419,38.797,39.627,39.004,37.967,38.382,36.307,36.515,37.552,36.722,36.1,
41.286,41.494,41.909,42.324,42.946,39.834,39.627,39.834,40.871,40.456,39.419,40.249,39.419,39.419,38.797,39.627,39.004,37.967,38.382,36.307,36.515,37.552,35.892,36.1,
41.494,41.909,42.116,42.324,42.946,39.834,40.249,39.834,40.871,40.664,39.212,39.834,39.004,39.419,38.797,39.627,39.004,37.967,38.382,36.307,36.515,37.552,35.892,36.1,
41.286,41.701,42.531,42.946,43.361,40.249,40.664,40.456,41.286,40.664,39.212,39.834,39.004,39.419,38.797,39.627,39.004,37.967,38.382,36.307,36.515,37.552,35.892,36.1,
41.286,41.701,42.531,42.946,43.776,41.286,41.286,41.079,40.456,39.834,38.382,39.004,38.174,38.589,37.967,38.797,38.174,37.137,37.552,35.477,35.685,36.722,35.062,35.892,
40.871,41.494,42.739,42.739,43.568,41.286,41.494,41.286,40.456,39.834,38.382,39.004,38.174,38.589,37.967,38.797,38.174,37.137,37.552,35.477,35.685,36.722,35.062,35.892,
40.456,40.456,42.116,42.531,43.361,41.494,41.701,41.494,40.456,39.834,38.382,39.004,38.174,38.589,37.967,38.797,38.174,36.722,37.137,35.27,35.062,36.1,35.685,36.515,
40.456,40.456,42.531,42.531,43.776,41.494,41.701,41.494,40.456,39.834,38.382,39.004,38.174,38.589,37.967,38.797,38.174,36.722,37.137,35.27,35.062,35.685,35.477,36.307,
39.834,40.249,42.324,42.324,43.568,41.494,41.494,40.664,40.456,39.834,38.382,39.004,38.174,38.589,37.967,38.797,37.967,36.307,36.722,34.647,34.44,35.27,35.27,36.1,
39.834,40.456,41.701,42.324,43.361,40.871,41.079,40.249,40.249,39.627,38.174,38.797,38.797,39.212,38.589,39.212,37.759,36.1,36.722,34.855,34.855,35.477,35.477,35.685,
39.834,40.041,42.116,42.324,43.154,40.664,40.456,39.834,39.834,39.627,38.174,38.797,38.797,39.212,38.589,39.212,37.759,36.1,36.722,34.647,35.27,36.1,36.515,36.722,
40.664,40.871,41.909,41.909,42.739,40.249,40.041,39.419,39.419,39.212,38.174,38.797,38.797,39.212,38.589,39.212,37.759,36.1,36.722,34.855,35.27,36.1,36.722,36.929,
40.041,40.041,40.871,41.701,42.116,40.249,40.041,39.419,39.419,39.212,38.174,38.797,38.797,39.212,38.589,38.797,37.344,35.892,36.307,35.477,35.892,36.1,36.722,36.929,
40.456,40.456,41.286,42.116,41.701,40.871,40.249,37.759,37.759,37.552,36.722,37.759,36.929,38.382,37.967,38.174,37.137,36.307,36.722,36.1,37.137,37.137,37.137,37.344,
40.456,40.664,41.079,42.531,41.701,40.664,40.041,37.759,37.759,37.552,36.722,37.759,36.929,37.344,36.929,37.137,36.1,37.552,37.759,37.344,36.929,36.929,36.929,37.344,
40.249,41.286,40.871,41.494,41.286,40.249,38.797,37.344,37.344,37.552,37.344,37.759,37.552,37.967,37.344,37.759,37.967,37.759,37.967,37.967,36.929,36.929,36.929,37.344,
40.871,41.494,40.871,40.871,40.664,39.834,37.759,37.759,37.759,37.137,37.137,37.552,37.552,37.967,38.174,38.382,37.967,37.759,37.967,37.967,36.929,36.929,36.929,37.344,
41.286,41.079,40.456,40.664,38.174,38.382,37.759,37.759,37.759,37.967,37.759,37.759,37.759,38.382,38.174,38.382,37.967,37.759,37.967,37.967,36.929,36.929,36.929,37.344,
41.079,40.456,39.004,38.797,38.797,38.382,37.759,37.967,37.967,38.174,37.759,37.759,37.759,38.382,38.174,38.589,38.174,37.967,37.967,37.967,36.929,36.929,36.929,37.344,
39.627,37.967,38.174,38.589,38.589,38.174,37.759,38.382,38.382,38.174,37.759,37.759,37.759,38.382,38.174,38.589,38.174,37.967,37.967,37.967,36.929,36.929,36.929,37.344,
38.174,38.174,38.382,39.419,39.004,38.797,39.004,39.212,39.212,39.212,39.212,39.212,38.174,38.589,38.589,38.589,38.382,38.174,38.174,37.967,36.929,36.929,36.929,37.344,
38.174,38.174,38.797,39.004,39.004,38.797,39.004,39.212,39.212,39.212,39.212,39.212,39.212,39.212,39.212,39.212,38.382,38.174,38.589,37.967,36.929,36.929,36.929,37.344,
39.004,39.004,39.004,39.004,39.004,39.004,39.004,39.212,39.212,39.212,39.212,39.212,39.212,39.212,39.212,39.212,38.382,38.174,38.589,37.967,36.929,36.929,36.929,37.344,
39.004,39.004,39.004,39.004,39.004,39.004,39.004,39.004,39.004,39.004,39.004,39.004,39.004,39.004,39.004,39.004,38.174,37.967,38.382,37.967,36.929,36.929,36.929,37.344,
38.797,38.797,38.797,38.797,38.797,38.797,38.797,38.797,38.797,38.797,38.797,38.797,38.797,38.797,38.797,38.797,37.967,37.967,38.382,37.967,36.929,36.929,36.929,37.344,
37.552,37.552,37.552,37.552,37.552,37.552,37.552,37.552,37.552,37.552,37.552,37.552,37.552,37.552,37.552,37.552,37.344,37.344,37.759,37.344,36.929,36.929,36.929,37.344,
37.137,37.137,37.137,37.137,37.137,37.137,37.137,37.137,37.137,37.137,37.137,37.137,37.137,37.137,37.137,37.137,36.929,36.929,37.344,37.344,37.344,37.344,37.344,37.344,
37.137,37.137,37.137,37.137,37.137,37.137,37.137,37.137,37.137,37.137,37.137,37.137,37.137,37.137,37.137,37.137,36.929,36.929,36.929,36.929,36.929,36.929,36.929,36.929,

40.371,42.923,43.387,42.691,42.923,43.852,43.387,43.852,43.852,44.78,44.316,46.172,46.404,46.636,46.404,46.404,46.636,46.636,46.636,46.404,46.404,46.636,46.868,47.1,
40.371,42.459,43.387,42.691,42.459,44.084,43.852,44.316,43.852,44.78,44.316,46.172,46.404,46.636,46.404,46.404,46.636,46.636,46.636,46.404,46.404,46.636,46.868,47.1,
40.139,42.459,43.387,42.691,42.459,44.084,43.852,44.316,43.852,44.78,44.084,46.172,46.404,46.636,46.404,46.404,46.636,46.636,46.636,46.404,46.404,46.636,46.868,47.1,
39.907,42.923,43.852,43.619,42.923,44.084,43.852,44.316,44.084,45.012,44.316,46.404,46.404,46.636,46.404,46.404,46.636,46.636,46.636,46.404,46.404,46.636,46.868,47.1,
39.675,42.459,43.852,43.387,42.691,43.852,44.316,44.084,44.548,44.78,44.316,46.404,46.404,46.636,46.404,46.404,46.636,46.636,46.636,46.404,46.404,46.636,46.868,47.1,
39.675,42.459,44.084,43.619,42.923,43.619,43.852,43.619,44.084,44.084,43.852,45.94,45.94,46.172,45.94,46.636,46.868,46.868,46.868,46.636,46.636,46.636,46.868,47.1,
39.907,42.459,44.548,43.619,42.923,43.619,43.852,43.619,44.084,44.084,43.852,46.172,46.172,46.404,46.172,46.636,46.868,46.868,46.868,46.636,46.636,46.636,46.868,47.1,
39.907,42.459,44.548,44.084,43.619,44.548,44.316,44.084,44.084,44.084,43.852,46.172,46.172,46.404,46.172,46.636,46.868,46.868,46.868,46.636,46.636,46.636,46.868,47.1,
39.443,42.459,44.78,44.084,43.619,44.548,44.316,44.084,44.084,44.084,43.852,46.172,46.172,46.404,46.172,46.636,46.868,46.868,46.868,46.636,46.636,46.636,46.868,47.1,
39.675,42.691,45.244,45.476,45.012,44.548,44.316,45.012,44.548,45.012,44.78,46.172,46.172,46.404,46.172,46.636,46.868,46.868,46.868,46.636,46.636,46.636,46.868,47.1,
40.371,43.619,45.244,45.476,45.244,44.316,43.852,45.012,44.548,45.012,44.78,46.172,46.172,46.404,46.172,46.636,46.868,46.868,46.868,46.868,46.868,46.868,47.1,47.332,
40.603,43.387,45.244,45.476,44.316,43.852,44.084,45.94,45.476,45.708,45.708,47.332,47.332,47.564,47.1,47.332,47.564,47.564,47.564,47.564,47.564,47.564,47.796,48.028,
41.067,44.084,45.94,45.708,44.316,44.548,44.78,45.94,45.476,45.708,45.708,47.332,47.332,47.564,47.1,47.332,47.564,47.564,47.564,47.564,47.564,47.564,47.796,48.028,
41.995,44.316,45.476,46.172,44.548,44.78,46.404,45.94,45.476,45.708,45.708,47.332,47.332,47.564,47.1,47.564,47.796,47.796,47.796,47.796,47.796,47.796,47.796,48.028,
41.995,44.78,45.012,46.404,45.012,45.708,46.636,45.94,45.476,45.708,45.708,47.332,47.332,47.564,47.1,47.564,47.796,47.796,47.796,47.796,47.796,47.796,47.796,48.028,
41.763,44.78,45.244,46.636,45.94,46.404,47.332,46.636,46.172,46.404,46.404,47.332,47.332,47.564,47.1,47.564,47.796,47.796,47.796,47.796,47.796,47.796,47.796,48.028,
41.763,44.78,45.244,46.636,45.94,46.404,46.868,46.636,46.172,46.404,46.404,47.332,47.332,47.564,47.1,47.564,47.796,47.796,47.796,47.796,47.796,47.796,47.796,48.028,
41.995,45.012,46.404,47.1,45.94,46.868,46.868,46.868,46.404,46.636,46.636,47.564,47.564,47.796,47.564,48.028,48.26,48.26,48.26,48.028,48.028,48.028,48.028,48.26,
41.995,45.708,46.404,47.1,46.404,47.796,46.868,46.868,46.404,46.636,46.636,46.868,46.868,47.1,47.1,47.796,47.796,47.796,47.796,48.028,48.028,48.028,48.028,48.26,
43.155,46.172,46.404,47.1,46.404,47.796,46.868,46.868,46.404,46.636,46.636,46.868,46.868,47.1,47.332,47.796,47.796,47.796,47.796,48.028,48.028,48.028,48.028,48.26,
44.084,47.564,48.028,48.028,47.332,47.796,46.868,46.868,46.404,46.636,46.636,46.868,46.868,47.1,47.332,47.796,47.796,47.796,47.796,48.028,48.028,48.028,48.028,48.26,
44.548,47.796,48.26,47.796,47.1,47.796,47.1,46.868,46.404,46.636,46.636,46.868,46.868,47.1,47.332,47.796,47.796,47.796,47.796,48.028,48.028,48.028,48.028,48.26,
44.78,47.796,48.956,47.796,46.868,47.564,47.1,46.868,46.404,46.404,46.404,46.636,46.636,46.868,47.1,47.564,47.564,47.564,47.564,47.796,47.796,47.796,47.796,48.028,
45.012,48.492,48.724,47.796,46.868,47.564,47.1,46.868,46.404,46.404,46.404,46.636,46.636,46.868,47.1,47.564,47.564,47.564,47.564,47.796,47.796,47.796,47.796,48.028,
46.172,49.42,48.26,47.796,47.332,48.028,47.1,46.868,46.404,46.404,46.404,46.636,46.636,46.868,47.1,47.564,47.564,47.564,47.564,47.796,47.796,47.796,47.796,48.028,
48.028,49.42,48.26,47.796,47.332,48.028,47.1,46.868,46.404,46.404,46.404,46.636,46.636,46.868,47.1,47.564,47.564,47.564,47.564,47.796,47.796,47.796,47.796,48.028,
48.028,49.42,48.26,48.028,47.564,48.26,47.332,47.1,46.636,46.636,46.636,46.868,46.868,47.1,47.332,47.796,47.796,47.796,47.796,48.028,48.028,48.028,48.028,48.028,
48.724,49.42,48.26,48.028,47.564,48.26,47.332,47.1,46.636,46.636,46.636,46.868,46.868,47.1,47.332,47.796,47.796,47.796,47.796,48.028,48.028,48.028,48.028,48.028,
48.724,49.652,48.492,48.028,47.564,48.26,47.332,47.1,46.636,46.636,46.636,46.868,46.868,47.1,47.332,47.796,47.796,47.796,47.796,48.028,48.028,48.028,48.028,48.028,
48.724,49.42,48.492,48.26,47.564,48.26,47.564,47.332,46.868,46.868,46.868,47.332,47.332,47.564,47.796,48.26,48.26,48.26,48.26,48.26,48.26,48.26,48.26,48.26,
48.724,49.188,48.492,48.26,47.564,48.26,47.564,47.1,46.868,46.868,46.868,47.332,47.332,47.564,47.796,48.26,48.26,48.26,48.26,48.26,48.26,48.26,48.26,48.26,
48.492,49.188,48.492,48.724,48.028,48.724,48.028,47.564,47.332,47.332,47.332,47.332,47.332,47.564,47.796,48.26,48.26,48.26,48.26,48.26,48.26,48.26,48.26,48.26,
48.492,49.188,48.492,48.724,48.028,48.724,48.028,47.564,47.332,47.332,47.332,47.332,47.332,47.564,47.796,48.26,48.26,48.26,48.26,48.26,48.26,48.26,48.26,48.26,
48.492,49.884,49.42,48.724,48.028,48.724,48.028,47.564,47.332,47.332,47.332,47.332,47.332,47.564,47.796,48.26,48.26,48.26,48.26,48.26,48.26,48.26,48.26,48.26,
48.956,50.348,49.884,49.188,48.492,49.188,48.492,48.028,47.796,47.796,47.796,47.796,47.796,48.028,48.26,48.724,48.724,48.724,48.724,48.724,48.724,48.724,48.724,48.724,
50.116,50.348,49.884,48.956,48.492,49.188,48.492,48.028,47.796,47.796,47.796,47.796,47.796,48.028,48.26,48.724,48.724,48.724,48.724,48.724,48.724,48.724,48.724,48.724,
49.884,50.116,49.42,48.956,48.492,49.188,48.492,48.028,47.796,47.796,47.796,47.796,47.796,48.028,48.26,48.724,48.724,48.724,48.724,48.724,48.724,48.724,48.724,48.724,
49.884,50.116,48.956,48.956,48.492,49.188,48.492,48.028,47.796,47.796,47.796,47.796,47.796,48.028,48.26,48.724,48.724,48.724,48.724,48.724,48.724,48.724,48.724,48.724,
49.652,49.652,48.724,48.724,48.956,49.42,48.724,48.26,48.028,48.028,48.028,48.028,48.028,48.26,48.492,48.724,48.724,48.724,48.724,48.724,48.724,48.724,48.724,48.724,
49.188,49.188,48.724,48.956,49.188,49.652,48.956,48.492,48.26,48.26,48.26,48.26,48.26,48.492,48.724,48.724,48.724,48.724,48.724,48.724,48.724,48.724,48.724,48.724,
48.956,49.188,48.724,48.956,49.42,49.884,49.188,48.724,48.492,48.492,48.492,48.492,48.492,48.724,48.724,48.724,48.724,48.724,48.724,48.724,48.724,48.724,48.724,48.724,
48.724,48.956,48.724,48.956,49.42,49.884,49.188,48.724,48.492,48.492,48.492,48.492,48.492,48.724,48.724,48.724,48.724,48.724,48.724,48.724,48.724,48.724,48.724,48.724,
48.724,48.956,48.724,48.956,49.42,49.884,49.188,48.724,48.492,48.492,48.492,48.492,48.492,48.724,48.724,48.724,48.724,48.724,48.724,48.724,48.724,48.724,48.724,48.724,
48.492,48.724,48.724,48.724,48.724,49.188,48.724,48.492,48.492,48.492,48.492,48.492,48.492,48.724,48.724,48.724,48.724,48.724,48.724,48.724,48.724,48.724,48.724,48.724,
48.492,48.724,48.724,48.724,48.724,49.188,48.724,48.492,48.492,48.492,48.492,48.492,48.492,48.724,48.724,48.724,48.724,48.724,48.724,48.724,48.724,48.724,48.724,48.724,
48.492,48.492,48.724,48.724,48.724,48.956,48.492,48.492,48.492,48.492,48.492,48.492,48.492,48.724,48.724,48.724,48.724,48.724,48.724,48.724,48.724,48.724,48.724,48.724,
48.492,48.492,48.724,48.724,48.724,48.956,48.492,48.492,48.492,48.492,48.492,48.492,48.492,48.724,48.724,48.724,48.724,48.724,48.724,48.724,48.724,48.724,48.724,48.724,
48.724,48.724,48.724,48.956,48.956,49.188,48.724,48.724,48.724,48.724,48.724,48.724,48.724,48.724,48.724,48.724,48.724,48.724,48.724,48.724,48.724,48.724,48.724,48.724,
48.724,48.724,48.724,48.956,48.956,49.188,48.724,48.724,48.724,48.724,48.724,48.724,48.724,48.724,48.724,48.724,48.724,48.724,48.724,48.724,48.724,48.724,48.724,48.724,
48.724,48.724,48.724,48.956,48.724,48.956,48.724,48.724,48.724,48.724,48.724,48.724,48.724,48.724,48.724,48.724,48.724,48.724,48.724,48.724,48.724,48.724,48.724,48.724,

