40.58,40.58,40.58,40.58,40.942,40.942,41.667,41.667,41.667,41.667,40.58,35.87,35.507,36.957,36.957,36.957,36.957,36.957,36.957,36.957,36.957,36.957,36.957,37.319,
40.58,40.58,40.58,40.58,40.942,40.942,41.667,41.667,41.667,41.667,40.58,35.87,35.507,36.957,36.957,36.957,36.957,36.957,36.957,36.957,36.957,36.957,36.957,37.319,
40.58,40.58,40.58,40.58,40.942,40.942,41.667,41.667,41.667,41.667,40.58,35.87,35.507,36.957,36.957,36.957,36.957,36.957,36.957,36.957,36.957,36.957,36.957,37.319,
40.58,40.58,40.58,40.58,40.942,40.942,41.667,41.667,41.667,41.667,40.58,35.87,35.507,36.957,36.957,36.957,36.957,36.957,36.957,36.957,36.957,36.957,36.957,37.319,
40.58,40.58,40.58,40.58,40.942,40.942,41.667,41.667,41.667,41.667,40.58,35.87,35.507,36.957,36.957,36.957,36.957,36.957,36.957,36.957,36.957,36.957,36.957,37.319,
40.58,40.58,40.58,40.58,40.942,40.942,41.667,41.667,41.667,41.667,40.58,35.87,35.507,36.957,36.957,36.957,36.957,36.957,36.957,36.957,36.957,36.957,36.957,37.319,
40.58,40.58,40.58,40.58,40.942,40.942,41.667,41.667,41.667,41.667,40.58,35.87,35.507,36.957,36.957,36.957,36.957,36.957,36.957,36.957,36.957,36.957,36.957,37.319,
40.58,40.58,40.58,40.58,40.942,40.942,41.667,41.667,41.667,41.667,40.58,35.87,35.507,36.957,36.957,36.957,36.957,36.957,36.957,36.957,36.957,36.957,36.957,37.319,
40.58,40.58,40.58,40.58,40.942,40.942,41.667,41.667,41.667,41.667,40.58,35.87,35.507,36.957,36.957,36.957,36.957,36.957,36.957,36.957,36.957,36.957,36.957,37.319,
40.58,40.58,40.58,40.58,40.942,40.942,41.667,41.667,41.667,41.667,40.58,34.783,34.42,35.87,35.87,35.87,35.87,35.87,35.87,35.87,35.87,35.87,35.87,36.232,
40.58,40.58,40.58,40.58,40.942,40.942,41.667,41.667,41.667,41.667,40.58,34.783,33.696,35.145,35.145,35.145,35.145,35.145,35.145,35.145,35.145,35.145,35.145,35.507,
40.58,40.58,40.58,40.58,40.942,40.942,41.667,41.667,41.667,41.667,40.58,34.783,33.696,35.145,35.145,35.145,35.145,35.145,35.145,35.145,35.145,35.145,35.145,35.507,
40.58,40.58,40.58,40.58,40.942,40.942,41.667,41.667,41.667,41.667,40.58,34.783,33.696,35.145,35.145,35.145,35.145,35.145,35.145,35.145,35.145,35.145,35.145,35.507,
40.58,40.58,40.58,40.58,40.942,40.942,41.667,41.667,41.667,41.667,40.58,34.783,33.696,35.145,35.145,35.145,35.145,35.145,35.145,35.145,35.145,35.145,35.145,35.507,
40.58,40.58,40.58,40.58,40.942,40.942,41.667,41.667,41.667,41.667,40.58,34.783,33.696,35.145,35.145,35.145,35.145,35.145,35.145,35.145,35.145,35.145,35.145,35.507,
40.217,40.217,40.217,40.217,40.58,40.58,41.667,41.667,41.667,41.667,39.855,34.058,32.971,34.42,34.42,34.42,34.42,34.42,34.42,34.42,34.42,34.42,34.42,34.42,
40.217,40.217,40.217,40.217,40.58,40.58,41.667,41.667,41.667,41.667,39.855,34.058,32.971,34.42,34.42,34.42,34.42,34.42,34.42,34.42,34.42,34.42,34.42,34.42,
40.217,40.217,40.217,40.217,40.58,40.58,41.667,41.667,41.667,41.667,39.855,33.696,32.609,34.058,34.058,34.058,34.058,34.058,34.058,34.058,34.058,34.058,34.058,34.058,
40.217,40.217,40.217,40.217,40.58,40.58,41.667,41.667,41.667,41.667,39.855,33.696,32.609,34.058,34.058,34.058,34.058,34.058,34.058,34.058,34.058,34.058,34.058,34.058,
40.217,40.217,40.217,40.217,40.58,40.58,41.667,41.667,41.667,41.667,39.855,33.696,32.609,34.058,34.058,34.058,34.058,34.058,34.058,34.058,34.058,34.058,34.058,34.058,
40.217,40.217,40.217,40.217,40.58,40.58,41.667,41.667,41.667,41.667,39.855,33.696,32.609,34.058,34.058,34.058,34.058,34.058,34.058,34.058,34.058,34.058,34.058,34.058,
40.217,40.217,40.217,40.217,40.58,40.58,41.667,41.667,41.667,41.667,39.855,33.696,32.609,34.058,34.058,34.058,34.058,34.058,34.058,34.058,34.058,34.058,34.058,34.058,
40.217,40.217,40.217,40.217,40.58,40.58,41.667,41.667,41.667,41.667,39.855,33.696,32.609,34.058,34.058,34.058,34.058,34.058,34.058,34.058,34.058,34.058,34.058,34.058,
40.58,40.58,40.58,40.58,40.942,40.942,41.667,41.667,41.667,41.667,39.855,33.696,32.609,34.058,34.058,34.058,34.058,34.058,34.058,34.058,34.058,34.058,34.058,34.058,
41.304,41.304,41.304,41.304,41.667,41.667,41.667,41.667,41.667,41.667,39.855,33.696,32.609,34.058,34.058,34.058,34.058,34.058,34.058,34.058,34.058,34.058,34.058,34.058,
41.304,41.304,41.304,41.304,41.667,41.667,41.667,41.667,41.667,41.667,39.855,33.696,32.609,34.058,34.058,34.058,34.058,34.058,34.058,34.058,34.058,34.058,34.058,34.058,
41.304,41.304,41.304,41.304,41.667,41.667,41.667,41.667,41.667,41.667,39.855,33.696,32.609,34.058,34.058,34.058,34.058,34.058,34.058,34.058,34.058,34.058,34.058,34.058,
41.304,41.304,41.304,41.304,41.667,41.667,41.667,41.667,41.667,41.667,39.855,34.058,32.971,34.42,34.42,34.42,34.42,34.42,34.42,34.42,34.42,34.42,34.42,34.42,
41.304,41.304,41.304,41.304,41.667,41.667,41.667,41.667,41.667,41.667,39.855,34.058,32.971,34.42,34.42,34.42,34.42,34.42,34.42,34.42,34.42,34.42,34.42,34.42,
40.217,40.217,40.217,40.217,40.58,40.58,40.58,40.58,40.58,40.58,39.855,34.058,32.971,34.42,34.42,34.42,34.42,34.42,34.42,34.42,34.42,34.42,34.42,34.42,
40.217,40.217,40.217,40.217,40.58,40.58,40.58,40.58,40.58,40.58,39.855,34.058,32.971,34.42,34.42,34.42,34.42,34.42,34.42,34.42,34.42,34.42,34.42,34.42,
39.13,39.13,39.13,39.13,39.493,39.493,39.493,39.493,39.493,39.493,38.768,34.058,32.971,34.42,34.42,34.42,34.42,34.42,34.42,34.42,34.42,34.42,34.42,34.42,
38.043,38.043,38.043,38.043,38.406,38.406,38.406,38.406,38.406,38.406,37.681,34.058,32.971,34.42,34.42,34.42,34.42,34.42,34.42,34.42,34.42,34.42,34.42,34.42,
38.043,38.043,38.043,38.043,38.406,38.406,38.406,38.406,38.406,38.406,37.681,34.058,32.971,34.42,34.42,34.42,34.42,34.42,34.42,34.42,34.42,34.42,34.42,34.42,
37.319,37.319,37.319,37.319,37.681,37.681,37.681,37.681,37.681,37.681,36.957,35.145,34.058,35.507,35.507,35.507,35.507,35.507,35.507,35.507,35.507,35.507,35.507,35.507,
37.319,37.319,37.319,37.319,36.957,36.957,36.957,36.957,36.957,36.957,36.232,34.42,34.058,35.507,35.507,35.507,35.507,35.507,35.507,35.507,35.507,35.507,35.507,35.507,
37.319,37.319,37.319,37.319,36.957,36.957,36.957,36.957,36.957,36.957,36.232,34.42,34.058,36.957,36.957,36.957,36.957,36.957,36.957,36.957,36.957,36.957,36.957,36.957,
37.319,37.319,37.319,37.319,36.957,36.957,36.957,36.957,36.957,36.957,36.232,34.42,34.058,36.957,36.957,36.957,36.957,36.957,36.957,36.957,36.957,36.957,36.957,36.957,
36.957,36.957,36.957,36.957,36.957,36.957,36.957,36.957,36.957,36.957,36.232,34.42,34.058,36.957,36.957,36.957,36.957,36.957,36.957,36.957,36.957,36.957,36.957,36.957,
36.957,36.957,36.957,36.957,36.957,36.957,36.957,36.957,36.957,36.957,36.232,34.42,34.058,36.957,36.957,36.957,36.957,36.957,36.957,36.957,36.957,36.957,36.957,36.957,
36.957,36.957,36.957,36.957,36.957,36.957,36.957,36.957,36.957,36.957,36.232,34.42,34.058,36.957,36.957,36.957,36.957,36.957,36.957,36.957,36.957,36.957,36.957,36.957,
36.957,36.957,36.957,36.957,36.957,36.957,36.957,36.957,36.957,36.957,36.232,34.42,34.058,36.957,36.957,36.957,36.957,36.957,36.957,36.957,36.957,36.957,36.957,36.957,
36.957,36.957,36.957,36.957,36.957,36.957,36.957,36.957,36.957,36.957,36.232,34.42,34.058,36.957,36.957,36.957,36.957,36.957,36.957,36.957,36.957,36.957,36.957,36.957,
38.406,38.406,38.406,38.406,38.406,38.406,38.406,38.406,38.406,38.406,37.681,35.87,35.507,36.957,36.957,36.957,36.957,36.957,36.957,36.957,36.957,36.957,36.957,36.957,
38.406,38.406,38.406,38.406,38.406,38.406,38.406,38.406,38.406,38.406,37.681,35.87,35.507,36.957,36.957,36.957,36.957,36.957,36.957,36.957,36.957,36.957,36.957,36.957,
38.768,38.768,38.768,38.768,38.768,38.768,38.768,38.768,38.768,38.768,38.043,35.87,35.507,36.957,36.957,36.957,36.957,36.957,36.957,36.957,36.957,36.957,36.957,36.957,
38.768,38.768,38.768,38.768,38.768,38.768,38.768,38.768,38.768,38.768,38.043,35.87,35.507,36.957,36.957,36.957,36.957,36.957,36.957,36.957,36.957,36.957,36.957,36.957,
39.493,39.493,39.493,39.493,39.493,39.493,39.493,39.493,39.493,39.493,38.768,35.87,35.507,36.957,36.957,36.957,36.957,36.957,36.957,36.957,36.957,36.957,36.957,36.957,
39.493,39.493,39.493,39.493,39.493,39.493,39.493,39.493,39.493,39.493,38.768,35.87,35.507,36.957,36.957,36.957,36.957,36.957,36.957,36.957,36.957,36.957,36.957,36.957,
40.942,40.942,40.942,40.942,40.942,40.942,40.942,40.942,40.942,40.942,40.217,37.319,36.957,36.957,36.957,36.957,36.957,36.957,36.957,36.957,36.957,36.957,36.957,36.957,

43.069,43.069,43.069,43.069,43.069,43.069,43.069,43.069,43.069,43.069,43.069,43.069,43.069,43.069,43.069,43.069,43.069,43.069,43.069,43.069,43.069,43.069,43.069,43.069,
43.069,43.069,43.069,43.069,43.069,43.069,43.069,43.069,43.069,43.069,43.069,43.069,43.069,43.069,43.069,43.069,43.069,43.069,43.069,43.069,43.069,43.069,43.069,43.069,
44.059,44.059,44.059,44.059,44.059,44.059,44.059,44.059,44.059,44.059,44.059,44.059,44.059,44.059,44.059,44.059,44.059,44.059,44.059,44.059,44.059,44.059,44.059,44.059,
44.059,44.059,44.059,44.059,44.059,44.059,44.059,44.059,44.059,44.059,44.059,44.059,44.059,44.059,44.059,44.059,44.059,44.059,44.059,44.059,44.059,44.059,44.059,44.059,
44.059,44.059,44.059,44.059,44.059,44.059,44.059,44.059,44.059,44.059,44.059,44.059,44.059,44.059,44.059,44.059,44.059,44.059,44.059,44.059,44.059,44.059,44.059,44.059,
44.059,44.059,44.059,44.059,44.059,44.059,44.059,44.059,44.059,44.059,44.059,44.059,44.059,44.059,44.059,44.059,44.059,44.059,44.059,44.059,44.059,44.059,44.059,44.059,
44.059,44.059,44.059,44.059,44.059,44.059,44.059,44.059,44.059,44.059,44.059,44.059,44.059,44.059,44.059,44.059,44.059,44.059,44.059,44.059,44.059,44.059,44.059,44.059,
44.059,44.059,44.059,44.059,44.059,44.059,44.059,44.059,44.059,44.059,44.059,44.059,44.059,44.059,44.059,44.059,44.059,44.059,44.059,44.059,44.059,44.059,44.059,44.059,
44.059,44.059,44.059,44.059,44.059,44.059,44.059,44.059,44.059,44.059,44.059,44.059,44.059,44.059,44.059,44.059,44.059,44.059,44.059,44.059,44.059,44.059,44.059,44.059,
44.059,44.059,44.059,44.059,44.059,44.059,44.059,44.059,44.059,44.059,44.059,44.059,44.059,44.059,44.059,44.059,44.059,44.059,44.059,44.059,44.059,44.059,44.059,44.059,
44.059,44.059,44.059,44.059,44.059,44.059,44.059,44.059,44.059,44.059,44.059,44.059,44.059,44.059,44.059,44.059,44.059,44.059,44.059,44.059,44.059,44.059,44.059,44.059,
44.059,44.059,44.059,44.059,44.059,44.059,44.059,44.059,44.059,44.059,44.059,44.059,44.059,44.059,44.059,44.059,44.059,44.059,44.059,44.059,44.059,44.059,44.059,44.059,
44.059,44.059,44.059,44.059,44.059,44.059,44.059,44.059,44.059,44.059,44.059,44.059,44.059,44.059,44.059,44.059,44.059,44.059,44.059,44.059,44.059,44.059,44.059,44.059,
44.059,44.059,44.059,44.059,44.059,44.059,44.059,44.059,44.059,44.059,44.059,44.059,44.059,44.059,44.059,44.059,44.059,44.059,44.059,44.059,44.059,44.059,44.059,44.059,
44.059,44.059,44.059,44.059,44.059,44.059,44.059,44.059,44.059,44.059,44.059,44.059,44.059,44.059,44.059,44.059,44.059,44.059,44.059,44.059,44.059,44.059,44.059,44.059,
44.059,44.059,44.059,44.059,44.059,44.059,44.059,44.059,44.059,44.059,44.059,44.059,44.059,44.059,44.059,44.059,44.059,44.059,44.059,44.059,44.059,44.059,44.059,44.059,
44.059,44.059,44.059,44.059,44.059,44.059,44.059,44.059,44.059,44.059,44.059,44.059,44.059,44.059,44.059,44.059,44.059,44.059,44.059,44.059,44.059,44.059,44.059,44.059,
44.059,44.059,44.059,44.059,44.059,44.059,44.059,44.059,44.059,44.059,44.059,44.059,44.059,44.059,44.059,44.059,44.059,44.059,44.059,44.059,44.059,44.059,44.059,44.059,
44.059,44.059,44.059,44.059,44.059,44.059,44.059,44.059,44.059,44.059,44.059,44.059,44.059,44.059,44.059,44.059,44.059,44.059,44.059,44.059,44.059,44.059,44.059,44.059,
44.059,44.059,44.059,44.059,44.059,44.059,44.059,44.059,44.059,44.059,44.059,44.059,44.059,44.059,44.059,44.059,44.059,44.059,44.059,44.059,44.059,44.059,44.059,44.059,
44.059,44.059,44.059,44.059,44.059,44.059,44.059,44.059,44.059,44.059,44.059,44.059,44.059,44.059,44.059,44.059,44.059,44.059,44.059,44.059,44.059,44.059,44.059,44.059,
44.059,44.059,44.059,44.059,44.059,44.059,44.059,44.059,44.059,44.059,44.059,44.059,44.059,44.059,44.059,44.059,44.059,44.059,44.059,44.059,44.059,44.059,44.059,44.059,
44.059,44.059,44.059,44.059,44.059,44.059,44.059,44.059,44.059,44.059,44.059,44.059,44.059,44.059,44.059,44.059,44.059,44.059,44.059,44.059,44.059,44.059,44.059,44.059,
44.059,44.059,44.059,44.059,44.059,44.059,44.059,44.059,44.059,44.059,44.059,44.059,44.059,44.059,44.059,44.059,44.059,44.059,44.059,44.059,44.059,44.059,44.059,44.059,
44.059,44.059,44.059,44.059,44.059,44.059,44.059,44.059,44.059,44.059,44.059,44.059,44.059,44.059,44.059,44.059,44.059,44.059,44.059,44.059,44.059,44.059,44.059,44.059,
44.059,44.059,44.059,44.059,44.059,44.059,44.059,44.059,44.059,44.059,44.059,44.059,44.059,44.059,44.059,44.059,44.059,44.059,44.059,44.059,44.059,44.059,44.059,44.059,
44.059,44.059,44.059,44.059,44.059,44.059,44.059,44.059,44.059,44.059,44.059,44.059,44.059,44.059,44.059,44.059,44.059,44.059,44.059,44.059,44.059,44.059,44.059,44.059,
44.059,44.059,44.059,44.059,44.059,44.059,44.059,44.059,44.059,44.059,44.059,44.059,44.059,44.059,44.059,44.059,44.059,44.059,44.059,44.059,44.059,44.059,44.059,44.059,
44.059,44.059,44.059,44.059,44.059,44.059,44.059,44.059,44.059,44.059,44.059,44.059,44.059,44.059,44.059,44.059,44.059,44.059,44.059,44.059,44.059,44.059,44.059,44.059,
44.059,44.059,44.059,44.059,44.059,44.059,44.059,44.059,44.059,44.059,44.059,44.059,44.059,44.059,44.059,44.059,44.059,44.059,44.059,44.059,44.059,44.059,44.059,44.059,
44.059,44.059,44.059,44.059,44.059,44.059,44.059,44.059,44.059,44.059,44.059,44.059,44.059,44.059,44.059,44.059,44.059,44.059,44.059,44.059,44.059,44.059,44.059,44.059,
44.059,44.059,44.059,44.059,44.059,44.059,44.059,44.059,44.059,44.059,44.059,44.059,44.059,44.059,44.059,44.059,44.059,44.059,44.059,44.059,44.059,44.059,44.059,44.059,
44.059,44.059,44.059,44.059,44.059,44.059,44.059,44.059,44.059,44.059,44.059,44.059,44.059,44.059,44.059,44.059,44.059,44.059,44.059,44.059,44.059,44.059,44.059,44.059,
44.059,44.059,44.059,44.059,44.059,44.059,44.059,44.059,44.059,44.059,44.059,44.059,44.059,44.059,44.059,44.059,44.059,44.059,44.059,44.059,44.059,44.059,44.059,44.059,
44.059,44.059,44.059,44.059,44.059,44.059,44.059,44.059,44.059,44.059,44.059,44.059,44.059,44.059,44.059,44.059,44.059,44.059,44.059,44.059,44.059,44.059,44.059,44.059,
44.059,44.059,44.059,44.059,44.059,44.059,44.059,44.059,44.059,44.059,44.059,44.059,44.059,44.059,44.059,44.059,44.059,44.059,44.059,44.059,44.059,44.059,44.059,44.059,
44.059,44.059,44.059,44.059,44.059,44.059,44.059,44.059,44.059,44.059,44.059,44.059,44.059,44.059,44.059,44.059,44.059,44.059,44.059,44.059,44.059,44.059,44.059,44.059,
44.059,44.059,44.059,44.059,44.059,44.059,44.059,44.059,44.059,44.059,44.059,44.059,44.059,44.059,44.059,44.059,44.059,44.059,44.059,44.059,44.059,44.059,44.059,44.059,
44.059,44.059,44.059,44.059,44.059,44.059,44.059,44.059,44.059,44.059,44.059,44.059,44.059,44.059,44.059,44.059,44.059,44.059,44.059,44.059,44.059,44.059,44.059,44.059,
44.059,44.059,44.059,44.059,44.059,44.059,44.059,44.059,44.059,44.059,44.059,44.059,44.059,44.059,44.059,44.059,44.059,44.059,44.059,44.059,44.059,44.059,44.059,44.059,
44.059,44.059,44.059,44.059,44.059,44.059,44.059,44.059,44.059,44.059,44.059,44.059,44.059,44.059,44.059,44.059,44.059,44.059,44.059,44.059,44.059,44.059,44.059,44.059,
44.059,44.059,44.059,44.059,44.059,44.059,44.059,44.059,44.059,44.059,44.059,44.059,44.059,44.059,44.059,44.059,44.059,44.059,44.059,44.059,44.059,44.059,44.059,44.059,
44.059,44.059,44.059,44.059,44.059,44.059,44.059,44.059,44.059,44.059,44.059,44.059,44.059,44.059,44.059,44.059,44.059,44.059,44.059,44.059,44.059,44.059,44.059,44.059,
44.059,44.059,44.059,44.059,44.059,44.059,44.059,44.059,44.059,44.059,44.059,44.059,44.059,44.059,44.059,44.059,44.059,44.059,44.059,44.059,44.059,44.059,44.059,44.059,
44.059,44.059,44.059,44.059,44.059,44.059,44.059,44.059,44.059,44.059,44.059,44.059,44.059,44.059,44.059,44.059,44.059,44.059,44.059,44.059,44.059,44.059,44.059,44.059,
44.059,44.059,44.059,44.059,44.059,44.059,44.059,44.059,44.059,44.059,44.059,44.059,44.059,44.059,44.059,44.059,44.059,44.059,44.059,44.059,44.059,44.059,44.059,44.059,
44.059,44.059,44.059,44.059,44.059,44.059,44.059,44.059,44.059,44.059,44.059,44.059,44.059,44.059,44.059,44.059,44.059,44.059,44.059,44.059,44.059,44.059,44.059,44.059,
44.059,44.059,44.059,44.059,44.059,44.059,44.059,44.059,44.059,44.059,44.059,44.059,44.059,44.059,44.059,44.059,44.059,44.059,44.059,44.059,44.059,44.059,44.059,44.059,
44.059,44.059,44.059,44.059,44.059,44.059,44.059,44.059,44.059,44.059,44.059,44.059,44.059,44.059,44.059,44.059,44.059,44.059,44.059,44.059,44.059,44.059,44.059,44.059,
44.059,44.059,44.059,44.059,44.059,44.059,44.059,44.059,44.059,44.059,44.059,44.059,44.059,44.059,44.059,44.059,44.059,44.059,44.059,44.059,44.059,44.059,44.059,44.059,

48.571,50.857,50.857,52.0,53.143,54.286,54.857,51.429,53.143,54.286,54.857,54.857,54.857,54.857,54.857,54.857,54.857,54.857,54.857,54.857,54.857,54.857,54.857,54.857,
48.571,50.857,50.857,52.0,53.143,54.286,55.429,53.143,53.143,54.286,54.857,54.857,54.857,54.857,54.857,54.857,54.857,54.857,54.857,54.857,54.857,54.857,54.857,54.857,
48.571,50.857,50.857,52.0,53.143,53.714,54.286,53.143,53.143,54.857,54.857,54.857,54.857,54.857,54.857,54.857,54.857,54.857,54.857,54.857,54.857,54.857,54.857,54.857,
49.714,52.0,52.0,53.143,55.429,56.0,55.429,53.143,53.143,54.857,54.857,54.857,54.857,54.857,54.857,54.857,54.857,54.857,54.857,54.857,54.857,54.857,54.857,54.857,
49.143,51.429,51.429,52.571,54.286,54.857,54.857,53.143,53.714,54.857,54.857,54.857,54.857,54.857,54.857,54.857,54.857,54.857,54.857,54.857,54.857,54.857,54.857,54.857,
49.143,50.857,50.857,51.429,52.571,53.143,53.143,53.143,53.714,54.857,54.857,54.857,54.857,54.857,54.857,54.857,54.857,54.857,54.857,54.857,54.857,54.857,54.857,54.857,
49.143,50.857,50.857,50.857,52.0,53.143,53.143,53.143,53.714,54.857,54.857,54.857,54.857,54.857,54.857,54.857,54.857,54.857,54.857,54.857,54.857,54.857,54.857,54.857,
49.714,52.0,52.0,52.0,53.143,54.286,54.286,54.286,54.857,54.857,54.857,54.857,54.857,54.857,54.857,54.857,54.857,54.857,54.857,54.857,54.857,54.857,54.857,54.857,
49.714,53.143,53.143,53.143,54.286,54.286,54.286,54.286,54.857,54.857,54.857,54.857,54.857,54.857,54.857,54.857,54.857,54.857,54.857,54.857,54.857,54.857,54.857,54.857,
49.143,54.286,54.286,54.286,54.286,54.286,54.286,54.286,54.857,54.857,54.857,54.857,54.857,54.857,54.857,54.857,54.857,54.857,54.857,54.857,54.857,54.857,54.857,54.857,
49.714,54.857,54.857,54.857,54.857,54.857,54.857,54.857,54.857,54.857,54.857,54.857,54.857,54.857,54.857,54.857,54.857,54.857,54.857,54.857,54.857,54.857,54.857,54.857,
49.714,54.857,54.857,54.857,54.857,54.857,54.857,54.857,54.857,54.857,54.857,54.857,54.857,54.857,54.857,54.857,54.857,54.857,54.857,54.857,54.857,54.857,54.857,54.857,
51.429,54.857,54.857,54.857,54.857,54.857,54.857,54.857,54.857,54.857,54.857,54.857,54.857,54.857,54.857,54.857,54.857,54.857,54.857,54.857,54.857,54.857,54.857,54.857,
54.286,54.857,54.857,54.857,54.857,54.857,54.857,54.857,54.857,54.857,54.857,54.857,54.857,54.857,54.857,54.857,54.857,54.857,54.857,54.857,54.857,54.857,54.857,54.857,
54.286,54.857,54.857,54.857,54.857,54.857,54.857,54.857,54.857,54.857,54.857,54.857,54.857,54.857,54.857,54.857,54.857,54.857,54.857,54.857,54.857,54.857,54.857,54.857,
54.286,54.857,54.857,54.857,54.857,54.857,54.857,54.857,54.857,54.857,54.857,54.857,54.857,54.857,54.857,54.857,54.857,54.857,54.857,54.857,54.857,54.857,54.857,54.857,
54.857,54.857,54.857,54.857,54.857,54.857,54.857,54.857,54.857,54.857,54.857,54.857,54.857,54.857,54.857,54.857,54.857,54.857,54.857,54.857,54.857,54.857,54.857,54.857,
54.857,54.857,54.857,54.857,54.857,54.857,54.857,54.857,54.857,54.857,54.857,54.857,54.857,54.857,54.857,54.857,54.857,54.857,54.857,54.857,54.857,54.857,54.857,54.857,
54.857,54.857,54.857,54.857,54.857,54.857,54.857,54.857,54.857,54.857,54.857,54.857,54.857,54.857,54.857,54.857,54.857,54.857,54.857,54.857,54.857,54.857,54.857,54.857,
54.857,54.857,54.857,54.857,54.857,54.857,54.857,54.857,54.857,54.857,54.857,54.857,54.857,54.857,54.857,54.857,54.857,54.857,54.857,54.857,54.857,54.857,54.857,54.857,
54.857,54.857,54.857,54.857,54.857,54.857,54.857,54.857,54.857,54.857,54.857,54.857,54.857,54.857,54.857,54.857,54.857,54.857,54.857,54.857,54.857,54.857,54.857,54.857,
54.857,54.857,54.857,54.857,54.857,54.857,54.857,54.857,54.857,54.857,54.857,54.857,54.857,54.857,54.857,54.857,54.857,54.857,54.857,54.857,54.857,54.857,54.857,54.857,
54.857,54.857,54.857,54.857,54.857,54.857,54.857,54.857,54.857,54.857,54.857,54.857,54.857,54.857,54.857,54.857,54.857,54.857,54.857,54.857,54.857,54.857,54.857,54.857,
54.857,54.857,54.857,54.857,54.857,54.857,54.857,54.857,54.857,54.857,54.857,54.857,54.857,54.857,54.857,54.857,54.857,54.857,54.857,54.857,54.857,54.857,54.857,54.857,
54.857,54.857,54.857,54.857,54.857,54.857,54.857,54.857,54.857,54.857,54.857,54.857,54.857,54.857,54.857,54.857,54.857,54.857,54.857,54.857,54.857,54.857,54.857,54.857,
54.857,54.857,54.857,54.857,54.857,54.857,54.857,54.857,54.857,54.857,54.857,54.857,54.857,54.857,54.857,54.857,54.857,54.857,54.857,54.857,54.857,54.857,54.857,54.857,
54.857,54.857,54.857,54.857,54.857,54.857,54.857,54.857,54.857,54.857,54.857,54.857,54.857,54.857,54.857,54.857,54.857,54.857,54.857,54.857,54.857,54.857,54.857,54.857,
54.857,54.857,54.857,54.857,54.857,54.857,54.857,54.857,54.857,54.857,54.857,54.857,54.857,54.857,54.857,54.857,54.857,54.857,54.857,54.857,54.857,54.857,54.857,54.857,
54.857,54.857,54.857,54.857,54.857,54.857,54.857,54.857,54.857,54.857,54.857,54.857,54.857,54.857,54.857,54.857,54.857,54.857,54.857,54.857,54.857,54.857,54.857,54.857,
54.857,54.857,54.857,54.857,54.857,54.857,54.857,54.857,54.857,54.857,54.857,54.857,54.857,54.857,54.857,54.857,54.857,54.857,54.857,54.857,54.857,54.857,54.857,54.857,
54.857,54.857,54.857,54.857,54.857,54.857,54.857,54.857,54.857,54.857,54.857,54.857,54.857,54.857,54.857,54.857,54.857,54.857,54.857,54.857,54.857,54.857,54.857,54.857,
54.857,54.857,54.857,54.857,54.857,54.857,54.857,54.857,54.857,54.857,54.857,54.857,54.857,54.857,54.857,54.857,54.857,54.857,54.857,54.857,54.857,54.857,54.857,54.857,
54.857,54.857,54.857,54.857,54.857,54.857,54.857,54.857,54.857,54.857,54.857,54.857,54.857,54.857,54.857,54.857,54.857,54.857,54.857,54.857,54.857,54.857,54.857,54.857,
54.857,54.857,54.857,54.857,54.857,54.857,54.857,54.857,54.857,54.857,54.857,54.857,54.857,54.857,54.857,54.857,54.857,54.857,54.857,54.857,54.857,54.857,54.857,54.857,
54.857,54.857,54.857,54.857,54.857,54.857,54.857,54.857,54.857,54.857,54.857,54.857,54.857,54.857,54.857,54.857,54.857,54.857,54.857,54.857,54.857,54.857,54.857,54.857,
54.857,54.857,54.857,54.857,54.857,54.857,54.857,54.857,54.857,54.857,54.857,54.857,54.857,54.857,54.857,54.857,54.857,54.857,54.857,54.857,54.857,54.857,54.857,54.857,
54.857,54.857,54.857,54.857,54.857,54.857,54.857,54.857,54.857,54.857,54.857,54.857,54.857,54.857,54.857,54.857,54.857,54.857,54.857,54.857,54.857,54.857,54.857,54.857,
54.857,54.857,54.857,54.857,54.857,54.857,54.857,54.857,54.857,54.857,54.857,54.857,54.857,54.857,54.857,54.857,54.857,54.857,54.857,54.857,54.857,54.857,54.857,54.857,
54.857,54.857,54.857,54.857,54.857,54.857,54.857,54.857,54.857,54.857,54.857,54.857,54.857,54.857,54.857,54.857,54.857,54.857,54.857,54.857,54.857,54.857,54.857,54.857,
54.857,54.857,54.857,54.857,54.857,54.857,54.857,54.857,54.857,54.857,54.857,54.857,54.857,54.857,54.857,54.857,54.857,54.857,54.857,54.857,54.857,54.857,54.857,54.857,
54.857,54.857,54.857,54.857,54.857,54.857,54.857,54.857,54.857,54.857,54.857,54.857,54.857,54.857,54.857,54.857,54.857,54.857,54.857,54.857,54.857,54.857,54.857,54.857,
54.857,54.857,54.857,54.857,54.857,54.857,54.857,54.857,54.857,54.857,54.857,54.857,54.857,54.857,54.857,54.857,54.857,54.857,54.857,54.857,54.857,54.857,54.857,54.857,
54.857,54.857,54.857,54.857,54.857,54.857,54.857,54.857,54.857,54.857,54.857,54.857,54.857,54.857,54.857,54.857,54.857,54.857,54.857,54.857,54.857,54.857,54.857,54.857,
54.857,54.857,54.857,54.857,54.857,54.857,54.857,54.857,54.857,54.857,54.857,54.857,54.857,54.857,54.857,54.857,54.857,54.857,54.857,54.857,54.857,54.857,54.857,54.857,
54.857,54.857,54.857,54.857,54.857,54.857,54.857,54.857,54.857,54.857,54.857,54.857,54.857,54.857,54.857,54.857,54.857,54.857,54.857,54.857,54.857,54.857,54.857,54.857,
54.857,54.857,54.857,54.857,54.857,54.857,54.857,54.857,54.857,54.857,54.857,54.857,54.857,54.857,54.857,54.857,54.857,54.857,54.857,54.857,54.857,54.857,54.857,54.857,
54.857,54.857,54.857,54.857,54.857,54.857,54.857,54.857,54.857,54.857,54.857,54.857,54.857,54.857,54.857,54.857,54.857,54.857,54.857,54.857,54.857,54.857,54.857,54.857,
54.857,54.857,54.857,54.857,54.857,54.857,54.857,54.857,54.857,54.857,54.857,54.857,54.857,54.857,54.857,54.857,54.857,54.857,54.857,54.857,54.857,54.857,54.857,54.857,
54.857,54.857,54.857,54.857,54.857,54.857,54.857,54.857,54.857,54.857,54.857,54.857,54.857,54.857,54.857,54.857,54.857,54.857,54.857,54.857,54.857,54.857,54.857,54.857,
54.857,54.857,54.857,54.857,54.857,54.857,54.857,54.857,54.857,54.857,54.857,54.857,54.857,54.857,54.857,54.857,54.857,54.857,54.857,54.857,54.857,54.857,54.857,54.857,

52.778,52.778,52.778,52.778,52.778,52.778,52.778,52.778,52.778,53.333,53.333,53.889,53.889,53.889,53.889,53.889,53.889,53.889,53.889,53.889,53.889,53.889,53.889,53.889,
52.778,52.778,52.778,52.778,52.778,52.778,52.778,52.778,52.778,53.333,53.333,53.889,53.889,53.889,53.889,53.889,53.889,53.889,53.889,53.889,53.889,53.889,53.889,53.889,
52.778,52.778,52.778,52.778,52.778,52.778,52.778,52.778,52.778,53.333,53.333,53.889,53.889,53.889,53.889,53.889,53.889,53.889,53.889,53.889,53.889,53.889,53.889,53.889,
52.778,52.778,52.778,52.778,52.778,52.778,52.778,52.778,52.778,53.333,53.333,53.889,53.889,53.889,53.889,53.889,53.889,53.889,53.889,53.889,53.889,53.889,53.889,53.889,
52.778,52.778,52.778,52.778,52.778,52.778,52.778,52.778,52.778,53.333,53.333,53.889,53.889,53.889,53.889,53.889,53.889,53.889,53.889,53.889,53.889,53.889,53.889,53.889,
52.778,52.778,52.778,52.778,52.778,52.778,52.778,52.778,52.778,53.333,53.333,53.889,53.889,53.889,53.889,53.889,53.889,53.889,53.889,53.889,53.889,53.889,53.889,53.889,
52.778,52.778,52.778,52.778,52.778,52.778,52.778,52.778,52.778,53.333,53.333,53.889,53.889,53.889,53.889,53.889,53.889,53.889,53.889,53.889,53.889,53.889,53.889,53.889,
51.667,51.667,51.667,51.667,51.667,51.667,51.667,51.667,51.667,52.222,52.778,53.889,53.889,53.889,53.889,53.889,53.889,53.889,53.889,53.889,53.889,53.889,53.889,53.889,
51.667,51.667,51.667,51.667,51.667,51.667,51.667,51.667,51.667,52.222,52.778,53.889,53.889,53.889,53.889,53.889,53.889,53.889,53.889,53.889,53.889,53.889,53.889,53.889,
51.667,51.667,51.667,51.667,51.667,51.667,51.667,51.667,51.667,52.222,52.778,53.889,53.889,53.889,53.889,53.889,53.889,53.889,53.889,53.889,53.889,53.889,53.889,53.889,
51.667,51.667,51.667,51.667,51.667,51.667,51.667,51.667,51.667,52.222,52.778,53.889,53.889,53.889,53.889,53.889,53.889,53.889,53.889,53.889,53.889,53.889,53.889,53.889,
51.667,51.667,51.667,51.667,51.667,51.667,51.667,51.667,51.667,52.222,52.778,53.889,53.889,53.889,53.889,53.889,53.889,53.889,53.889,53.889,53.889,53.889,53.889,53.889,
51.667,51.667,51.667,51.667,51.667,51.667,51.667,51.667,51.667,52.222,52.778,53.889,53.889,53.889,53.889,53.889,53.889,53.889,53.889,53.889,53.889,53.889,53.889,53.889,
51.667,51.667,51.667,51.667,51.667,51.667,51.667,51.667,51.667,52.222,52.778,53.889,53.889,53.889,53.889,53.889,53.889,53.889,53.889,53.889,53.889,53.889,53.889,53.889,
51.667,51.667,51.667,51.667,51.667,51.667,51.667,51.667,51.667,52.222,52.778,53.889,53.889,53.889,53.889,53.889,53.889,53.889,53.889,53.889,53.889,53.889,53.889,53.889,
51.667,51.667,51.667,51.667,51.667,51.667,51.667,51.667,51.667,52.222,52.778,53.889,53.889,53.889,53.889,53.889,53.889,53.889,53.889,53.889,53.889,53.889,53.889,53.889,
51.667,51.667,51.667,51.667,51.667,51.667,51.667,51.667,51.667,52.222,52.778,53.889,53.889,53.889,53.889,53.889,53.889,53.889,53.889,53.889,53.889,53.889,53.889,53.889,
51.667,51.667,51.667,51.667,51.667,51.667,51.667,51.667,51.667,52.222,52.778,53.889,53.889,53.889,53.889,53.889,53.889,53.889,53.889,53.889,53.889,53.889,53.889,53.889,
51.667,51.667,51.667,51.667,51.667,51.667,51.667,51.667,51.667,52.222,52.778,53.889,53.889,53.889,53.889,53.889,53.889,53.889,53.889,53.889,53.889,53.889,53.889,53.889,
51.667,51.667,51.667,51.667,51.667,51.667,51.667,51.667,51.667,52.222,52.778,53.889,53.889,53.889,53.889,53.889,53.889,53.889,53.889,53.889,53.889,53.889,53.889,53.889,
51.667,51.667,51.667,51.667,51.667,51.667,51.667,51.667,51.667,52.222,52.778,53.889,53.889,53.889,53.889,53.889,53.889,53.889,53.889,53.889,53.889,53.889,53.889,53.889,
51.667,51.667,51.667,51.667,51.667,51.667,51.667,51.667,51.667,52.222,52.778,53.889,53.889,53.889,53.889,53.889,53.889,53.889,53.889,53.889,53.889,53.889,53.889,53.889,
51.667,51.667,51.667,51.667,51.667,51.667,51.667,51.667,51.667,52.222,52.778,53.889,53.889,53.889,53.889,53.889,53.889,53.889,53.889,53.889,53.889,53.889,53.889,53.889,
51.667,51.667,51.667,51.667,51.667,51.667,51.667,51.667,51.667,52.222,52.778,53.889,53.889,53.889,53.889,53.889,53.889,53.889,53.889,53.889,53.889,53.889,53.889,53.889,
51.667,51.667,51.667,51.667,51.667,51.667,51.667,51.667,51.667,52.222,52.778,51.111,51.111,51.111,51.111,51.111,51.111,51.111,51.111,51.111,51.111,51.111,51.111,51.111,
51.667,51.667,51.667,51.667,51.667,51.667,51.667,51.667,51.667,52.222,52.778,51.111,51.111,51.111,51.111,51.111,51.111,51.111,51.111,51.111,51.111,51.111,51.111,51.111,
51.667,51.667,51.667,51.667,51.667,51.667,51.667,51.667,51.667,52.222,52.778,51.111,51.111,51.111,51.111,51.111,51.111,51.111,51.111,51.111,51.111,51.111,51.111,51.111,
51.667,51.667,51.667,51.667,51.667,51.667,51.667,51.667,51.667,52.222,52.778,51.111,51.111,51.111,51.111,51.111,51.111,51.111,51.111,51.111,51.111,51.111,51.111,51.111,
51.667,51.667,51.667,51.667,51.667,51.667,51.667,51.667,51.667,52.222,52.778,51.111,51.111,51.111,51.111,51.111,51.111,51.111,51.111,51.111,51.111,51.111,51.111,51.111,
51.667,51.667,51.667,51.667,51.667,51.667,51.667,51.667,51.667,52.222,52.778,51.111,51.111,51.111,51.111,51.111,51.111,51.111,51.111,51.111,51.111,51.111,51.111,51.111,
51.667,51.667,51.667,51.667,51.667,51.667,51.667,51.667,51.667,52.222,52.778,51.111,51.111,51.111,51.111,51.111,51.111,51.111,51.111,51.111,51.111,51.111,51.111,51.111,
51.667,51.667,51.667,51.667,51.667,51.667,51.667,51.667,51.667,52.222,52.778,51.111,51.111,51.111,51.111,51.111,51.111,51.111,51.111,51.111,51.111,51.111,51.111,51.111,
51.667,51.667,51.667,51.667,51.667,51.667,51.667,51.667,51.667,52.222,52.778,51.111,51.111,51.111,51.111,51.111,51.111,51.111,51.111,51.111,51.111,51.111,51.111,51.111,
51.667,51.667,51.667,51.667,51.667,51.667,51.667,51.667,51.667,52.222,52.778,51.111,51.111,51.111,51.111,51.111,51.111,51.111,51.111,51.111,51.111,51.111,51.111,51.111,
51.667,51.667,51.667,51.667,51.667,51.667,51.667,51.667,51.667,52.222,52.778,51.111,51.111,51.111,51.111,51.111,51.111,51.111,51.111,51.111,51.111,51.111,51.111,51.111,
50.556,50.556,50.556,50.556,50.556,50.556,50.556,50.556,50.556,51.111,51.111,51.111,51.111,51.111,51.111,51.111,51.111,51.111,51.111,51.111,51.111,51.111,51.111,51.111,
51.111,51.111,51.111,51.111,51.111,51.111,51.111,51.111,51.111,51.111,51.111,51.111,51.111,51.111,51.111,51.111,51.111,51.111,51.111,51.111,51.111,51.111,51.111,51.111,
51.111,51.111,51.111,51.111,51.111,51.111,51.111,51.111,51.111,51.111,51.111,51.111,51.111,51.111,51.111,51.111,51.111,51.111,51.111,51.111,51.111,51.111,51.111,51.111,
51.111,51.111,51.111,51.111,51.111,51.111,51.111,51.111,51.111,51.111,51.111,51.111,51.111,51.111,51.111,51.111,51.111,51.111,51.111,51.111,51.111,51.111,51.111,51.111,
51.111,51.111,51.111,51.111,51.111,51.111,51.111,51.111,51.111,51.111,51.111,51.111,51.111,51.111,51.111,51.111,51.111,51.111,51.111,51.111,51.111,51.111,51.111,51.111,
51.111,51.111,51.111,51.111,51.111,51.111,51.111,51.111,51.111,51.111,51.111,51.111,51.111,51.111,51.111,51.111,51.111,51.111,51.111,51.111,51.111,51.111,51.111,51.111,
51.111,51.111,51.111,51.111,51.111,51.111,51.111,51.111,51.111,51.111,51.111,51.111,51.111,51.111,51.111,51.111,51.111,51.111,51.111,51.111,51.111,51.111,51.111,51.111,
51.111,51.111,51.111,51.111,51.111,51.111,51.111,51.111,51.111,51.111,51.111,51.111,51.111,51.111,51.111,51.111,51.111,51.111,51.111,51.111,51.111,51.111,51.111,51.111,
51.111,51.111,51.111,51.111,51.111,51.111,51.111,51.111,51.111,51.111,51.111,51.111,51.111,51.111,51.111,51.111,51.111,51.111,51.111,51.111,51.111,51.111,51.111,51.111,
51.111,51.111,51.111,51.111,51.111,51.111,51.111,51.111,51.111,51.111,51.111,51.111,51.111,51.111,51.111,51.111,51.111,51.111,51.111,51.111,51.111,51.111,51.111,51.111,
50.0,50.0,50.0,50.0,50.0,50.0,50.0,50.0,50.0,50.0,50.0,50.0,50.0,50.0,50.0,50.0,50.0,50.0,50.0,50.0,50.0,50.0,50.0,50.0,
48.889,48.889,48.889,48.889,48.889,48.889,48.889,48.889,48.889,48.889,48.889,48.889,48.889,48.889,48.889,48.889,48.889,48.889,48.889,48.889,48.889,48.889,48.889,48.889,
48.333,48.333,48.333,48.333,48.333,48.333,48.333,48.333,48.333,48.333,48.333,48.333,48.333,48.333,48.333,48.333,48.333,48.333,48.333,48.333,48.333,48.333,48.333,48.333,
47.778,47.778,47.778,47.778,47.778,47.778,47.778,47.778,47.778,47.778,47.778,47.778,47.778,47.778,47.778,47.778,47.778,47.778,47.778,47.778,47.778,47.778,47.778,47.778,
47.778,47.778,47.778,47.778,47.778,47.778,47.778,47.778,47.778,47.778,47.778,47.778,47.778,47.778,47.778,47.778,47.778,47.778,47.778,47.778,47.778,47.778,47.778,47.778,

46.591,46.591,46.591,46.591,46.591,46.591,46.591,46.591,46.591,46.591,46.591,46.591,46.591,46.591,46.591,46.591,46.591,46.591,46.591,46.591,46.591,46.591,46.591,46.591,
46.591,46.591,46.591,46.591,46.591,46.591,46.591,46.591,46.591,46.591,46.591,46.591,46.591,46.591,46.591,46.591,46.591,46.591,46.591,46.591,46.591,46.591,46.591,46.591,
46.591,46.591,46.591,46.591,46.591,46.591,46.591,46.591,46.591,46.591,46.591,46.591,46.591,46.591,46.591,46.591,46.591,46.591,46.591,46.591,46.591,46.591,46.591,46.591,
46.591,46.591,46.591,46.591,46.591,46.591,46.591,46.591,46.591,46.591,46.591,46.591,46.591,46.591,46.591,46.591,46.591,46.591,46.591,46.591,46.591,46.591,46.591,46.591,
46.591,46.591,46.591,46.591,46.591,46.591,46.591,46.591,46.591,46.591,46.591,46.591,46.591,46.591,46.591,46.591,46.591,46.591,46.591,46.591,46.591,46.591,46.591,46.591,
46.591,46.591,46.591,46.591,46.591,46.591,46.591,46.591,46.591,46.591,46.591,46.591,46.591,46.591,46.591,46.591,46.591,46.591,46.591,46.591,46.591,46.591,46.591,46.591,
46.591,46.591,46.591,46.591,46.591,46.591,46.591,46.591,46.591,46.591,46.591,46.591,46.591,46.591,46.591,46.591,46.591,46.591,46.591,46.591,46.591,46.591,46.591,46.591,
46.591,46.591,46.591,46.591,46.591,46.591,46.591,46.591,46.591,46.591,46.591,46.591,46.591,46.591,46.591,46.591,46.591,46.591,46.591,46.591,46.591,46.591,46.591,46.591,
46.591,46.591,46.591,46.591,46.591,46.591,46.591,46.591,46.591,46.591,46.591,46.591,46.591,46.591,46.591,46.591,46.591,46.591,46.591,46.591,46.591,46.591,46.591,46.591,
46.591,46.591,46.591,46.591,46.591,46.591,46.591,46.591,46.591,46.591,46.591,46.591,46.591,46.591,46.591,46.591,46.591,46.591,46.591,46.591,46.591,46.591,46.591,46.591,
46.591,46.591,46.591,46.591,46.591,46.591,46.591,46.591,46.591,46.591,46.591,46.591,46.591,46.591,46.591,46.591,46.591,46.591,46.591,46.591,46.591,46.591,46.591,46.591,
46.591,46.591,46.591,46.591,46.591,46.591,46.591,46.591,46.591,46.591,46.591,46.591,46.591,46.591,46.591,46.591,46.591,46.591,46.591,46.591,46.591,46.591,46.591,46.591,
46.591,46.591,46.591,46.591,46.591,46.591,46.591,46.591,46.591,46.591,46.591,46.591,46.591,46.591,46.591,46.591,46.591,46.591,46.591,46.591,46.591,46.591,46.591,46.591,
46.591,46.591,46.591,46.591,46.591,46.591,46.591,46.591,46.591,46.591,46.591,46.591,46.591,46.591,46.591,46.591,46.591,46.591,46.591,46.591,46.591,46.591,46.591,46.591,
46.591,46.591,46.591,46.591,46.591,46.591,46.591,46.591,46.591,46.591,46.591,46.591,46.591,46.591,46.591,46.591,46.591,46.591,46.591,46.591,46.591,46.591,46.591,46.591,
46.591,46.591,46.591,46.591,46.591,46.591,46.591,46.591,46.591,46.591,46.591,46.591,46.591,46.591,46.591,46.591,46.591,46.591,46.591,46.591,46.591,46.591,46.591,46.591,
46.591,46.591,46.591,46.591,46.591,46.591,46.591,46.591,46.591,46.591,46.591,46.591,46.591,46.591,46.591,46.591,46.591,46.591,46.591,46.591,46.591,46.591,46.591,46.591,
46.591,46.591,46.591,46.591,46.591,46.591,46.591,46.591,46.591,46.591,46.591,46.591,46.591,46.591,46.591,46.591,46.591,46.591,46.591,46.591,46.591,46.591,46.591,46.591,
46.591,46.591,46.591,46.591,46.591,46.591,46.591,46.591,46.591,46.591,46.591,46.591,46.591,46.591,46.591,46.591,46.591,46.591,46.591,46.591,46.591,46.591,46.591,46.591,
46.591,46.591,46.591,46.591,46.591,46.591,46.591,46.591,46.591,46.591,46.591,46.591,46.591,46.591,46.591,46.591,46.591,46.591,46.591,46.591,46.591,46.591,46.591,46.591,
46.591,46.591,46.591,46.591,46.591,46.591,46.591,46.591,46.591,46.591,46.591,46.591,46.591,46.591,46.591,46.591,46.591,46.591,46.591,46.591,46.591,46.591,46.591,46.591,
46.591,46.591,46.591,46.591,46.591,46.591,46.591,46.591,46.591,46.591,46.591,46.591,46.591,46.591,46.591,46.591,46.591,46.591,46.591,46.591,46.591,46.591,46.591,46.591,
46.591,46.591,46.591,46.591,46.591,46.591,46.591,46.591,46.591,46.591,46.591,46.591,46.591,46.591,46.591,46.591,46.591,46.591,46.591,46.591,46.591,46.591,46.591,46.591,
46.591,46.591,46.591,46.591,46.591,46.591,46.591,46.591,46.591,46.591,46.591,46.591,46.591,46.591,46.591,46.591,46.591,46.591,46.591,46.591,46.591,46.591,46.591,46.591,
46.591,46.591,46.591,46.591,46.591,46.591,46.591,46.591,46.591,46.591,46.591,46.591,46.591,46.591,46.591,46.591,46.591,46.591,46.591,46.591,46.591,46.591,46.591,46.591,
46.591,46.591,46.591,46.591,46.591,46.591,46.591,46.591,46.591,46.591,46.591,46.591,46.591,46.591,46.591,46.591,46.591,46.591,46.591,46.591,46.591,46.591,46.591,46.591,
46.591,46.591,46.591,46.591,46.591,46.591,46.591,46.591,46.591,46.591,46.591,46.591,46.591,46.591,46.591,46.591,46.591,46.591,46.591,46.591,46.591,46.591,46.591,46.591,
46.591,46.591,46.591,46.591,46.591,46.591,46.591,46.591,46.591,46.591,46.591,46.591,46.591,46.591,46.591,46.591,46.591,46.591,46.591,46.591,46.591,46.591,46.591,46.591,
46.591,46.591,46.591,46.591,46.591,46.591,46.591,46.591,46.591,46.591,46.591,46.591,46.591,46.591,46.591,46.591,46.591,46.591,46.591,46.591,46.591,46.591,46.591,46.591,
46.591,46.591,46.591,46.591,46.591,46.591,46.591,46.591,46.591,46.591,46.591,46.591,46.591,46.591,46.591,46.591,46.591,46.591,46.591,46.591,46.591,46.591,46.591,46.591,
46.591,46.591,46.591,46.591,46.591,46.591,46.591,46.591,46.591,46.591,46.591,46.591,46.591,46.591,46.591,46.591,46.591,46.591,46.591,46.591,46.591,46.591,46.591,46.591,
46.591,46.591,46.591,46.591,46.591,46.591,46.591,46.591,46.591,46.591,46.591,46.591,46.591,46.591,46.591,46.591,46.591,46.591,46.591,46.591,46.591,46.591,46.591,46.591,
46.591,46.591,46.591,46.591,46.591,46.591,46.591,46.591,46.591,46.591,46.591,46.591,46.591,46.591,46.591,46.591,46.591,46.591,46.591,46.591,46.591,46.591,46.591,46.591,
46.591,46.591,46.591,46.591,46.591,46.591,46.591,46.591,46.591,46.591,46.591,46.591,46.591,46.591,46.591,46.591,46.591,46.591,46.591,46.591,46.591,46.591,46.591,46.591,
46.591,46.591,46.591,46.591,46.591,46.591,46.591,46.591,46.591,46.591,46.591,46.591,46.591,46.591,46.591,46.591,46.591,46.591,46.591,46.591,46.591,46.591,46.591,46.591,
46.591,46.591,46.591,46.591,46.591,46.591,46.591,46.591,46.591,46.591,46.591,46.591,46.591,46.591,46.591,46.591,46.591,46.591,46.591,46.591,46.591,46.591,46.591,46.591,
46.591,46.591,46.591,46.591,46.591,46.591,46.591,46.591,46.591,46.591,46.591,46.591,46.591,46.591,46.591,46.591,46.591,46.591,46.591,46.591,46.591,46.591,46.591,46.591,
46.591,46.591,46.591,46.591,46.591,46.591,46.591,46.591,46.591,46.591,46.591,46.591,46.591,46.591,46.591,46.591,46.591,46.591,46.591,46.591,46.591,46.591,46.591,46.591,
46.591,46.591,46.591,46.591,46.591,46.591,46.591,46.591,46.591,46.591,46.591,46.591,46.591,46.591,46.591,46.591,46.591,46.591,46.591,46.591,46.591,46.591,46.591,46.591,
46.591,46.591,46.591,46.591,46.591,46.591,46.591,46.591,46.591,46.591,46.591,46.591,46.591,46.591,46.591,46.591,46.591,46.591,46.591,46.591,46.591,46.591,46.591,46.591,
46.591,46.591,46.591,46.591,46.591,46.591,46.591,46.591,46.591,46.591,46.591,46.591,46.591,46.591,46.591,46.591,46.591,46.591,46.591,46.591,46.591,46.591,46.591,46.591,
46.591,46.591,46.591,46.591,46.591,46.591,46.591,46.591,46.591,46.591,46.591,46.591,46.591,46.591,46.591,46.591,46.591,46.591,46.591,46.591,46.591,46.591,46.591,46.591,
46.591,46.591,46.591,46.591,46.591,46.591,46.591,46.591,46.591,46.591,46.591,46.591,46.591,46.591,46.591,46.591,46.591,46.591,46.591,46.591,46.591,46.591,46.591,46.591,
46.591,46.591,46.591,46.591,46.591,46.591,46.591,46.591,46.591,46.591,46.591,46.591,46.591,46.591,46.591,46.591,46.591,46.591,46.591,46.591,46.591,46.591,46.591,46.591,
46.591,46.591,46.591,46.591,46.591,46.591,46.591,46.591,46.591,46.591,46.591,46.591,46.591,46.591,46.591,46.591,46.591,46.591,46.591,46.591,46.591,46.591,46.591,46.591,
46.591,46.591,46.591,46.591,46.591,46.591,46.591,46.591,46.591,46.591,46.591,46.591,46.591,46.591,46.591,46.591,46.591,46.591,46.591,46.591,46.591,46.591,46.591,46.591,
46.591,46.591,46.591,46.591,46.591,46.591,46.591,46.591,46.591,46.591,46.591,46.591,46.591,46.591,46.591,46.591,46.591,46.591,46.591,46.591,46.591,46.591,46.591,46.591,
46.591,46.591,46.591,46.591,46.591,46.591,46.591,46.591,46.591,46.591,46.591,46.591,46.591,46.591,46.591,46.591,46.591,46.591,46.591,46.591,46.591,46.591,46.591,46.591,
46.591,46.591,46.591,46.591,46.591,46.591,46.591,46.591,46.591,46.591,46.591,46.591,46.591,46.591,46.591,46.591,46.591,46.591,46.591,46.591,46.591,46.591,46.591,46.591,
46.591,46.591,46.591,46.591,46.591,46.591,46.591,46.591,46.591,46.591,46.591,46.591,46.591,46.591,46.591,46.591,46.591,46.591,46.591,46.591,46.591,46.591,46.591,46.591,

53.205,53.846,55.128,54.487,48.077,46.795,46.795,50.641,50.641,50.641,50.641,50.641,50.641,50.641,50.0,48.077,43.59,43.59,43.59,43.59,43.59,43.59,44.231,44.231,
53.205,53.846,55.128,54.487,48.077,46.795,46.795,50.641,50.641,50.641,50.641,50.641,50.641,50.641,50.0,48.077,43.59,43.59,43.59,43.59,43.59,43.59,44.231,44.231,
53.205,53.846,55.128,54.487,48.077,46.795,46.795,50.641,50.641,50.641,50.641,50.641,50.641,50.641,50.0,48.077,43.59,43.59,43.59,43.59,43.59,43.59,44.231,44.231,
53.205,53.846,55.128,54.487,48.077,46.795,46.795,50.641,50.641,50.641,50.641,50.641,50.641,50.641,50.0,48.077,43.59,43.59,43.59,43.59,43.59,43.59,44.231,44.231,
53.205,53.846,55.128,54.487,48.077,46.795,46.795,50.641,50.641,50.641,50.641,50.641,50.641,50.641,50.0,48.077,43.59,43.59,43.59,43.59,43.59,43.59,44.231,44.231,
53.205,53.846,55.128,54.487,48.077,46.795,46.795,50.641,50.641,50.641,50.641,50.641,50.641,50.641,50.0,48.077,43.59,43.59,43.59,43.59,43.59,43.59,44.231,44.231,
53.205,53.846,55.128,54.487,48.077,46.795,46.795,50.641,50.641,50.641,50.641,50.641,50.641,50.641,50.0,46.795,42.308,42.308,42.308,42.308,42.308,42.308,42.949,42.949,
51.923,52.564,53.846,53.205,46.795,46.795,46.795,47.436,47.436,47.436,47.436,47.436,47.436,47.436,46.795,46.795,42.308,42.308,42.308,42.308,42.308,42.308,42.949,42.949,
51.282,51.923,53.205,52.564,46.795,46.795,46.795,47.436,47.436,47.436,47.436,47.436,47.436,47.436,46.795,46.795,42.308,42.308,42.308,42.308,42.308,42.308,42.949,42.949,
51.282,51.923,53.205,52.564,46.795,46.795,46.795,47.436,47.436,47.436,47.436,47.436,47.436,47.436,46.795,46.795,42.308,42.308,42.308,42.308,42.308,42.308,42.949,42.949,
51.282,51.923,53.205,52.564,46.795,46.795,46.795,47.436,47.436,47.436,47.436,47.436,47.436,47.436,46.795,46.795,42.308,42.308,42.308,42.308,42.308,42.308,42.949,42.949,
51.282,51.923,53.205,52.564,46.795,46.795,46.795,47.436,47.436,47.436,47.436,47.436,47.436,47.436,46.795,46.795,42.308,42.308,42.308,42.308,42.308,42.308,42.949,42.949,
51.282,51.923,53.205,52.564,46.795,46.795,46.795,47.436,47.436,47.436,47.436,47.436,47.436,47.436,46.795,46.795,42.308,42.308,42.308,42.308,42.308,42.308,42.949,42.949,
51.282,51.923,53.205,52.564,46.795,46.795,46.795,47.436,47.436,47.436,47.436,47.436,47.436,47.436,46.795,46.795,41.667,41.667,41.667,41.667,41.667,41.667,42.308,42.949,
51.282,51.923,53.205,52.564,46.795,45.513,45.513,47.436,47.436,47.436,47.436,47.436,47.436,47.436,46.795,46.795,41.667,41.667,41.667,41.667,41.667,41.667,42.308,42.949,
51.282,51.923,53.205,52.564,46.795,45.513,45.513,47.436,47.436,47.436,47.436,47.436,47.436,47.436,46.795,46.154,41.026,41.026,41.026,41.026,41.026,41.026,41.667,42.308,
51.282,51.923,53.205,52.564,46.795,45.513,45.513,47.436,47.436,47.436,47.436,47.436,47.436,47.436,46.795,46.154,41.026,41.026,41.026,41.026,41.026,41.026,41.667,42.308,
51.282,51.923,53.205,52.564,46.795,45.513,45.513,47.436,47.436,47.436,47.436,47.436,47.436,47.436,46.795,46.154,41.026,41.026,41.026,41.026,41.026,41.026,41.667,42.308,
49.359,50.0,51.282,51.923,44.872,45.513,45.513,47.436,47.436,47.436,47.436,47.436,47.436,47.436,46.795,46.154,41.026,41.026,41.026,41.026,41.026,41.026,41.667,42.308,
49.359,50.0,51.282,51.923,44.231,44.872,45.513,47.436,47.436,47.436,47.436,47.436,47.436,47.436,46.154,45.513,40.385,40.385,40.385,40.385,40.385,40.385,41.026,41.667,
49.359,48.077,49.359,50.0,44.231,44.872,45.513,47.436,47.436,47.436,47.436,47.436,47.436,47.436,46.154,46.154,41.667,41.667,41.667,41.667,41.667,41.667,42.308,42.308,
49.359,48.077,49.359,50.0,46.154,45.513,45.513,47.436,47.436,47.436,47.436,47.436,47.436,47.436,46.154,46.154,41.667,41.667,41.667,41.667,41.667,41.667,42.308,42.308,
44.231,44.872,46.154,46.795,44.231,44.231,43.59,45.513,45.513,45.513,45.513,45.513,45.513,45.513,44.231,46.154,41.667,41.667,41.667,41.667,41.667,41.667,42.308,42.308,
44.231,44.872,46.154,46.795,44.231,44.231,43.59,45.513,45.513,45.513,45.513,45.513,45.513,45.513,44.872,46.795,42.308,42.308,42.308,42.308,42.308,42.308,42.949,42.949,
44.231,44.872,46.154,46.795,44.231,44.231,43.59,45.513,45.513,45.513,45.513,45.513,45.513,45.513,44.872,46.795,42.308,42.308,42.308,42.308,42.308,42.308,42.949,42.949,
44.231,44.872,46.154,46.795,44.231,44.231,43.59,45.513,45.513,45.513,45.513,45.513,45.513,45.513,44.872,46.795,42.308,42.308,42.308,42.308,42.308,42.308,42.949,42.949,
43.59,44.231,45.513,46.154,44.231,44.231,43.59,45.513,45.513,45.513,45.513,45.513,45.513,45.513,44.872,46.795,42.308,42.308,42.308,42.308,42.308,42.308,42.949,42.949,
42.308,41.667,42.949,43.59,41.667,41.667,41.026,41.667,41.667,41.667,41.667,41.667,41.667,41.667,42.308,44.231,42.308,42.308,42.308,42.308,42.308,42.308,42.949,42.949,
41.026,39.744,41.026,41.667,40.385,40.385,39.744,40.385,40.385,40.385,40.385,40.385,40.385,40.385,41.026,44.231,42.308,42.308,42.308,42.308,42.308,42.308,42.949,42.949,
41.026,39.744,41.026,41.667,38.462,38.462,38.462,38.462,38.462,38.462,38.462,38.462,38.462,38.462,41.026,44.231,42.308,42.308,42.308,42.308,42.308,42.308,42.949,42.949,
42.308,40.385,40.385,41.026,38.462,38.462,38.462,38.462,38.462,38.462,38.462,38.462,38.462,38.462,41.026,44.231,42.308,42.308,42.308,42.308,42.308,42.308,42.949,42.949,
42.308,40.385,40.385,41.026,38.462,38.462,38.462,38.462,38.462,38.462,38.462,38.462,38.462,38.462,41.026,44.231,43.59,43.59,43.59,43.59,43.59,43.59,42.949,42.949,
43.59,42.308,42.308,42.949,41.026,41.026,41.026,41.026,41.026,41.026,41.026,41.026,41.026,41.026,43.59,44.231,42.949,42.949,42.949,42.949,42.949,42.949,42.949,42.949,
42.949,42.308,42.308,42.949,41.026,41.026,41.026,41.026,41.026,41.026,41.026,41.026,41.026,41.026,43.59,44.231,42.949,42.949,42.949,42.949,42.949,42.949,42.949,42.949,
42.308,40.385,40.385,41.026,41.026,41.026,41.026,41.026,41.026,41.026,41.026,41.026,41.026,41.026,43.59,44.231,42.949,42.949,42.949,42.949,42.949,42.949,42.949,42.949,
40.385,40.385,40.385,41.026,41.026,41.026,41.026,41.026,41.026,41.026,41.026,41.026,41.026,41.026,43.59,44.231,42.949,42.949,42.949,42.949,42.949,42.949,42.949,42.949,
40.385,40.385,40.385,41.026,41.026,41.026,41.026,41.026,41.026,41.026,41.026,41.026,41.026,41.026,43.59,44.231,42.949,42.949,42.949,42.949,42.949,42.949,42.949,42.949,
40.385,40.385,40.385,41.026,40.385,40.385,40.385,40.385,40.385,40.385,40.385,40.385,40.385,40.385,42.949,43.59,42.949,42.949,42.949,42.949,42.949,42.949,42.949,42.949,
41.026,41.026,41.026,41.667,41.026,41.026,41.026,41.026,41.026,41.026,41.026,41.026,41.026,41.026,43.59,44.231,42.949,42.949,42.949,42.949,42.949,42.949,42.949,42.949,
41.026,41.026,41.026,41.667,41.026,41.026,41.026,41.026,41.026,41.026,41.026,41.026,41.026,41.026,43.59,44.231,42.949,42.949,42.949,42.949,42.949,42.949,42.949,42.949,
44.872,44.872,44.872,45.513,44.872,44.872,44.872,44.872,44.872,44.872,44.872,44.872,44.872,44.872,44.872,44.872,42.949,42.949,42.949,42.949,42.949,42.949,42.949,42.949,
44.872,44.872,44.872,45.513,44.872,44.872,44.872,44.872,44.872,44.872,44.872,44.872,44.872,44.872,44.872,44.872,42.949,42.949,42.949,42.949,42.949,42.949,42.949,42.949,
44.872,44.872,44.872,45.513,44.872,44.872,44.872,44.872,44.872,44.872,44.872,44.872,44.872,44.872,44.872,44.872,44.872,44.872,44.872,44.872,44.872,44.872,44.872,44.872,
44.872,44.872,44.872,45.513,44.872,44.872,44.872,44.872,44.872,44.872,44.872,44.872,44.872,44.872,44.872,44.872,44.872,44.872,44.872,44.872,44.872,44.872,44.872,44.872,
43.59,43.59,43.59,44.231,44.872,44.872,44.872,44.872,44.872,44.872,44.872,44.872,44.872,44.872,44.872,44.872,44.872,44.872,44.872,44.872,44.872,44.872,44.872,44.872,
44.231,44.231,44.231,44.872,44.872,44.872,44.872,44.872,44.872,44.872,44.872,44.872,44.872,44.872,44.872,44.872,44.872,44.872,44.872,44.872,44.872,44.872,44.872,44.872,
44.872,44.872,44.872,44.872,44.872,44.872,44.872,44.872,44.872,44.872,44.872,44.872,44.872,44.872,44.872,44.872,44.872,44.872,44.872,44.872,44.872,44.872,44.872,44.872,
43.59,43.59,43.59,43.59,43.59,43.59,43.59,43.59,43.59,43.59,43.59,43.59,43.59,43.59,43.59,43.59,43.59,43.59,43.59,43.59,43.59,43.59,43.59,43.59,
43.59,43.59,43.59,43.59,43.59,43.59,43.59,43.59,43.59,43.59,43.59,43.59,43.59,43.59,43.59,43.59,43.59,43.59,43.59,43.59,43.59,43.59,42.949,42.949,
40.385,40.385,40.385,40.385,40.385,40.385,40.385,40.385,40.385,40.385,40.385,40.385,40.385,40.385,40.385,40.385,40.385,40.385,40.385,40.385,40.385,40.385,39.744,39.744,

47.337,47.337,44.97,44.379,45.562,45.562,45.562,45.562,46.746,47.337,46.746,46.746,46.746,47.929,47.929,47.929,47.929,47.929,49.112,47.929,47.929,47.929,47.929,47.929,
47.337,47.337,44.97,44.379,45.562,45.562,45.562,45.562,46.746,47.337,46.746,46.746,46.746,47.929,47.929,47.929,47.929,47.929,49.112,47.929,47.929,47.929,47.929,47.929,
47.337,47.337,44.97,44.379,45.562,45.562,45.562,45.562,46.746,47.337,46.746,46.746,46.746,47.929,47.929,47.929,47.929,47.929,49.112,47.929,47.929,47.929,47.929,47.929,
46.154,46.154,43.787,43.195,44.379,44.379,44.379,44.379,45.562,46.154,45.562,45.562,45.562,46.746,46.746,46.746,46.746,46.746,47.929,47.929,47.929,47.929,47.929,47.929,
45.562,45.562,43.195,42.604,43.787,43.787,43.787,43.787,44.97,45.562,44.97,44.97,44.97,46.154,46.154,46.154,46.154,46.154,47.929,47.929,47.929,47.929,47.929,47.929,
45.562,45.562,43.195,42.604,43.787,43.787,43.787,43.787,44.97,45.562,44.97,44.97,44.97,46.154,46.154,46.154,46.154,46.154,47.929,47.929,47.929,47.929,47.929,47.929,
46.154,46.154,43.787,42.604,43.787,43.787,43.787,43.787,44.97,45.562,44.97,44.97,44.97,46.154,46.154,46.154,46.154,46.154,47.929,47.929,47.929,47.929,47.929,47.929,
46.154,46.154,43.787,42.604,43.787,43.787,43.787,43.787,44.97,45.562,44.97,44.97,44.97,46.154,46.154,46.154,46.154,46.154,47.929,47.929,47.929,47.929,47.929,47.929,
45.562,45.562,43.787,42.604,43.787,43.787,43.787,43.787,44.97,45.562,44.97,44.97,44.97,46.154,46.154,46.154,46.154,46.154,47.929,47.929,47.929,47.929,47.929,47.929,
45.562,45.562,43.787,42.604,43.787,43.787,43.787,43.787,44.97,45.562,44.97,43.787,43.787,44.97,44.97,44.97,44.97,44.97,46.746,45.562,45.562,45.562,45.562,45.562,
43.195,43.195,43.195,42.604,43.787,43.787,43.787,43.787,43.787,43.195,42.604,42.604,42.604,43.787,43.787,43.787,43.787,43.787,45.562,45.562,45.562,45.562,45.562,45.562,
42.604,42.604,42.604,42.604,43.787,43.787,43.787,43.787,43.787,43.195,42.604,42.604,42.604,43.787,43.787,43.787,43.787,43.787,45.562,45.562,45.562,45.562,45.562,45.562,
43.787,43.787,43.787,43.787,44.97,44.97,44.97,44.97,44.97,44.379,43.787,43.787,43.787,44.97,44.97,44.97,44.97,44.97,45.562,45.562,45.562,45.562,45.562,45.562,
43.787,43.787,43.787,43.195,44.379,44.379,44.379,44.379,44.97,44.379,43.195,43.195,42.604,43.787,43.787,43.787,43.787,43.787,44.379,44.379,44.379,44.379,44.379,44.379,
43.787,43.787,43.787,43.195,44.379,44.379,43.787,43.787,43.787,43.195,42.604,42.604,42.604,43.787,43.787,43.787,43.787,43.787,44.379,44.379,44.379,44.379,44.379,44.379,
43.787,43.787,43.787,43.195,44.379,44.379,43.787,43.787,43.787,43.195,42.604,42.604,42.604,43.787,43.787,43.787,43.787,43.787,44.379,44.379,44.379,44.379,44.379,44.379,
43.787,43.787,43.787,43.195,44.379,44.379,43.787,43.787,43.787,43.195,42.604,42.604,42.604,43.787,43.787,43.787,43.787,43.787,44.379,44.379,44.379,44.379,44.379,44.379,
43.195,43.195,43.195,42.604,43.787,43.787,43.787,43.787,43.787,43.195,42.604,42.604,42.604,43.787,43.787,43.787,43.787,43.787,44.379,44.379,44.379,44.379,44.379,44.379,
44.379,44.379,44.379,43.787,44.97,44.97,44.97,44.97,44.97,44.379,43.787,43.787,43.787,44.97,44.97,44.97,44.97,44.97,44.97,44.97,44.97,44.97,44.97,44.97,
43.787,43.787,43.787,43.787,44.97,44.97,44.97,44.97,44.97,44.379,43.787,43.787,43.787,44.97,44.97,44.97,44.97,44.97,44.97,44.97,44.97,44.97,44.97,44.97,
43.787,43.787,43.787,43.787,44.97,44.97,44.97,44.97,44.97,44.379,43.787,43.787,43.787,44.97,44.97,44.97,44.97,44.97,44.97,44.97,44.97,44.97,44.97,44.97,
44.379,44.379,44.379,44.379,44.97,44.97,44.97,44.97,44.97,44.379,44.379,44.379,44.379,44.97,44.97,44.97,44.97,44.97,44.97,44.97,44.97,44.97,44.97,44.97,
44.379,44.379,44.379,44.379,44.97,44.97,44.97,44.97,44.97,44.379,44.379,44.379,44.379,44.97,44.97,44.97,44.97,44.97,44.97,44.97,44.97,44.97,44.97,44.97,
44.379,44.379,44.379,44.379,44.97,44.97,44.97,44.97,44.97,44.379,44.379,44.379,44.379,44.97,44.97,44.97,44.97,44.97,44.97,44.97,44.97,44.97,44.97,44.97,
44.97,44.97,44.97,44.97,46.154,46.154,46.154,46.154,46.154,44.97,44.97,44.97,44.97,46.154,46.154,46.154,46.154,46.154,46.154,46.154,46.154,46.154,46.154,46.154,
46.154,46.154,46.154,46.154,47.337,47.337,47.337,47.337,47.337,46.154,46.154,46.154,46.154,47.337,47.337,47.337,47.337,47.337,47.337,47.337,47.337,47.337,47.337,47.337,
47.337,47.337,47.337,47.337,47.337,47.337,47.337,47.337,47.337,46.154,46.154,46.154,46.154,47.337,47.337,47.337,47.337,47.337,47.337,47.337,47.337,47.337,47.337,47.337,
47.337,47.337,47.337,47.337,47.337,47.337,47.337,47.337,47.337,47.337,47.337,47.337,47.337,47.337,47.337,47.337,47.337,47.337,47.337,47.337,47.337,47.337,47.337,47.337,
47.337,47.337,47.337,47.337,47.337,47.337,47.337,47.337,47.337,47.337,47.337,47.337,47.337,47.337,47.337,47.337,47.337,47.337,47.337,47.337,47.337,47.337,47.337,47.337,
47.337,47.337,47.337,47.337,47.337,47.337,47.337,47.337,47.337,47.337,47.337,47.337,47.337,47.337,47.337,47.337,47.337,47.337,47.337,47.337,47.337,47.337,47.337,47.337,
47.337,47.337,47.337,47.337,47.337,47.337,47.337,47.337,47.337,47.337,47.337,47.337,47.337,47.337,47.337,47.337,47.337,47.337,47.337,47.337,47.337,47.337,47.337,47.337,
47.337,47.337,47.337,47.337,47.337,47.337,47.337,47.337,47.337,47.337,47.337,47.337,47.337,47.337,47.337,47.337,47.337,47.337,47.337,47.337,47.337,47.337,47.337,47.337,
47.337,47.337,47.337,47.337,47.337,47.337,47.337,47.337,47.337,47.337,47.337,47.337,47.337,47.337,47.337,47.337,47.337,47.337,47.337,47.337,47.337,47.337,47.337,47.337,
47.337,47.337,47.337,47.337,47.337,47.337,47.337,47.337,47.337,47.337,47.337,47.337,47.337,47.337,47.337,47.337,47.337,47.337,47.337,47.337,47.337,47.337,47.337,47.337,
47.337,47.337,47.337,47.337,47.337,47.337,47.337,47.337,47.337,47.337,47.337,47.337,47.337,47.337,47.337,47.337,47.337,47.337,47.337,47.337,47.337,47.337,47.337,47.337,
47.337,47.337,47.337,47.337,47.337,47.337,47.337,47.337,47.337,47.337,47.337,47.337,47.337,47.337,47.337,47.337,47.337,47.337,47.337,47.337,47.337,47.337,47.337,47.337,
47.337,47.337,47.337,47.337,47.337,47.337,47.337,47.337,47.337,47.337,47.337,47.337,47.337,47.337,47.337,47.337,47.337,47.337,47.337,47.337,47.337,47.337,47.337,47.337,
47.337,47.337,47.337,47.337,47.337,47.337,47.337,47.337,47.337,47.337,47.337,47.337,47.337,47.337,47.337,47.337,47.337,47.337,47.337,47.337,47.337,47.337,47.337,47.337,
47.337,47.337,47.337,47.337,47.337,47.337,47.337,47.337,47.337,47.337,47.337,47.337,47.337,47.337,47.337,47.337,47.337,47.337,47.337,47.337,47.337,47.337,47.337,47.337,
47.337,47.337,47.337,47.337,47.337,47.337,47.337,47.337,47.337,47.337,47.337,47.337,47.337,47.337,47.337,47.337,47.337,47.337,47.337,47.337,47.337,47.337,47.337,47.337,
47.337,47.337,47.337,47.337,47.337,47.337,47.337,47.337,47.337,47.337,47.337,47.337,47.337,47.337,47.337,47.337,47.337,47.337,47.337,47.337,47.337,47.337,47.337,47.337,
47.337,47.337,47.337,47.337,47.337,47.337,47.337,47.337,47.337,47.337,47.337,47.337,47.337,47.337,47.337,47.337,47.337,47.337,47.337,47.337,47.337,47.337,47.337,47.337,
47.337,47.337,47.337,47.337,47.337,47.337,47.337,47.337,47.337,47.337,47.337,47.337,47.337,47.337,47.337,47.337,47.337,47.337,47.337,47.337,47.337,47.337,47.337,47.337,
47.337,47.337,47.337,47.337,47.337,47.337,47.337,47.337,47.337,47.337,47.337,47.337,47.337,47.337,47.337,47.337,47.337,47.337,47.337,47.337,47.337,47.337,47.337,47.337,
47.337,47.337,47.337,47.337,47.337,47.337,47.337,47.337,47.337,47.337,47.337,47.337,47.337,47.337,47.337,47.337,47.337,47.337,47.337,47.337,47.337,47.337,47.337,47.337,
47.337,47.337,47.337,47.337,47.337,47.337,47.337,47.337,47.337,47.337,47.337,47.337,47.337,47.337,47.337,47.337,47.337,47.337,47.337,47.337,47.337,47.337,47.337,47.337,
47.337,47.337,47.337,47.337,47.337,47.337,47.337,47.337,47.337,47.337,47.337,47.337,47.337,47.337,47.337,47.337,47.337,47.337,47.337,47.337,47.337,47.337,47.337,47.337,
47.337,47.337,47.337,47.337,47.337,47.337,47.337,47.337,47.337,47.337,47.337,47.337,47.337,47.337,47.337,47.337,47.337,47.337,47.337,47.337,47.337,47.337,47.337,47.337,
47.337,47.337,47.337,47.337,47.337,47.337,47.337,47.337,47.337,47.337,47.337,47.337,47.337,47.337,47.337,47.337,47.337,47.337,47.337,47.337,47.337,47.337,47.337,47.337,
47.337,47.337,47.337,47.337,47.337,47.337,47.337,47.337,47.337,47.337,47.337,47.337,47.337,47.337,47.337,47.337,47.337,47.337,47.337,47.337,47.337,47.337,47.337,47.337,

49.697,49.697,51.515,53.939,55.758,58.788,56.97,56.97,56.97,56.97,56.97,56.97,56.97,56.97,56.97,56.97,56.97,56.97,56.97,55.152,52.121,50.909,50.909,50.909,
49.697,49.697,51.515,53.939,55.758,58.788,56.97,56.97,56.97,56.97,56.97,56.97,56.97,56.97,56.97,56.97,56.97,56.97,56.97,55.152,52.121,50.909,50.909,50.909,
49.697,49.697,51.515,53.939,55.758,58.788,56.97,56.97,56.97,56.97,56.97,56.97,56.97,56.97,56.97,56.97,56.97,56.97,56.97,55.152,52.121,50.909,50.909,50.909,
49.697,49.697,51.515,53.939,55.758,58.788,56.97,56.97,56.97,56.97,56.97,56.97,56.97,56.97,56.97,56.97,56.97,56.97,56.97,55.152,52.121,50.909,50.909,50.909,
49.697,49.697,51.515,53.939,55.758,58.788,56.97,56.97,56.97,56.97,56.97,56.97,56.97,56.97,56.97,56.97,56.97,56.97,56.97,55.152,52.121,50.909,50.909,50.909,
49.697,49.697,51.515,53.939,55.758,58.788,56.97,56.97,56.97,56.97,56.97,56.97,56.97,56.97,56.97,56.97,56.97,56.97,56.97,55.152,52.121,50.909,50.909,50.909,
49.697,49.697,51.515,53.939,55.758,58.788,56.97,56.97,56.97,56.97,56.97,56.97,56.97,56.97,56.97,56.97,56.97,56.97,56.97,55.152,52.121,50.909,50.909,50.909,
49.697,49.697,51.515,53.939,55.758,58.788,56.97,56.97,56.97,56.97,56.97,56.97,56.97,56.97,56.97,56.97,56.97,56.97,56.97,55.152,52.121,50.909,50.909,50.909,
50.303,50.303,52.121,54.545,56.364,58.788,56.97,56.97,56.97,56.97,56.97,56.97,56.97,56.97,56.97,56.97,56.97,56.97,56.97,55.152,52.121,50.909,50.909,50.909,
50.303,50.909,51.515,53.939,55.152,57.576,55.758,55.758,55.758,55.758,55.758,55.758,55.758,55.758,55.758,55.758,55.758,55.758,55.758,55.152,52.121,50.909,50.909,50.909,
52.727,53.333,52.727,53.939,55.152,57.576,55.758,55.758,55.758,55.758,55.758,55.758,55.758,55.758,55.758,55.758,55.758,55.758,55.758,55.152,52.121,50.909,50.909,50.909,
53.333,53.939,52.727,53.939,55.152,57.576,55.758,55.758,55.758,55.758,55.758,55.758,55.758,55.758,55.758,55.758,55.758,55.758,55.758,55.152,52.121,50.909,50.909,50.909,
52.121,52.727,52.727,53.939,55.152,57.576,55.758,55.758,55.758,55.758,55.758,55.758,55.758,55.758,55.758,55.758,55.758,55.758,55.758,54.545,51.515,50.303,50.303,50.303,
52.121,52.727,52.727,53.939,55.152,57.576,55.758,55.758,55.758,55.758,55.758,55.758,55.758,55.758,55.758,55.758,55.758,55.758,55.758,54.545,51.515,50.303,50.303,50.303,
50.909,51.515,52.727,53.939,55.152,57.576,55.758,55.758,55.758,55.758,55.758,55.758,55.758,55.758,55.758,55.758,55.758,55.758,55.758,54.545,51.515,50.303,50.303,50.303,
49.091,49.697,50.909,50.303,52.727,55.152,53.333,52.121,52.121,52.121,52.121,52.121,52.121,52.121,52.121,52.121,52.121,52.121,52.121,51.515,50.909,50.303,50.303,50.303,
49.697,49.697,50.909,50.303,52.727,55.152,53.333,52.121,52.121,52.121,52.121,52.121,52.121,52.121,52.121,52.121,52.121,52.121,52.121,51.515,50.909,50.303,50.303,50.303,
49.697,49.697,49.091,50.303,52.727,55.152,53.333,52.121,52.121,52.121,52.121,52.121,52.121,52.121,52.121,52.121,52.121,52.121,52.121,51.515,50.909,50.303,50.303,50.303,
50.909,50.909,49.091,50.303,52.727,55.152,53.333,52.121,52.121,52.121,52.121,52.121,52.121,52.121,52.121,52.121,52.121,52.121,52.121,51.515,50.909,50.303,50.303,50.303,
49.091,49.091,48.485,49.697,52.727,55.152,52.727,51.515,51.515,51.515,51.515,51.515,51.515,51.515,51.515,51.515,51.515,51.515,51.515,51.515,50.909,50.303,50.303,50.303,
49.091,49.091,47.879,49.697,51.515,52.121,50.909,49.697,49.697,49.697,49.697,49.697,49.697,49.697,49.697,49.697,49.697,49.697,50.303,50.909,51.515,50.909,50.909,50.909,
48.485,48.485,48.485,49.091,49.697,51.515,50.909,50.303,50.303,50.303,50.303,50.303,50.303,50.303,50.303,50.303,50.303,50.303,50.909,51.515,51.515,51.515,51.515,51.515,
50.303,50.303,50.303,50.909,51.515,51.515,50.909,50.303,50.303,50.303,50.303,50.303,50.303,50.303,50.303,50.303,50.303,50.303,50.909,51.515,51.515,51.515,51.515,51.515,
50.303,50.303,50.303,50.909,50.909,50.909,50.909,50.303,50.303,50.303,50.303,50.303,50.303,50.303,50.303,50.303,50.303,50.303,50.909,51.515,51.515,51.515,51.515,51.515,
50.303,50.303,50.303,50.909,50.909,50.909,50.909,50.303,50.303,50.303,50.303,50.303,50.303,50.303,50.303,50.303,50.303,50.303,50.909,51.515,51.515,51.515,51.515,51.515,
50.303,50.303,50.303,50.909,50.909,50.909,50.909,50.303,50.303,50.303,50.303,50.303,50.303,50.303,50.303,50.303,50.303,50.303,50.909,51.515,51.515,51.515,51.515,51.515,
50.303,50.303,50.303,50.303,50.303,50.303,50.303,50.303,50.303,50.303,50.303,50.303,50.303,50.303,50.303,50.303,50.303,50.303,50.909,51.515,51.515,51.515,51.515,51.515,
50.303,50.303,50.303,50.303,50.303,50.303,50.303,50.303,50.303,50.303,50.303,50.303,50.303,50.303,50.303,50.303,50.303,50.303,50.909,51.515,51.515,51.515,51.515,51.515,
50.303,50.303,50.303,50.303,50.303,50.303,50.303,50.303,50.303,50.303,50.303,50.303,50.303,50.303,50.303,50.303,50.303,50.303,50.909,51.515,51.515,51.515,51.515,51.515,
50.303,50.303,50.303,50.303,50.303,50.303,50.303,50.303,50.303,50.303,50.303,50.303,50.303,50.303,50.303,50.303,50.303,50.303,50.909,51.515,51.515,51.515,51.515,51.515,
50.909,50.909,51.515,51.515,50.909,50.909,50.909,51.515,51.515,51.515,51.515,51.515,51.515,51.515,51.515,51.515,51.515,51.515,51.515,51.515,51.515,51.515,51.515,51.515,
50.909,50.909,51.515,51.515,50.909,50.909,50.909,51.515,51.515,51.515,51.515,51.515,51.515,51.515,51.515,51.515,51.515,51.515,51.515,51.515,51.515,51.515,51.515,51.515,
51.515,51.515,51.515,51.515,50.909,50.909,50.909,51.515,51.515,51.515,51.515,51.515,51.515,51.515,51.515,51.515,51.515,51.515,51.515,51.515,51.515,51.515,51.515,51.515,
51.515,51.515,51.515,51.515,50.909,50.909,50.909,51.515,51.515,51.515,51.515,51.515,51.515,51.515,51.515,51.515,51.515,51.515,51.515,51.515,51.515,51.515,51.515,51.515,
51.515,51.515,51.515,51.515,51.515,51.515,51.515,51.515,51.515,51.515,51.515,51.515,51.515,51.515,51.515,51.515,51.515,51.515,51.515,51.515,51.515,51.515,51.515,51.515,
51.515,51.515,51.515,51.515,51.515,51.515,51.515,51.515,51.515,51.515,51.515,51.515,51.515,51.515,51.515,51.515,51.515,51.515,51.515,51.515,51.515,51.515,51.515,51.515,
51.515,51.515,51.515,51.515,51.515,51.515,51.515,51.515,51.515,51.515,51.515,51.515,51.515,51.515,51.515,51.515,51.515,51.515,51.515,51.515,51.515,51.515,51.515,51.515,
51.515,51.515,51.515,51.515,51.515,51.515,51.515,51.515,51.515,51.515,51.515,51.515,51.515,51.515,51.515,51.515,51.515,51.515,51.515,51.515,51.515,51.515,51.515,51.515,
51.515,51.515,51.515,51.515,51.515,51.515,51.515,51.515,51.515,51.515,51.515,51.515,51.515,51.515,51.515,51.515,51.515,51.515,51.515,51.515,51.515,51.515,51.515,51.515,
51.515,51.515,51.515,51.515,51.515,51.515,51.515,51.515,51.515,51.515,51.515,51.515,51.515,51.515,51.515,51.515,51.515,51.515,51.515,51.515,51.515,51.515,51.515,51.515,
51.515,51.515,51.515,51.515,51.515,51.515,51.515,51.515,51.515,51.515,51.515,51.515,51.515,51.515,51.515,51.515,51.515,51.515,51.515,51.515,51.515,51.515,51.515,51.515,
51.515,51.515,51.515,51.515,51.515,51.515,51.515,51.515,51.515,51.515,51.515,51.515,51.515,51.515,51.515,51.515,51.515,51.515,51.515,51.515,51.515,51.515,51.515,51.515,
51.515,51.515,51.515,51.515,51.515,51.515,51.515,51.515,51.515,51.515,51.515,51.515,51.515,51.515,51.515,51.515,51.515,51.515,51.515,51.515,51.515,51.515,51.515,51.515,
51.515,51.515,51.515,51.515,51.515,51.515,51.515,51.515,51.515,51.515,51.515,51.515,51.515,51.515,51.515,51.515,51.515,51.515,51.515,51.515,51.515,51.515,51.515,51.515,
51.515,51.515,51.515,51.515,51.515,51.515,51.515,51.515,51.515,51.515,51.515,51.515,51.515,51.515,51.515,51.515,51.515,51.515,51.515,51.515,51.515,51.515,51.515,51.515,
51.515,51.515,51.515,51.515,51.515,51.515,51.515,51.515,51.515,51.515,51.515,51.515,51.515,51.515,51.515,51.515,51.515,51.515,51.515,51.515,51.515,51.515,51.515,51.515,
51.515,51.515,51.515,51.515,51.515,51.515,51.515,51.515,51.515,51.515,51.515,51.515,51.515,51.515,51.515,51.515,51.515,51.515,51.515,51.515,51.515,51.515,51.515,51.515,
51.515,51.515,51.515,51.515,51.515,51.515,51.515,51.515,51.515,51.515,51.515,51.515,51.515,51.515,51.515,51.515,51.515,51.515,51.515,51.515,51.515,51.515,51.515,51.515,
51.515,51.515,51.515,51.515,51.515,51.515,51.515,51.515,51.515,51.515,51.515,51.515,51.515,51.515,51.515,51.515,51.515,51.515,51.515,51.515,51.515,51.515,51.515,51.515,
51.515,51.515,51.515,51.515,51.515,51.515,51.515,51.515,51.515,51.515,51.515,51.515,51.515,51.515,51.515,51.515,51.515,51.515,51.515,51.515,51.515,51.515,51.515,51.515,

46.584,46.584,46.584,46.584,46.584,46.584,46.584,46.584,46.584,46.584,46.584,46.584,46.584,46.584,46.584,46.584,45.963,47.826,49.068,49.068,48.447,48.447,48.447,48.447,
46.584,46.584,46.584,46.584,46.584,46.584,46.584,46.584,46.584,46.584,46.584,46.584,46.584,46.584,46.584,46.584,45.963,47.826,49.068,49.068,48.447,48.447,48.447,48.447,
45.963,45.963,45.963,45.963,45.963,45.963,45.963,45.963,45.963,45.963,45.963,45.963,45.963,45.963,45.963,45.963,45.342,47.205,48.447,48.447,48.447,48.447,48.447,48.447,
47.205,47.205,47.205,47.205,47.205,47.205,47.205,47.205,47.205,47.205,47.205,47.205,47.205,47.205,47.205,47.205,46.584,46.584,47.205,47.205,47.205,47.205,47.205,47.205,
47.205,47.205,47.205,47.205,47.205,47.205,47.205,47.205,47.205,47.205,47.205,47.205,47.205,47.205,47.205,47.205,46.584,46.584,47.205,47.205,47.205,47.205,47.205,47.205,
47.205,47.205,47.205,47.205,47.205,47.205,47.205,47.205,47.205,47.205,47.205,47.205,47.205,47.205,47.205,47.205,46.584,46.584,47.205,47.205,47.205,47.205,47.205,47.205,
46.584,46.584,46.584,46.584,46.584,46.584,46.584,46.584,46.584,46.584,46.584,46.584,46.584,46.584,46.584,46.584,46.584,46.584,47.205,47.205,47.205,47.205,47.205,47.205,
46.584,46.584,46.584,46.584,46.584,46.584,46.584,46.584,46.584,46.584,46.584,46.584,46.584,46.584,46.584,46.584,46.584,46.584,47.205,47.205,47.205,47.205,47.205,47.205,
46.584,46.584,46.584,46.584,46.584,46.584,46.584,46.584,46.584,46.584,46.584,46.584,46.584,46.584,46.584,46.584,46.584,46.584,47.205,47.205,47.205,47.205,47.205,47.205,
46.584,46.584,46.584,46.584,46.584,46.584,46.584,46.584,46.584,46.584,46.584,46.584,46.584,46.584,46.584,46.584,46.584,46.584,47.205,47.205,47.205,47.205,47.205,47.205,
47.826,47.826,47.826,47.826,47.826,47.826,47.826,47.826,47.826,47.826,47.826,47.826,47.826,47.826,47.826,47.826,47.826,47.826,47.826,47.826,47.826,47.826,47.826,47.826,
47.826,47.826,47.826,47.826,47.826,47.826,47.826,47.826,47.826,47.826,47.826,47.826,47.826,47.826,47.826,47.826,47.826,47.826,47.826,47.826,47.826,47.826,47.826,47.826,
47.826,47.826,47.826,47.826,47.826,47.826,47.826,47.826,47.826,47.826,47.826,47.826,47.826,47.826,47.826,47.826,47.826,47.826,47.826,47.826,47.826,47.826,47.826,47.826,
47.826,47.826,47.826,47.826,47.826,47.826,47.826,47.826,47.826,47.826,47.826,47.826,47.826,47.826,47.826,47.826,47.826,47.826,47.826,47.826,47.826,47.826,47.826,47.826,
47.826,47.826,47.826,47.826,47.826,47.826,47.826,47.826,47.826,47.826,47.826,47.826,47.826,47.826,47.826,47.826,47.826,47.826,47.826,47.826,47.826,47.826,47.826,47.826,
47.826,47.826,47.826,47.826,47.826,47.826,47.826,47.826,47.826,47.826,47.826,47.826,47.826,47.826,47.826,47.826,47.826,47.826,47.826,47.826,47.826,47.826,47.826,47.826,
48.447,48.447,48.447,48.447,48.447,48.447,48.447,48.447,48.447,48.447,48.447,48.447,48.447,48.447,48.447,48.447,48.447,48.447,48.447,48.447,48.447,48.447,48.447,48.447,
49.689,49.689,49.689,49.689,49.689,49.689,49.689,49.689,49.689,49.689,49.689,49.689,49.689,49.689,49.689,49.689,49.689,49.689,49.689,49.689,49.689,49.689,49.689,49.689,
49.689,49.689,49.689,49.689,49.689,49.689,49.689,49.689,49.689,49.689,49.689,49.689,49.689,49.689,49.689,49.689,49.689,49.689,49.689,49.689,49.689,49.689,49.689,49.689,
49.689,49.689,49.689,49.689,49.689,49.689,49.689,49.689,49.689,49.689,49.689,49.689,49.689,49.689,49.689,49.689,49.689,49.689,49.689,49.689,49.689,49.689,49.689,49.689,
49.689,49.689,49.689,49.689,49.689,49.689,49.689,49.689,49.689,49.689,49.689,49.689,49.689,49.689,49.689,49.689,49.689,49.689,49.689,49.689,49.689,49.689,49.689,49.689,
49.689,49.689,49.689,49.689,49.689,49.689,49.689,49.689,49.689,49.689,49.689,49.689,49.689,49.689,49.689,49.689,49.689,49.689,49.689,49.689,49.689,49.689,49.689,49.689,
49.689,49.689,49.689,49.689,49.689,49.689,49.689,49.689,49.689,49.689,49.689,49.689,49.689,49.689,49.689,49.689,49.689,49.689,49.689,49.689,49.689,49.689,49.689,49.689,
49.689,49.689,49.689,49.689,49.689,49.689,49.689,49.689,49.689,49.689,49.689,49.689,49.689,49.689,49.689,49.689,49.689,49.689,49.689,49.689,49.689,49.689,49.689,49.689,
49.689,49.689,49.689,49.689,49.689,49.689,49.689,49.689,49.689,49.689,49.689,49.689,49.689,49.689,49.689,49.689,49.689,49.689,49.689,49.689,49.689,49.689,49.689,49.689,
49.689,49.689,49.689,49.689,49.689,49.689,49.689,49.689,49.689,49.689,49.689,49.689,49.689,49.689,49.689,49.689,49.689,49.689,49.689,49.689,49.689,49.689,49.689,49.689,
49.689,49.689,49.689,49.689,49.689,49.689,49.689,49.689,49.689,49.689,49.689,49.689,49.689,49.689,49.689,49.689,49.689,49.689,49.689,49.689,49.689,49.689,49.689,49.689,
49.689,49.689,49.689,49.689,49.689,49.689,49.689,49.689,49.689,49.689,49.689,49.689,49.689,49.689,49.689,49.689,49.689,49.689,49.689,49.689,49.689,49.689,49.689,49.689,
49.689,49.689,49.689,49.689,49.689,49.689,49.689,49.689,49.689,49.689,49.689,49.689,49.689,49.689,49.689,49.689,49.689,49.689,49.689,49.689,49.689,49.689,49.689,49.689,
49.689,49.689,49.689,49.689,49.689,49.689,49.689,49.689,49.689,49.689,49.689,49.689,49.689,49.689,49.689,49.689,49.689,49.689,49.689,49.689,49.689,49.689,49.689,49.689,
49.689,49.689,49.689,49.689,49.689,49.689,49.689,49.689,49.689,49.689,49.689,49.689,49.689,49.689,49.689,49.689,49.689,49.689,49.689,49.689,49.689,49.689,49.689,49.689,
49.689,49.689,49.689,49.689,49.689,49.689,49.689,49.689,49.689,49.689,49.689,49.689,49.689,49.689,49.689,49.689,49.689,49.689,49.689,49.689,49.689,49.689,49.689,49.689,
49.689,49.689,49.689,49.689,49.689,49.689,49.689,49.689,49.689,49.689,49.689,49.689,49.689,49.689,49.689,49.689,49.689,49.689,49.689,49.689,49.689,49.689,49.689,49.689,
49.689,49.689,49.689,49.689,49.689,49.689,49.689,49.689,49.689,49.689,49.689,49.689,49.689,49.689,49.689,49.689,49.689,49.689,49.689,49.689,49.689,49.689,49.689,49.689,
49.689,49.689,49.689,49.689,49.689,49.689,49.689,49.689,49.689,49.689,49.689,49.689,49.689,49.689,49.689,49.689,49.689,49.689,49.689,49.689,49.689,49.689,49.689,49.689,
49.689,49.689,49.689,49.689,49.689,49.689,49.689,49.689,49.689,49.689,49.689,49.689,49.689,49.689,49.689,49.689,49.689,49.689,49.689,49.689,49.689,49.689,49.689,49.689,
49.689,49.689,49.689,49.689,49.689,49.689,49.689,49.689,49.689,49.689,49.689,49.689,49.689,49.689,49.689,49.689,49.689,49.689,49.689,49.689,49.689,49.689,49.689,49.689,
49.689,49.689,49.689,49.689,49.689,49.689,49.689,49.689,49.689,49.689,49.689,49.689,49.689,49.689,49.689,49.689,49.689,49.689,49.689,49.689,49.689,49.689,49.689,49.689,
49.689,49.689,49.689,49.689,49.689,49.689,49.689,49.689,49.689,49.689,49.689,49.689,49.689,49.689,49.689,49.689,49.689,49.689,49.689,49.689,49.689,49.689,49.689,49.689,
49.689,49.689,49.689,49.689,49.689,49.689,49.689,49.689,49.689,49.689,49.689,49.689,49.689,49.689,49.689,49.689,49.689,49.689,49.689,49.689,49.689,49.689,49.689,49.689,
49.689,49.689,49.689,49.689,49.689,49.689,49.689,49.689,49.689,49.689,49.689,49.689,49.689,49.689,49.689,49.689,49.689,49.689,49.689,49.689,49.689,49.689,49.689,49.689,
49.689,49.689,49.689,49.689,49.689,49.689,49.689,49.689,49.689,49.689,49.689,49.689,49.689,49.689,49.689,49.689,49.689,49.689,49.689,49.689,49.689,49.689,49.689,49.689,
49.689,49.689,49.689,49.689,49.689,49.689,49.689,49.689,49.689,49.689,49.689,49.689,49.689,49.689,49.689,49.689,49.689,49.689,49.689,49.689,49.689,49.689,49.689,49.689,
49.689,49.689,49.689,49.689,49.689,49.689,49.689,49.689,49.689,49.689,49.689,49.689,49.689,49.689,49.689,49.689,49.689,49.689,49.689,49.689,49.689,49.689,49.689,49.689,
49.689,49.689,49.689,49.689,49.689,49.689,49.689,49.689,49.689,49.689,49.689,49.689,49.689,49.689,49.689,49.689,49.689,49.689,49.689,49.689,49.689,49.689,49.689,49.689,
49.689,49.689,49.689,49.689,49.689,49.689,49.689,49.689,49.689,49.689,49.689,49.689,49.689,49.689,49.689,49.689,49.689,49.689,49.689,49.689,49.689,49.689,49.689,49.689,
49.689,49.689,49.689,49.689,49.689,49.689,49.689,49.689,49.689,49.689,49.689,49.689,49.689,49.689,49.689,49.689,49.689,49.689,49.689,49.689,49.689,49.689,49.689,49.689,
49.689,49.689,49.689,49.689,49.689,49.689,49.689,49.689,49.689,49.689,49.689,49.689,49.689,49.689,49.689,49.689,49.689,49.689,49.689,49.689,49.689,49.689,49.689,49.689,
49.689,49.689,49.689,49.689,49.689,49.689,49.689,49.689,49.689,49.689,49.689,49.689,49.689,49.689,49.689,49.689,49.689,49.689,49.689,49.689,49.689,49.689,49.689,49.689,
49.689,49.689,49.689,49.689,49.689,49.689,49.689,49.689,49.689,49.689,49.689,49.689,49.689,49.689,49.689,49.689,49.689,49.689,49.689,49.689,49.689,49.689,49.689,49.689,

55.215,55.215,55.215,53.988,53.988,53.374,52.761,53.988,53.988,53.988,53.988,53.988,53.988,53.988,53.988,53.988,53.988,53.988,53.988,53.988,53.988,53.988,53.988,53.988,
55.215,55.215,55.215,53.988,53.988,53.374,52.761,53.988,53.988,53.988,53.988,53.988,53.988,53.988,53.988,53.988,53.988,53.988,53.988,53.988,53.988,53.988,53.988,53.988,
55.215,55.215,55.215,53.988,53.988,53.374,52.761,53.988,53.988,53.988,53.988,53.988,53.988,53.988,53.988,53.988,53.988,53.988,53.988,53.988,53.988,53.988,53.988,53.988,
55.215,55.215,55.215,53.988,53.988,53.374,52.761,53.988,53.988,53.988,53.988,53.988,53.988,53.988,53.988,53.988,53.988,53.988,53.988,53.988,53.988,53.988,53.988,53.988,
55.215,55.215,55.215,53.988,53.988,53.374,52.761,53.988,53.988,53.988,53.988,53.988,53.988,53.988,53.988,53.988,53.988,53.988,53.988,53.988,53.988,53.988,53.988,53.988,
56.442,56.442,56.442,55.215,55.215,54.601,53.988,53.988,53.988,53.988,53.988,53.988,53.988,53.988,53.988,53.988,53.988,53.988,53.988,53.988,53.988,53.988,53.988,53.988,
56.442,56.442,56.442,55.215,55.215,54.601,53.988,53.988,53.988,53.988,53.988,53.988,53.988,53.988,53.988,53.988,53.988,53.988,53.988,53.988,53.988,53.988,53.988,53.988,
56.442,56.442,56.442,55.215,55.215,54.601,53.988,53.988,53.988,53.988,53.988,53.988,53.988,53.988,53.988,53.988,53.988,53.988,53.988,53.988,53.988,53.988,53.988,53.988,
56.442,56.442,56.442,55.215,55.215,54.601,53.988,53.988,53.988,53.988,53.988,53.988,53.988,53.988,53.988,53.988,53.988,53.988,53.988,53.988,53.988,53.988,53.988,53.988,
56.442,56.442,56.442,55.215,55.215,54.601,53.988,53.988,53.988,53.988,53.988,53.988,53.988,53.988,53.988,53.988,53.988,53.988,53.988,53.988,53.988,53.988,53.988,53.988,
56.442,56.442,56.442,55.215,55.215,54.601,53.988,53.988,53.988,53.988,53.988,53.988,53.988,53.988,53.988,53.988,53.988,53.988,53.988,53.988,53.988,53.988,53.988,53.988,
56.442,56.442,56.442,55.215,55.215,54.601,53.988,53.988,53.988,53.988,53.988,53.988,53.988,53.988,53.988,53.988,53.988,53.988,53.988,53.988,53.988,53.988,53.988,53.988,
56.442,56.442,56.442,55.215,55.215,54.601,53.988,53.988,53.988,53.988,53.988,53.988,53.988,53.988,53.988,53.988,53.988,53.988,53.988,53.988,53.988,53.988,53.988,53.988,
56.442,56.442,56.442,55.215,55.215,54.601,53.988,53.988,53.988,53.988,53.988,53.988,53.988,53.988,53.988,53.988,53.988,53.988,53.988,53.988,53.988,53.988,53.988,53.988,
56.442,56.442,56.442,55.215,55.215,54.601,53.988,53.988,53.988,53.988,53.988,53.988,53.988,53.988,53.988,53.988,53.988,53.988,53.988,53.988,53.988,53.988,53.988,53.988,
56.442,56.442,56.442,55.215,55.215,54.601,53.988,53.988,53.988,53.988,53.988,53.988,53.988,53.988,53.988,53.988,53.988,53.988,53.988,53.988,53.988,53.988,53.988,53.988,
56.442,56.442,56.442,55.215,55.215,54.601,53.988,53.988,53.988,53.988,53.988,53.988,53.988,53.988,53.988,53.988,53.988,53.988,53.988,53.988,53.988,53.988,53.988,53.988,
56.442,56.442,56.442,55.215,55.215,54.601,53.988,53.988,53.988,53.988,53.988,53.988,53.988,53.988,53.988,53.988,53.988,53.988,53.988,53.988,53.988,53.988,53.988,53.988,
56.442,56.442,56.442,55.215,55.215,54.601,53.988,53.988,53.988,53.988,53.988,53.988,53.988,53.988,53.988,53.988,53.988,53.988,53.988,53.988,53.988,53.988,53.988,53.988,
56.442,56.442,56.442,55.215,55.215,54.601,53.988,53.988,53.988,53.988,53.988,53.988,53.988,53.988,53.988,53.988,53.988,53.988,53.988,53.988,53.988,53.988,53.988,53.988,
56.442,56.442,56.442,55.215,55.215,54.601,53.988,53.988,53.988,53.988,53.988,53.988,53.988,53.988,53.988,53.988,53.988,53.988,53.988,53.988,53.988,53.988,53.988,53.988,
56.442,56.442,56.442,55.215,55.215,54.601,53.988,53.988,53.988,53.988,53.988,53.988,53.988,53.988,53.988,53.988,53.988,53.988,53.988,53.988,53.988,53.988,53.988,53.988,
56.442,56.442,56.442,55.215,55.215,54.601,53.988,53.988,53.988,53.988,53.988,53.988,53.988,53.988,53.988,53.988,53.988,53.988,53.988,53.988,53.988,53.988,53.988,53.988,
56.442,56.442,56.442,55.215,55.215,54.601,53.988,53.988,53.988,53.988,53.988,53.988,53.988,53.988,53.988,53.988,53.988,53.988,53.988,53.988,53.988,53.988,53.988,53.988,
55.215,55.215,55.215,55.215,55.215,54.601,53.988,53.988,53.988,53.988,53.988,53.988,53.988,53.988,53.988,53.988,53.988,53.988,53.988,53.988,53.988,53.988,53.988,53.988,
55.215,55.215,55.215,55.215,55.215,54.601,53.988,53.988,53.988,53.988,53.988,53.988,53.988,53.988,53.988,53.988,53.988,53.988,53.988,53.988,53.988,53.988,53.988,53.988,
55.215,55.215,55.215,55.215,55.215,54.601,53.988,53.988,53.988,53.988,53.988,53.988,53.988,53.988,53.988,53.988,53.988,53.988,53.988,53.988,53.988,53.988,53.988,53.988,
55.215,55.215,55.215,55.215,55.215,54.601,53.988,53.988,53.988,53.988,53.988,53.988,53.988,53.988,53.988,53.988,53.988,53.988,53.988,53.988,53.988,53.988,53.988,53.988,
55.215,55.215,55.215,55.215,55.215,54.601,53.988,53.988,53.988,53.988,53.988,53.988,53.988,53.988,53.988,53.988,53.988,53.988,53.988,53.988,53.988,53.988,53.988,53.988,
55.215,55.215,55.215,55.215,55.215,54.601,53.988,53.988,53.988,53.988,53.988,53.988,53.988,53.988,53.988,53.988,53.988,53.988,53.988,53.988,53.988,53.988,53.988,53.988,
55.215,55.215,55.215,55.215,55.215,54.601,53.988,53.988,53.988,53.988,53.988,53.988,53.988,53.988,53.988,53.988,53.988,53.988,53.988,53.988,53.988,53.988,53.988,53.988,
55.215,55.215,55.215,55.215,55.215,54.601,53.988,53.988,53.988,53.988,53.988,53.988,53.988,53.988,53.988,53.988,53.988,53.988,53.988,53.988,53.988,53.988,53.988,53.988,
55.215,55.215,55.215,55.215,55.215,54.601,53.988,53.988,53.988,53.988,53.988,53.988,53.988,53.988,53.988,53.988,53.988,53.988,53.988,53.988,53.988,53.988,53.988,53.988,
55.215,55.215,55.215,55.215,55.215,54.601,53.988,53.988,53.988,53.988,53.988,53.988,53.988,53.988,53.988,53.988,53.988,53.988,53.988,53.988,53.988,53.988,53.988,53.988,
55.215,55.215,55.215,55.215,55.215,54.601,53.988,53.988,53.988,53.988,53.988,53.988,53.988,53.988,53.988,53.988,53.988,53.988,53.988,53.988,53.988,53.988,53.988,53.988,
55.215,55.215,55.215,55.215,55.215,54.601,53.988,53.988,53.988,53.988,53.988,53.988,53.988,53.988,53.988,53.988,53.988,53.988,53.988,53.988,53.988,53.988,53.988,53.988,
55.215,55.215,55.215,55.215,55.215,54.601,53.988,53.988,53.988,53.988,53.988,53.988,53.988,53.988,53.988,53.988,53.988,53.988,53.988,53.988,53.988,53.988,53.988,53.988,
55.215,55.215,55.215,55.215,55.215,54.601,53.988,53.988,53.988,53.988,53.988,53.988,53.988,53.988,53.988,53.988,53.988,53.988,53.988,53.988,53.988,53.988,53.988,53.988,
55.215,55.215,55.215,55.215,55.215,54.601,53.988,53.988,53.988,53.988,53.988,53.988,53.988,53.988,53.988,53.988,53.988,53.988,53.988,53.988,53.988,53.988,53.988,53.988,
55.215,55.215,55.215,55.215,55.215,54.601,53.988,53.988,53.988,53.988,53.988,53.988,53.988,53.988,53.988,53.988,53.988,53.988,53.988,53.988,53.988,53.988,53.988,53.988,
55.215,55.215,55.215,55.215,55.215,54.601,53.988,53.988,53.988,53.988,53.988,53.988,53.988,53.988,53.988,53.988,53.988,53.988,53.988,53.988,53.988,53.988,53.988,53.988,
54.601,54.601,54.601,54.601,54.601,54.601,53.988,53.988,53.988,53.988,53.988,53.988,53.988,53.988,53.988,53.988,53.988,53.988,53.988,53.988,53.988,53.988,53.988,53.988,
53.988,53.988,53.988,53.988,53.988,54.601,53.988,53.988,53.988,53.988,53.988,53.988,53.988,53.988,53.988,53.988,53.988,53.988,53.988,53.988,53.988,53.988,53.988,53.988,
53.988,53.988,53.988,53.988,53.988,54.601,53.988,53.988,53.988,53.988,53.988,53.988,53.988,53.988,53.988,53.988,53.988,53.988,53.988,53.988,53.988,53.988,53.988,53.988,
53.988,53.988,53.988,53.988,53.988,54.601,53.988,53.988,53.988,53.988,53.988,53.988,53.988,53.988,53.988,53.988,53.988,53.988,53.988,53.988,53.988,53.988,53.988,53.988,
53.374,53.374,53.374,53.374,53.374,53.988,53.988,53.988,53.988,53.988,53.988,53.988,53.988,53.988,53.988,53.988,53.988,53.988,53.988,53.988,53.988,53.988,53.988,53.988,
53.374,53.374,53.374,53.374,53.374,53.988,53.988,53.988,53.988,53.988,53.988,53.988,53.988,53.988,53.988,53.988,53.988,53.988,53.988,53.988,53.988,53.988,53.988,53.988,
53.374,53.374,53.374,53.374,53.374,53.988,53.988,53.988,53.988,53.988,53.988,53.988,53.988,53.988,53.988,53.988,53.988,53.988,53.988,53.988,53.988,53.988,53.988,53.988,
53.374,53.374,53.374,53.374,53.374,53.988,53.988,53.988,53.988,53.988,53.988,53.988,53.988,53.988,53.988,53.988,53.988,53.988,53.988,53.988,53.988,53.988,53.988,53.988,
53.374,53.374,53.374,53.374,53.374,53.988,53.988,53.988,53.988,53.988,53.988,53.988,53.988,53.988,53.988,53.988,53.988,53.988,53.988,53.988,53.988,53.988,53.988,53.988,

