48.333,48.333,50.0,48.333,50.0,46.667,48.333,48.333,46.667,46.667,46.667,46.667,46.667,46.667,50.0,50.0,48.333,48.333,48.333,50.0,51.667,51.667,51.667,51.667,
48.333,48.333,50.0,48.333,50.0,46.667,48.333,48.333,46.667,46.667,46.667,46.667,46.667,46.667,50.0,50.0,48.333,48.333,48.333,50.0,51.667,51.667,51.667,51.667,
48.333,48.333,50.0,48.333,48.333,45.0,46.667,48.333,46.667,46.667,46.667,46.667,46.667,46.667,50.0,50.0,48.333,48.333,48.333,50.0,51.667,51.667,51.667,51.667,
48.333,48.333,50.0,48.333,48.333,45.0,46.667,48.333,46.667,46.667,46.667,46.667,46.667,46.667,50.0,50.0,48.333,48.333,48.333,50.0,51.667,51.667,51.667,51.667,
48.333,48.333,50.0,48.333,48.333,45.0,46.667,48.333,46.667,46.667,46.667,46.667,46.667,46.667,50.0,50.0,48.333,48.333,48.333,50.0,51.667,51.667,51.667,51.667,
46.667,46.667,46.667,48.333,48.333,45.0,46.667,48.333,46.667,46.667,46.667,46.667,46.667,46.667,50.0,50.0,48.333,48.333,48.333,50.0,51.667,51.667,51.667,51.667,
46.667,45.0,45.0,48.333,48.333,45.0,46.667,46.667,46.667,46.667,46.667,46.667,46.667,46.667,50.0,50.0,48.333,48.333,48.333,50.0,51.667,51.667,51.667,51.667,
45.0,43.333,43.333,46.667,48.333,45.0,46.667,46.667,46.667,46.667,46.667,46.667,46.667,46.667,50.0,50.0,48.333,48.333,48.333,50.0,51.667,51.667,51.667,51.667,
45.0,43.333,43.333,46.667,48.333,45.0,46.667,46.667,46.667,46.667,46.667,46.667,46.667,46.667,50.0,50.0,48.333,48.333,48.333,50.0,51.667,51.667,51.667,51.667,
45.0,43.333,43.333,46.667,48.333,46.667,46.667,46.667,48.333,48.333,48.333,48.333,48.333,48.333,50.0,50.0,48.333,48.333,48.333,50.0,51.667,51.667,51.667,51.667,
45.0,45.0,45.0,48.333,50.0,48.333,48.333,48.333,50.0,50.0,50.0,50.0,50.0,50.0,50.0,50.0,48.333,48.333,48.333,50.0,51.667,51.667,51.667,51.667,
45.0,45.0,45.0,48.333,50.0,50.0,50.0,50.0,51.667,51.667,51.667,51.667,51.667,51.667,50.0,50.0,48.333,48.333,48.333,50.0,51.667,51.667,51.667,51.667,
43.333,45.0,45.0,48.333,50.0,50.0,50.0,50.0,51.667,51.667,51.667,51.667,51.667,51.667,50.0,50.0,48.333,48.333,48.333,50.0,51.667,51.667,51.667,51.667,
41.667,45.0,45.0,48.333,50.0,50.0,50.0,50.0,51.667,51.667,51.667,51.667,51.667,51.667,50.0,50.0,48.333,48.333,48.333,50.0,51.667,51.667,51.667,51.667,
41.667,45.0,45.0,48.333,50.0,50.0,50.0,50.0,51.667,51.667,51.667,51.667,51.667,51.667,50.0,50.0,48.333,48.333,48.333,50.0,51.667,51.667,51.667,51.667,
41.667,45.0,45.0,50.0,50.0,50.0,50.0,50.0,51.667,51.667,51.667,51.667,51.667,51.667,50.0,50.0,48.333,48.333,48.333,50.0,51.667,51.667,51.667,51.667,
41.667,46.667,46.667,50.0,51.667,50.0,50.0,50.0,51.667,51.667,51.667,51.667,51.667,51.667,50.0,50.0,48.333,48.333,48.333,50.0,51.667,51.667,51.667,51.667,
43.333,46.667,46.667,50.0,50.0,50.0,50.0,50.0,51.667,51.667,51.667,51.667,51.667,51.667,50.0,50.0,48.333,48.333,48.333,50.0,51.667,51.667,51.667,51.667,
43.333,50.0,50.0,50.0,51.667,51.667,51.667,51.667,51.667,51.667,51.667,51.667,51.667,51.667,51.667,51.667,51.667,51.667,51.667,51.667,51.667,51.667,51.667,51.667,
43.333,50.0,50.0,50.0,51.667,51.667,51.667,51.667,51.667,51.667,51.667,51.667,51.667,51.667,51.667,51.667,51.667,51.667,51.667,51.667,51.667,51.667,51.667,51.667,
45.0,51.667,51.667,51.667,51.667,51.667,51.667,51.667,51.667,51.667,51.667,51.667,51.667,51.667,51.667,51.667,51.667,51.667,51.667,51.667,51.667,51.667,51.667,51.667,
45.0,51.667,51.667,51.667,51.667,51.667,51.667,51.667,51.667,51.667,51.667,51.667,51.667,51.667,51.667,51.667,51.667,51.667,51.667,51.667,51.667,51.667,51.667,51.667,
45.0,51.667,51.667,51.667,51.667,51.667,51.667,51.667,51.667,51.667,51.667,51.667,51.667,51.667,51.667,51.667,51.667,51.667,51.667,51.667,51.667,51.667,51.667,51.667,
48.333,51.667,51.667,51.667,51.667,51.667,51.667,51.667,51.667,51.667,51.667,51.667,51.667,51.667,51.667,51.667,51.667,51.667,51.667,51.667,51.667,51.667,51.667,51.667,
48.333,51.667,51.667,51.667,51.667,51.667,51.667,51.667,51.667,51.667,51.667,51.667,51.667,51.667,51.667,51.667,51.667,51.667,51.667,51.667,51.667,51.667,51.667,51.667,
48.333,51.667,51.667,51.667,51.667,51.667,51.667,51.667,51.667,51.667,51.667,51.667,51.667,51.667,51.667,51.667,51.667,51.667,51.667,51.667,51.667,51.667,51.667,51.667,
48.333,51.667,51.667,51.667,51.667,51.667,51.667,51.667,51.667,51.667,51.667,51.667,51.667,51.667,51.667,51.667,51.667,51.667,51.667,51.667,51.667,51.667,51.667,51.667,
48.333,51.667,51.667,51.667,51.667,51.667,51.667,51.667,51.667,51.667,51.667,51.667,51.667,51.667,51.667,51.667,51.667,51.667,51.667,51.667,51.667,51.667,51.667,51.667,
48.333,51.667,51.667,51.667,51.667,51.667,51.667,51.667,51.667,51.667,51.667,51.667,51.667,51.667,51.667,51.667,51.667,51.667,51.667,51.667,51.667,51.667,51.667,51.667,
51.667,51.667,51.667,51.667,51.667,51.667,51.667,51.667,51.667,51.667,51.667,51.667,51.667,51.667,51.667,51.667,51.667,51.667,51.667,51.667,51.667,51.667,51.667,51.667,
51.667,51.667,51.667,51.667,51.667,51.667,51.667,51.667,51.667,51.667,51.667,51.667,51.667,51.667,51.667,51.667,51.667,51.667,51.667,51.667,51.667,51.667,51.667,51.667,
51.667,51.667,51.667,51.667,51.667,51.667,51.667,51.667,51.667,51.667,51.667,51.667,51.667,51.667,51.667,51.667,51.667,51.667,51.667,51.667,51.667,51.667,51.667,51.667,
51.667,51.667,51.667,51.667,51.667,51.667,51.667,51.667,51.667,51.667,51.667,51.667,51.667,51.667,51.667,51.667,51.667,51.667,51.667,51.667,51.667,51.667,51.667,51.667,
51.667,51.667,51.667,51.667,51.667,51.667,51.667,51.667,51.667,51.667,51.667,51.667,51.667,51.667,51.667,51.667,51.667,51.667,51.667,51.667,51.667,51.667,51.667,51.667,
51.667,51.667,51.667,51.667,51.667,51.667,51.667,51.667,51.667,51.667,51.667,51.667,51.667,51.667,51.667,51.667,51.667,51.667,51.667,51.667,51.667,51.667,51.667,51.667,
51.667,51.667,51.667,51.667,51.667,51.667,51.667,51.667,51.667,51.667,51.667,51.667,51.667,51.667,51.667,51.667,51.667,51.667,51.667,51.667,51.667,51.667,51.667,51.667,
51.667,51.667,51.667,51.667,51.667,51.667,51.667,51.667,51.667,51.667,51.667,51.667,51.667,51.667,51.667,51.667,51.667,51.667,51.667,51.667,51.667,51.667,51.667,51.667,
51.667,51.667,51.667,51.667,51.667,51.667,51.667,51.667,51.667,51.667,51.667,51.667,51.667,51.667,51.667,51.667,51.667,51.667,51.667,51.667,51.667,51.667,51.667,51.667,
51.667,51.667,51.667,51.667,51.667,51.667,51.667,51.667,51.667,51.667,51.667,51.667,51.667,51.667,51.667,51.667,51.667,51.667,51.667,51.667,51.667,51.667,51.667,51.667,
51.667,51.667,51.667,51.667,51.667,51.667,51.667,51.667,51.667,51.667,51.667,51.667,51.667,51.667,51.667,51.667,51.667,51.667,51.667,51.667,51.667,51.667,51.667,51.667,
51.667,51.667,51.667,51.667,51.667,51.667,51.667,51.667,51.667,51.667,51.667,51.667,51.667,51.667,51.667,51.667,51.667,51.667,51.667,51.667,51.667,51.667,51.667,51.667,
51.667,51.667,51.667,51.667,51.667,51.667,51.667,51.667,51.667,51.667,51.667,51.667,51.667,51.667,51.667,51.667,51.667,51.667,51.667,51.667,51.667,51.667,51.667,51.667,
51.667,51.667,51.667,51.667,51.667,51.667,51.667,51.667,51.667,51.667,51.667,51.667,51.667,51.667,51.667,51.667,51.667,51.667,51.667,51.667,51.667,51.667,51.667,51.667,
51.667,51.667,51.667,51.667,51.667,51.667,51.667,51.667,51.667,51.667,51.667,51.667,51.667,51.667,51.667,51.667,51.667,51.667,51.667,51.667,51.667,51.667,51.667,51.667,
51.667,51.667,51.667,51.667,51.667,51.667,51.667,51.667,51.667,51.667,51.667,51.667,51.667,51.667,51.667,51.667,51.667,51.667,51.667,51.667,51.667,51.667,51.667,51.667,
51.667,51.667,51.667,51.667,51.667,51.667,51.667,51.667,51.667,51.667,51.667,51.667,51.667,51.667,51.667,51.667,51.667,51.667,51.667,51.667,51.667,51.667,51.667,51.667,
51.667,51.667,51.667,51.667,51.667,51.667,51.667,51.667,51.667,51.667,51.667,51.667,51.667,51.667,51.667,51.667,51.667,51.667,51.667,51.667,51.667,51.667,51.667,51.667,
51.667,51.667,51.667,51.667,51.667,51.667,51.667,51.667,51.667,51.667,51.667,51.667,51.667,51.667,51.667,51.667,51.667,51.667,51.667,51.667,51.667,51.667,51.667,51.667,
51.667,51.667,51.667,51.667,51.667,51.667,51.667,51.667,51.667,51.667,51.667,51.667,51.667,51.667,51.667,51.667,51.667,51.667,51.667,51.667,51.667,51.667,51.667,51.667,
51.667,51.667,51.667,51.667,51.667,51.667,51.667,51.667,51.667,51.667,51.667,51.667,51.667,51.667,51.667,51.667,51.667,51.667,51.667,51.667,51.667,51.667,51.667,51.667,

42.5,32.5,45.0,45.0,45.0,45.0,45.0,45.0,40.0,45.0,45.0,50.0,50.0,50.0,50.0,50.0,50.0,50.0,50.0,50.0,50.0,50.0,50.0,50.0,
42.5,32.5,45.0,45.0,45.0,45.0,45.0,45.0,40.0,45.0,45.0,50.0,50.0,50.0,50.0,50.0,50.0,50.0,50.0,50.0,50.0,50.0,50.0,50.0,
42.5,32.5,45.0,45.0,45.0,45.0,45.0,45.0,40.0,45.0,45.0,50.0,50.0,50.0,50.0,50.0,50.0,50.0,50.0,50.0,50.0,50.0,50.0,50.0,
42.5,32.5,45.0,45.0,45.0,45.0,45.0,45.0,40.0,45.0,45.0,50.0,50.0,50.0,50.0,50.0,50.0,50.0,50.0,50.0,50.0,50.0,50.0,50.0,
42.5,32.5,45.0,45.0,45.0,45.0,45.0,45.0,40.0,45.0,45.0,50.0,50.0,50.0,50.0,50.0,50.0,50.0,50.0,50.0,50.0,50.0,50.0,50.0,
42.5,32.5,40.0,40.0,40.0,42.5,40.0,40.0,37.5,45.0,45.0,50.0,50.0,50.0,50.0,50.0,50.0,50.0,50.0,50.0,50.0,50.0,50.0,50.0,
42.5,32.5,40.0,40.0,40.0,42.5,40.0,40.0,37.5,45.0,45.0,50.0,50.0,50.0,50.0,50.0,50.0,50.0,50.0,50.0,50.0,50.0,50.0,50.0,
42.5,32.5,40.0,40.0,40.0,42.5,40.0,40.0,37.5,45.0,45.0,50.0,50.0,50.0,50.0,50.0,50.0,50.0,50.0,50.0,50.0,50.0,50.0,50.0,
42.5,32.5,40.0,40.0,40.0,42.5,40.0,40.0,37.5,45.0,45.0,50.0,50.0,50.0,50.0,50.0,50.0,50.0,50.0,50.0,50.0,50.0,50.0,50.0,
42.5,35.0,40.0,40.0,40.0,42.5,40.0,40.0,37.5,45.0,45.0,50.0,50.0,50.0,50.0,50.0,50.0,50.0,50.0,50.0,50.0,50.0,50.0,50.0,
45.0,37.5,40.0,40.0,40.0,42.5,40.0,40.0,37.5,45.0,45.0,50.0,50.0,50.0,50.0,50.0,50.0,50.0,50.0,50.0,50.0,50.0,50.0,50.0,
45.0,37.5,40.0,40.0,40.0,42.5,40.0,40.0,42.5,45.0,45.0,50.0,50.0,50.0,50.0,50.0,50.0,50.0,50.0,50.0,50.0,50.0,50.0,50.0,
45.0,37.5,40.0,40.0,40.0,42.5,40.0,40.0,42.5,45.0,45.0,50.0,50.0,50.0,50.0,50.0,50.0,50.0,50.0,50.0,50.0,50.0,50.0,50.0,
45.0,37.5,40.0,40.0,40.0,42.5,40.0,40.0,42.5,45.0,45.0,50.0,50.0,50.0,50.0,50.0,50.0,50.0,50.0,50.0,50.0,50.0,50.0,50.0,
47.5,37.5,40.0,40.0,40.0,42.5,40.0,40.0,42.5,45.0,45.0,50.0,50.0,50.0,50.0,50.0,50.0,50.0,50.0,50.0,50.0,50.0,50.0,50.0,
47.5,37.5,40.0,40.0,40.0,42.5,40.0,40.0,42.5,45.0,45.0,50.0,50.0,50.0,50.0,50.0,50.0,50.0,50.0,50.0,50.0,50.0,50.0,50.0,
47.5,37.5,40.0,40.0,40.0,42.5,42.5,42.5,42.5,45.0,45.0,50.0,50.0,50.0,50.0,50.0,50.0,50.0,50.0,50.0,50.0,50.0,50.0,50.0,
47.5,37.5,40.0,40.0,40.0,42.5,42.5,42.5,42.5,45.0,45.0,50.0,50.0,50.0,50.0,50.0,50.0,50.0,50.0,50.0,50.0,50.0,50.0,50.0,
47.5,40.0,40.0,40.0,40.0,42.5,42.5,42.5,42.5,45.0,45.0,50.0,50.0,50.0,50.0,50.0,50.0,50.0,50.0,50.0,50.0,50.0,50.0,50.0,
47.5,40.0,40.0,40.0,40.0,42.5,42.5,42.5,42.5,45.0,45.0,50.0,50.0,50.0,50.0,50.0,50.0,50.0,50.0,50.0,50.0,50.0,50.0,50.0,
47.5,40.0,40.0,40.0,40.0,42.5,42.5,42.5,42.5,45.0,45.0,50.0,50.0,50.0,50.0,50.0,50.0,50.0,50.0,50.0,50.0,50.0,50.0,50.0,
47.5,40.0,40.0,40.0,40.0,42.5,42.5,42.5,42.5,45.0,45.0,50.0,50.0,50.0,50.0,50.0,50.0,50.0,50.0,50.0,50.0,50.0,50.0,50.0,
47.5,40.0,42.5,42.5,42.5,42.5,42.5,42.5,42.5,45.0,45.0,50.0,50.0,50.0,50.0,50.0,50.0,50.0,50.0,50.0,50.0,50.0,50.0,50.0,
45.0,47.5,47.5,47.5,47.5,47.5,47.5,47.5,42.5,45.0,45.0,50.0,50.0,50.0,50.0,50.0,50.0,50.0,50.0,50.0,50.0,50.0,50.0,50.0,
45.0,47.5,47.5,47.5,47.5,47.5,47.5,47.5,47.5,50.0,50.0,50.0,50.0,50.0,50.0,50.0,50.0,50.0,50.0,50.0,50.0,50.0,50.0,50.0,
42.5,47.5,47.5,47.5,47.5,47.5,47.5,47.5,50.0,50.0,50.0,50.0,50.0,50.0,50.0,50.0,50.0,50.0,50.0,50.0,50.0,50.0,50.0,50.0,
42.5,50.0,47.5,50.0,50.0,50.0,50.0,50.0,50.0,50.0,50.0,50.0,50.0,50.0,50.0,50.0,50.0,50.0,50.0,50.0,50.0,50.0,50.0,50.0,
42.5,50.0,50.0,50.0,50.0,50.0,50.0,50.0,50.0,50.0,50.0,50.0,50.0,50.0,50.0,50.0,50.0,50.0,50.0,50.0,50.0,50.0,50.0,50.0,
42.5,50.0,50.0,50.0,50.0,50.0,50.0,50.0,50.0,50.0,50.0,50.0,50.0,50.0,50.0,50.0,50.0,50.0,50.0,50.0,50.0,50.0,50.0,50.0,
42.5,50.0,50.0,50.0,50.0,50.0,50.0,50.0,50.0,50.0,50.0,50.0,50.0,50.0,50.0,50.0,50.0,50.0,50.0,50.0,50.0,50.0,50.0,50.0,
47.5,50.0,50.0,50.0,50.0,50.0,50.0,50.0,50.0,50.0,50.0,50.0,50.0,50.0,50.0,50.0,50.0,50.0,50.0,50.0,50.0,50.0,50.0,50.0,
47.5,50.0,50.0,50.0,50.0,50.0,50.0,50.0,50.0,50.0,50.0,50.0,50.0,50.0,50.0,50.0,50.0,50.0,50.0,50.0,50.0,50.0,50.0,50.0,
47.5,50.0,50.0,50.0,50.0,50.0,50.0,50.0,50.0,50.0,50.0,50.0,50.0,50.0,50.0,50.0,50.0,50.0,50.0,50.0,50.0,50.0,50.0,50.0,
47.5,50.0,50.0,50.0,50.0,50.0,50.0,50.0,50.0,50.0,50.0,50.0,50.0,50.0,50.0,50.0,50.0,50.0,50.0,50.0,50.0,50.0,50.0,50.0,
47.5,50.0,50.0,50.0,50.0,50.0,50.0,50.0,50.0,50.0,50.0,50.0,50.0,50.0,50.0,50.0,50.0,50.0,50.0,50.0,50.0,50.0,50.0,50.0,
47.5,50.0,50.0,50.0,50.0,50.0,50.0,50.0,50.0,50.0,50.0,50.0,50.0,50.0,50.0,50.0,50.0,50.0,50.0,50.0,50.0,50.0,50.0,50.0,
50.0,50.0,50.0,50.0,50.0,50.0,50.0,50.0,50.0,50.0,50.0,50.0,50.0,50.0,50.0,50.0,50.0,50.0,50.0,50.0,50.0,50.0,50.0,50.0,
50.0,50.0,50.0,50.0,50.0,50.0,50.0,50.0,50.0,50.0,50.0,50.0,50.0,50.0,50.0,50.0,50.0,50.0,50.0,50.0,50.0,50.0,50.0,50.0,
50.0,50.0,50.0,50.0,50.0,50.0,50.0,50.0,50.0,50.0,50.0,50.0,50.0,50.0,50.0,50.0,50.0,50.0,50.0,50.0,50.0,50.0,50.0,50.0,
50.0,50.0,50.0,50.0,50.0,50.0,50.0,50.0,50.0,50.0,50.0,50.0,50.0,50.0,50.0,50.0,50.0,50.0,50.0,50.0,50.0,50.0,50.0,50.0,
50.0,50.0,50.0,50.0,50.0,50.0,50.0,50.0,50.0,50.0,50.0,50.0,50.0,50.0,50.0,50.0,50.0,50.0,50.0,50.0,50.0,50.0,50.0,50.0,
50.0,50.0,50.0,50.0,50.0,50.0,50.0,50.0,50.0,50.0,50.0,50.0,50.0,50.0,50.0,50.0,50.0,50.0,50.0,50.0,50.0,50.0,50.0,50.0,
50.0,50.0,50.0,50.0,50.0,50.0,50.0,50.0,50.0,50.0,50.0,50.0,50.0,50.0,50.0,50.0,50.0,50.0,50.0,50.0,50.0,50.0,50.0,50.0,
50.0,50.0,50.0,50.0,50.0,50.0,50.0,50.0,50.0,50.0,50.0,50.0,50.0,50.0,50.0,50.0,50.0,50.0,50.0,50.0,50.0,50.0,50.0,50.0,
50.0,50.0,50.0,50.0,50.0,50.0,50.0,50.0,50.0,50.0,50.0,50.0,50.0,50.0,50.0,50.0,50.0,50.0,50.0,50.0,50.0,50.0,50.0,50.0,
50.0,50.0,50.0,50.0,50.0,50.0,50.0,50.0,50.0,50.0,50.0,50.0,50.0,50.0,50.0,50.0,50.0,50.0,50.0,50.0,50.0,50.0,50.0,50.0,
50.0,50.0,50.0,50.0,50.0,50.0,50.0,50.0,50.0,50.0,50.0,50.0,50.0,50.0,50.0,50.0,50.0,50.0,50.0,50.0,50.0,50.0,50.0,50.0,
50.0,50.0,50.0,50.0,50.0,50.0,50.0,50.0,50.0,50.0,50.0,50.0,50.0,50.0,50.0,50.0,50.0,50.0,50.0,50.0,50.0,50.0,50.0,50.0,
50.0,50.0,50.0,50.0,50.0,50.0,50.0,50.0,50.0,50.0,50.0,50.0,50.0,50.0,50.0,50.0,50.0,50.0,50.0,50.0,50.0,50.0,50.0,50.0,
50.0,50.0,50.0,50.0,50.0,50.0,50.0,50.0,50.0,50.0,50.0,50.0,50.0,50.0,50.0,50.0,50.0,50.0,50.0,50.0,50.0,50.0,50.0,50.0,

25.581,25.581,25.581,27.907,30.233,30.233,34.884,34.884,34.884,30.233,25.581,25.581,18.605,27.907,39.535,39.535,39.535,39.535,39.535,39.535,39.535,39.535,39.535,39.535,
25.581,25.581,25.581,27.907,30.233,30.233,34.884,34.884,34.884,30.233,25.581,25.581,18.605,27.907,39.535,39.535,39.535,39.535,39.535,39.535,39.535,39.535,39.535,39.535,
25.581,25.581,25.581,27.907,30.233,30.233,34.884,34.884,34.884,30.233,25.581,25.581,18.605,27.907,39.535,39.535,39.535,39.535,39.535,39.535,39.535,39.535,39.535,39.535,
25.581,25.581,25.581,27.907,30.233,30.233,34.884,34.884,34.884,30.233,25.581,25.581,18.605,27.907,39.535,39.535,39.535,39.535,39.535,39.535,39.535,39.535,39.535,39.535,
25.581,25.581,25.581,27.907,30.233,30.233,34.884,34.884,34.884,30.233,25.581,25.581,18.605,27.907,39.535,39.535,39.535,39.535,39.535,39.535,39.535,39.535,39.535,39.535,
25.581,25.581,25.581,27.907,30.233,30.233,34.884,34.884,34.884,30.233,25.581,25.581,18.605,27.907,39.535,39.535,39.535,39.535,39.535,39.535,39.535,39.535,39.535,39.535,
25.581,25.581,25.581,27.907,30.233,30.233,34.884,34.884,34.884,30.233,25.581,25.581,18.605,27.907,39.535,39.535,39.535,39.535,39.535,39.535,39.535,39.535,39.535,39.535,
25.581,25.581,25.581,23.256,25.581,30.233,34.884,34.884,34.884,30.233,25.581,25.581,18.605,27.907,39.535,39.535,39.535,39.535,39.535,39.535,39.535,39.535,39.535,39.535,
25.581,25.581,25.581,23.256,25.581,30.233,34.884,34.884,34.884,30.233,25.581,25.581,18.605,27.907,39.535,39.535,39.535,39.535,39.535,39.535,39.535,39.535,39.535,39.535,
25.581,25.581,25.581,23.256,25.581,30.233,34.884,34.884,34.884,30.233,25.581,25.581,18.605,27.907,39.535,39.535,39.535,39.535,39.535,39.535,39.535,39.535,39.535,39.535,
25.581,25.581,25.581,23.256,25.581,30.233,34.884,34.884,34.884,30.233,25.581,25.581,18.605,27.907,39.535,39.535,39.535,39.535,39.535,39.535,39.535,39.535,39.535,39.535,
25.581,25.581,25.581,23.256,25.581,30.233,34.884,34.884,34.884,30.233,25.581,25.581,18.605,27.907,39.535,39.535,39.535,39.535,39.535,39.535,39.535,39.535,39.535,39.535,
25.581,25.581,25.581,23.256,25.581,30.233,34.884,34.884,34.884,30.233,25.581,25.581,18.605,27.907,39.535,39.535,39.535,39.535,39.535,39.535,39.535,39.535,39.535,39.535,
25.581,25.581,23.256,23.256,25.581,30.233,34.884,34.884,34.884,30.233,25.581,25.581,18.605,27.907,39.535,39.535,39.535,39.535,39.535,39.535,39.535,39.535,39.535,39.535,
23.256,23.256,25.581,25.581,27.907,32.558,37.209,37.209,37.209,32.558,32.558,25.581,18.605,27.907,39.535,39.535,39.535,39.535,39.535,39.535,39.535,39.535,39.535,39.535,
23.256,23.256,25.581,25.581,27.907,32.558,37.209,37.209,37.209,32.558,32.558,25.581,18.605,27.907,39.535,39.535,39.535,39.535,39.535,39.535,39.535,39.535,39.535,39.535,
23.256,23.256,25.581,25.581,27.907,32.558,37.209,37.209,37.209,32.558,32.558,25.581,18.605,27.907,39.535,39.535,39.535,39.535,39.535,39.535,39.535,39.535,39.535,39.535,
23.256,23.256,25.581,25.581,27.907,32.558,37.209,37.209,37.209,32.558,32.558,25.581,18.605,27.907,39.535,39.535,39.535,39.535,39.535,39.535,39.535,39.535,39.535,39.535,
23.256,23.256,25.581,25.581,27.907,30.233,34.884,34.884,34.884,30.233,30.233,23.256,18.605,27.907,39.535,39.535,39.535,39.535,39.535,39.535,39.535,39.535,39.535,39.535,
23.256,23.256,25.581,25.581,27.907,30.233,34.884,34.884,34.884,30.233,30.233,23.256,18.605,27.907,39.535,39.535,39.535,39.535,39.535,39.535,39.535,39.535,39.535,39.535,
23.256,23.256,23.256,25.581,27.907,30.233,34.884,34.884,34.884,30.233,30.233,23.256,18.605,27.907,39.535,39.535,39.535,39.535,39.535,39.535,39.535,39.535,39.535,39.535,
23.256,23.256,25.581,25.581,30.233,32.558,34.884,34.884,34.884,30.233,30.233,23.256,18.605,27.907,39.535,39.535,39.535,39.535,39.535,39.535,39.535,39.535,39.535,39.535,
23.256,23.256,25.581,25.581,30.233,32.558,34.884,34.884,34.884,30.233,30.233,23.256,18.605,27.907,39.535,39.535,39.535,39.535,39.535,39.535,39.535,39.535,39.535,39.535,
23.256,23.256,25.581,25.581,30.233,32.558,34.884,34.884,34.884,30.233,30.233,23.256,18.605,27.907,39.535,39.535,39.535,39.535,39.535,39.535,39.535,39.535,39.535,39.535,
23.256,23.256,25.581,23.256,27.907,32.558,34.884,34.884,34.884,30.233,30.233,23.256,18.605,27.907,39.535,39.535,39.535,39.535,39.535,39.535,39.535,39.535,39.535,39.535,
20.93,23.256,25.581,23.256,27.907,32.558,34.884,34.884,34.884,30.233,30.233,23.256,18.605,27.907,39.535,39.535,39.535,39.535,39.535,39.535,39.535,39.535,39.535,39.535,
20.93,23.256,23.256,23.256,27.907,32.558,34.884,34.884,34.884,30.233,30.233,23.256,18.605,27.907,39.535,39.535,39.535,39.535,39.535,39.535,39.535,39.535,39.535,39.535,
20.93,20.93,23.256,23.256,27.907,32.558,34.884,34.884,34.884,30.233,30.233,23.256,18.605,27.907,39.535,39.535,39.535,39.535,39.535,39.535,39.535,39.535,39.535,39.535,
20.93,20.93,23.256,23.256,27.907,32.558,34.884,34.884,34.884,30.233,30.233,23.256,18.605,27.907,39.535,39.535,39.535,39.535,39.535,39.535,39.535,39.535,39.535,39.535,
20.93,20.93,23.256,23.256,27.907,32.558,34.884,34.884,34.884,34.884,34.884,27.907,23.256,27.907,39.535,39.535,39.535,39.535,39.535,39.535,39.535,39.535,39.535,39.535,
20.93,18.605,23.256,23.256,27.907,32.558,34.884,34.884,34.884,34.884,34.884,27.907,23.256,27.907,39.535,39.535,39.535,39.535,39.535,39.535,39.535,39.535,39.535,39.535,
20.93,18.605,23.256,23.256,27.907,32.558,34.884,34.884,34.884,34.884,34.884,27.907,23.256,27.907,39.535,39.535,39.535,39.535,39.535,39.535,39.535,39.535,39.535,39.535,
23.256,20.93,25.581,27.907,32.558,32.558,34.884,34.884,34.884,34.884,34.884,27.907,23.256,27.907,39.535,39.535,39.535,39.535,39.535,39.535,39.535,39.535,39.535,39.535,
23.256,23.256,27.907,27.907,32.558,32.558,34.884,34.884,34.884,34.884,34.884,27.907,23.256,27.907,39.535,39.535,39.535,39.535,39.535,39.535,39.535,39.535,39.535,39.535,
23.256,23.256,27.907,27.907,32.558,32.558,34.884,34.884,34.884,34.884,34.884,27.907,23.256,27.907,39.535,39.535,39.535,39.535,39.535,39.535,39.535,39.535,39.535,39.535,
23.256,30.233,27.907,27.907,32.558,32.558,34.884,34.884,34.884,34.884,34.884,30.233,25.581,27.907,39.535,39.535,39.535,39.535,39.535,39.535,39.535,39.535,39.535,39.535,
23.256,30.233,27.907,27.907,32.558,32.558,34.884,34.884,34.884,34.884,34.884,30.233,25.581,27.907,39.535,39.535,39.535,39.535,39.535,39.535,39.535,39.535,39.535,39.535,
27.907,32.558,30.233,30.233,34.884,34.884,37.209,37.209,37.209,37.209,37.209,32.558,27.907,27.907,39.535,39.535,39.535,39.535,39.535,39.535,39.535,39.535,39.535,39.535,
30.233,32.558,30.233,30.233,34.884,34.884,37.209,37.209,37.209,37.209,37.209,32.558,27.907,27.907,39.535,39.535,39.535,39.535,39.535,39.535,39.535,39.535,39.535,39.535,
27.907,34.884,34.884,34.884,34.884,34.884,37.209,37.209,37.209,37.209,37.209,32.558,32.558,32.558,39.535,39.535,39.535,39.535,39.535,39.535,39.535,39.535,39.535,39.535,
32.558,37.209,37.209,37.209,37.209,37.209,39.535,39.535,39.535,39.535,39.535,34.884,34.884,34.884,39.535,39.535,39.535,39.535,39.535,39.535,39.535,39.535,39.535,39.535,
32.558,37.209,37.209,37.209,37.209,37.209,39.535,39.535,39.535,39.535,39.535,34.884,34.884,34.884,39.535,39.535,39.535,39.535,39.535,39.535,39.535,39.535,39.535,39.535,
32.558,37.209,37.209,37.209,37.209,37.209,39.535,39.535,39.535,39.535,39.535,34.884,34.884,34.884,39.535,39.535,39.535,39.535,39.535,39.535,39.535,39.535,39.535,39.535,
34.884,37.209,37.209,37.209,37.209,37.209,39.535,39.535,39.535,39.535,39.535,34.884,34.884,34.884,39.535,39.535,39.535,39.535,39.535,39.535,39.535,39.535,39.535,39.535,
34.884,37.209,37.209,37.209,37.209,37.209,39.535,39.535,39.535,39.535,39.535,39.535,39.535,39.535,39.535,39.535,39.535,39.535,39.535,39.535,39.535,39.535,39.535,39.535,
37.209,37.209,37.209,37.209,37.209,37.209,39.535,39.535,39.535,39.535,39.535,39.535,39.535,39.535,39.535,39.535,39.535,39.535,39.535,39.535,39.535,39.535,39.535,39.535,
37.209,37.209,37.209,37.209,39.535,39.535,39.535,39.535,39.535,39.535,39.535,39.535,39.535,39.535,39.535,39.535,39.535,39.535,39.535,39.535,39.535,39.535,39.535,39.535,
37.209,37.209,39.535,39.535,39.535,39.535,39.535,39.535,39.535,39.535,39.535,39.535,39.535,39.535,39.535,39.535,39.535,39.535,39.535,39.535,39.535,39.535,39.535,39.535,
39.535,39.535,39.535,39.535,39.535,39.535,39.535,39.535,39.535,39.535,39.535,39.535,39.535,39.535,39.535,39.535,39.535,39.535,39.535,39.535,39.535,39.535,39.535,39.535,
39.535,39.535,39.535,39.535,39.535,39.535,39.535,39.535,39.535,39.535,39.535,39.535,39.535,39.535,39.535,39.535,39.535,39.535,39.535,39.535,39.535,39.535,39.535,39.535,

27.273,27.273,36.364,30.303,30.303,33.333,33.333,42.424,42.424,42.424,48.485,48.485,48.485,48.485,48.485,48.485,48.485,48.485,48.485,48.485,48.485,48.485,48.485,48.485,
27.273,27.273,36.364,30.303,30.303,33.333,33.333,42.424,42.424,42.424,48.485,48.485,48.485,48.485,48.485,48.485,48.485,48.485,48.485,48.485,48.485,48.485,48.485,48.485,
27.273,27.273,36.364,30.303,30.303,33.333,33.333,42.424,42.424,42.424,48.485,48.485,48.485,48.485,48.485,48.485,48.485,48.485,48.485,48.485,48.485,48.485,48.485,48.485,
27.273,27.273,36.364,30.303,30.303,33.333,33.333,42.424,42.424,42.424,48.485,48.485,48.485,48.485,48.485,48.485,48.485,48.485,48.485,48.485,48.485,48.485,48.485,48.485,
27.273,27.273,36.364,30.303,30.303,33.333,33.333,42.424,42.424,42.424,48.485,48.485,48.485,48.485,48.485,48.485,48.485,48.485,48.485,48.485,48.485,48.485,48.485,48.485,
27.273,30.303,39.394,33.333,33.333,39.394,33.333,42.424,42.424,42.424,48.485,48.485,48.485,48.485,48.485,48.485,48.485,48.485,48.485,48.485,48.485,48.485,48.485,48.485,
27.273,30.303,39.394,33.333,33.333,39.394,33.333,42.424,42.424,42.424,48.485,48.485,48.485,48.485,48.485,48.485,48.485,48.485,48.485,48.485,48.485,48.485,48.485,48.485,
27.273,30.303,39.394,33.333,33.333,39.394,39.394,39.394,42.424,42.424,48.485,48.485,48.485,48.485,48.485,48.485,48.485,48.485,48.485,48.485,48.485,48.485,48.485,48.485,
27.273,33.333,39.394,33.333,33.333,39.394,39.394,39.394,42.424,42.424,48.485,48.485,48.485,48.485,48.485,48.485,48.485,48.485,48.485,48.485,48.485,48.485,48.485,48.485,
27.273,33.333,39.394,33.333,36.364,42.424,39.394,39.394,42.424,42.424,48.485,48.485,48.485,48.485,48.485,48.485,48.485,48.485,48.485,48.485,48.485,48.485,48.485,48.485,
27.273,33.333,39.394,33.333,36.364,42.424,39.394,39.394,42.424,42.424,48.485,48.485,48.485,48.485,48.485,48.485,48.485,48.485,48.485,48.485,48.485,48.485,48.485,48.485,
27.273,33.333,39.394,36.364,39.394,45.455,39.394,39.394,42.424,42.424,48.485,48.485,48.485,48.485,48.485,48.485,48.485,48.485,48.485,48.485,48.485,48.485,48.485,48.485,
27.273,33.333,42.424,39.394,42.424,45.455,39.394,39.394,42.424,42.424,48.485,48.485,48.485,48.485,48.485,48.485,48.485,48.485,48.485,48.485,48.485,48.485,48.485,48.485,
27.273,33.333,42.424,39.394,42.424,45.455,39.394,39.394,42.424,42.424,48.485,48.485,48.485,48.485,48.485,48.485,48.485,48.485,48.485,48.485,48.485,48.485,48.485,48.485,
27.273,36.364,42.424,39.394,42.424,45.455,39.394,39.394,42.424,42.424,48.485,48.485,48.485,48.485,48.485,48.485,48.485,48.485,48.485,48.485,48.485,48.485,48.485,48.485,
27.273,36.364,42.424,39.394,42.424,45.455,39.394,39.394,42.424,42.424,48.485,48.485,48.485,48.485,48.485,48.485,48.485,48.485,48.485,48.485,48.485,48.485,48.485,48.485,
27.273,39.394,42.424,39.394,42.424,45.455,39.394,39.394,42.424,42.424,48.485,48.485,48.485,48.485,48.485,48.485,48.485,48.485,48.485,48.485,48.485,48.485,48.485,48.485,
27.273,39.394,42.424,39.394,42.424,45.455,39.394,39.394,42.424,42.424,48.485,48.485,48.485,48.485,48.485,48.485,48.485,48.485,48.485,48.485,48.485,48.485,48.485,48.485,
27.273,42.424,45.455,42.424,42.424,45.455,39.394,39.394,42.424,42.424,48.485,48.485,48.485,48.485,48.485,48.485,48.485,48.485,48.485,48.485,48.485,48.485,48.485,48.485,
27.273,42.424,45.455,42.424,42.424,45.455,39.394,39.394,42.424,42.424,48.485,48.485,48.485,48.485,48.485,48.485,48.485,48.485,48.485,48.485,48.485,48.485,48.485,48.485,
27.273,42.424,45.455,45.455,42.424,45.455,39.394,39.394,42.424,42.424,48.485,48.485,48.485,48.485,48.485,48.485,48.485,48.485,48.485,48.485,48.485,48.485,48.485,48.485,
30.303,42.424,45.455,45.455,42.424,45.455,39.394,39.394,42.424,42.424,48.485,48.485,48.485,48.485,48.485,48.485,48.485,48.485,48.485,48.485,48.485,48.485,48.485,48.485,
33.333,42.424,45.455,45.455,48.485,48.485,39.394,39.394,42.424,42.424,48.485,48.485,48.485,48.485,48.485,48.485,48.485,48.485,48.485,48.485,48.485,48.485,48.485,48.485,
33.333,42.424,45.455,45.455,48.485,48.485,39.394,39.394,42.424,42.424,48.485,48.485,48.485,48.485,48.485,48.485,48.485,48.485,48.485,48.485,48.485,48.485,48.485,48.485,
36.364,42.424,45.455,45.455,48.485,48.485,39.394,39.394,42.424,42.424,48.485,48.485,48.485,48.485,48.485,48.485,48.485,48.485,48.485,48.485,48.485,48.485,48.485,48.485,
36.364,42.424,45.455,45.455,48.485,48.485,39.394,39.394,42.424,42.424,48.485,48.485,48.485,48.485,48.485,48.485,48.485,48.485,48.485,48.485,48.485,48.485,48.485,48.485,
39.394,42.424,45.455,45.455,48.485,48.485,42.424,42.424,42.424,42.424,48.485,48.485,48.485,48.485,48.485,48.485,48.485,48.485,48.485,48.485,48.485,48.485,48.485,48.485,
39.394,45.455,48.485,48.485,48.485,48.485,42.424,42.424,42.424,42.424,48.485,48.485,48.485,48.485,48.485,48.485,48.485,48.485,48.485,48.485,48.485,48.485,48.485,48.485,
39.394,45.455,48.485,48.485,48.485,48.485,42.424,42.424,42.424,42.424,48.485,48.485,48.485,48.485,48.485,48.485,48.485,48.485,48.485,48.485,48.485,48.485,48.485,48.485,
42.424,45.455,48.485,48.485,48.485,48.485,42.424,42.424,42.424,42.424,48.485,48.485,48.485,48.485,48.485,48.485,48.485,48.485,48.485,48.485,48.485,48.485,48.485,48.485,
42.424,45.455,48.485,48.485,48.485,48.485,42.424,42.424,42.424,42.424,48.485,48.485,48.485,48.485,48.485,48.485,48.485,48.485,48.485,48.485,48.485,48.485,48.485,48.485,
42.424,45.455,48.485,48.485,48.485,48.485,42.424,42.424,42.424,42.424,48.485,48.485,48.485,48.485,48.485,48.485,48.485,48.485,48.485,48.485,48.485,48.485,48.485,48.485,
42.424,45.455,48.485,48.485,48.485,48.485,42.424,42.424,42.424,42.424,48.485,48.485,48.485,48.485,48.485,48.485,48.485,48.485,48.485,48.485,48.485,48.485,48.485,48.485,
45.455,45.455,48.485,48.485,48.485,48.485,42.424,42.424,42.424,42.424,48.485,48.485,48.485,48.485,48.485,48.485,48.485,48.485,48.485,48.485,48.485,48.485,48.485,48.485,
45.455,45.455,48.485,48.485,48.485,48.485,42.424,42.424,42.424,42.424,48.485,48.485,48.485,48.485,48.485,48.485,48.485,48.485,48.485,48.485,48.485,48.485,48.485,48.485,
48.485,48.485,48.485,48.485,48.485,48.485,42.424,42.424,42.424,42.424,48.485,48.485,48.485,48.485,48.485,48.485,48.485,48.485,48.485,48.485,48.485,48.485,48.485,48.485,
48.485,48.485,48.485,48.485,48.485,48.485,42.424,42.424,42.424,42.424,48.485,48.485,48.485,48.485,48.485,48.485,48.485,48.485,48.485,48.485,48.485,48.485,48.485,48.485,
48.485,48.485,48.485,48.485,48.485,48.485,42.424,42.424,42.424,42.424,48.485,48.485,48.485,48.485,48.485,48.485,48.485,48.485,48.485,48.485,48.485,48.485,48.485,48.485,
48.485,48.485,48.485,48.485,48.485,48.485,48.485,48.485,48.485,48.485,48.485,48.485,48.485,48.485,48.485,48.485,48.485,48.485,48.485,48.485,48.485,48.485,48.485,48.485,
48.485,48.485,48.485,48.485,48.485,48.485,48.485,48.485,48.485,48.485,48.485,48.485,48.485,48.485,48.485,48.485,48.485,48.485,48.485,48.485,48.485,48.485,48.485,48.485,
48.485,48.485,48.485,48.485,48.485,48.485,48.485,48.485,48.485,48.485,48.485,48.485,48.485,48.485,48.485,48.485,48.485,48.485,48.485,48.485,48.485,48.485,48.485,48.485,
48.485,48.485,48.485,48.485,48.485,48.485,48.485,48.485,48.485,48.485,48.485,48.485,48.485,48.485,48.485,48.485,48.485,48.485,48.485,48.485,48.485,48.485,48.485,48.485,
48.485,48.485,48.485,48.485,48.485,48.485,48.485,48.485,48.485,48.485,48.485,48.485,48.485,48.485,48.485,48.485,48.485,48.485,48.485,48.485,48.485,48.485,48.485,48.485,
48.485,48.485,48.485,48.485,48.485,48.485,48.485,48.485,48.485,48.485,48.485,48.485,48.485,48.485,48.485,48.485,48.485,48.485,48.485,48.485,48.485,48.485,48.485,48.485,
48.485,48.485,48.485,48.485,48.485,48.485,48.485,48.485,48.485,48.485,48.485,48.485,48.485,48.485,48.485,48.485,48.485,48.485,48.485,48.485,48.485,48.485,48.485,48.485,
48.485,48.485,48.485,48.485,48.485,48.485,48.485,48.485,48.485,48.485,48.485,48.485,48.485,48.485,48.485,48.485,48.485,48.485,48.485,48.485,48.485,48.485,48.485,48.485,
48.485,48.485,48.485,48.485,48.485,48.485,48.485,48.485,48.485,48.485,48.485,48.485,48.485,48.485,48.485,48.485,48.485,48.485,48.485,48.485,48.485,48.485,48.485,48.485,
48.485,48.485,48.485,48.485,48.485,48.485,48.485,48.485,48.485,48.485,48.485,48.485,48.485,48.485,48.485,48.485,48.485,48.485,48.485,48.485,48.485,48.485,48.485,48.485,
48.485,48.485,48.485,48.485,48.485,48.485,48.485,48.485,48.485,48.485,48.485,48.485,48.485,48.485,48.485,48.485,48.485,48.485,48.485,48.485,48.485,48.485,48.485,48.485,
48.485,48.485,48.485,48.485,48.485,48.485,48.485,48.485,48.485,48.485,48.485,48.485,48.485,48.485,48.485,48.485,48.485,48.485,48.485,48.485,48.485,48.485,48.485,48.485,

32.353,35.294,44.118,44.118,47.059,47.059,47.059,44.118,44.118,41.176,38.235,41.176,44.118,44.118,44.118,44.118,44.118,44.118,44.118,44.118,44.118,44.118,44.118,44.118,
32.353,35.294,44.118,44.118,47.059,47.059,47.059,44.118,44.118,41.176,38.235,41.176,44.118,44.118,44.118,44.118,44.118,44.118,44.118,44.118,44.118,44.118,44.118,44.118,
32.353,35.294,44.118,44.118,47.059,47.059,47.059,44.118,44.118,41.176,38.235,41.176,44.118,44.118,44.118,44.118,44.118,44.118,44.118,44.118,44.118,44.118,44.118,44.118,
32.353,35.294,44.118,44.118,47.059,47.059,47.059,44.118,44.118,41.176,38.235,41.176,44.118,44.118,44.118,44.118,44.118,44.118,44.118,44.118,44.118,44.118,44.118,44.118,
32.353,35.294,44.118,44.118,47.059,47.059,47.059,44.118,44.118,41.176,38.235,41.176,44.118,44.118,44.118,44.118,44.118,44.118,44.118,44.118,44.118,44.118,44.118,44.118,
32.353,35.294,44.118,44.118,47.059,47.059,47.059,44.118,44.118,41.176,38.235,41.176,44.118,44.118,44.118,44.118,44.118,44.118,44.118,44.118,44.118,44.118,44.118,44.118,
32.353,35.294,44.118,44.118,47.059,47.059,47.059,44.118,44.118,41.176,38.235,41.176,44.118,44.118,44.118,44.118,44.118,44.118,44.118,44.118,44.118,44.118,44.118,44.118,
32.353,35.294,44.118,44.118,47.059,47.059,47.059,44.118,44.118,41.176,38.235,41.176,44.118,44.118,44.118,44.118,44.118,44.118,44.118,44.118,44.118,44.118,44.118,44.118,
32.353,35.294,44.118,44.118,47.059,47.059,47.059,47.059,47.059,44.118,44.118,44.118,44.118,44.118,44.118,44.118,44.118,44.118,44.118,44.118,44.118,44.118,44.118,44.118,
38.235,41.176,44.118,44.118,47.059,47.059,47.059,47.059,47.059,44.118,44.118,44.118,44.118,44.118,44.118,44.118,44.118,44.118,44.118,44.118,44.118,44.118,44.118,44.118,
38.235,41.176,44.118,44.118,47.059,47.059,47.059,47.059,47.059,44.118,44.118,44.118,44.118,44.118,44.118,44.118,44.118,44.118,44.118,44.118,44.118,44.118,44.118,44.118,
38.235,41.176,44.118,44.118,47.059,47.059,47.059,47.059,47.059,44.118,44.118,44.118,44.118,44.118,44.118,44.118,44.118,44.118,44.118,44.118,44.118,44.118,44.118,44.118,
41.176,41.176,44.118,44.118,47.059,47.059,47.059,47.059,47.059,44.118,44.118,44.118,44.118,44.118,44.118,44.118,44.118,44.118,44.118,44.118,44.118,44.118,44.118,44.118,
41.176,41.176,44.118,44.118,47.059,47.059,47.059,47.059,47.059,44.118,44.118,44.118,44.118,44.118,44.118,44.118,44.118,44.118,44.118,44.118,44.118,44.118,44.118,44.118,
41.176,41.176,44.118,44.118,47.059,47.059,47.059,47.059,47.059,44.118,44.118,44.118,44.118,44.118,44.118,44.118,44.118,44.118,44.118,44.118,44.118,44.118,44.118,44.118,
41.176,41.176,44.118,44.118,47.059,47.059,47.059,47.059,47.059,44.118,44.118,44.118,44.118,44.118,44.118,44.118,44.118,44.118,44.118,44.118,44.118,44.118,44.118,44.118,
41.176,41.176,44.118,44.118,47.059,47.059,47.059,47.059,47.059,44.118,44.118,44.118,44.118,44.118,44.118,44.118,44.118,44.118,44.118,44.118,44.118,44.118,44.118,44.118,
41.176,41.176,44.118,44.118,47.059,47.059,47.059,47.059,47.059,44.118,44.118,44.118,44.118,44.118,44.118,44.118,44.118,44.118,44.118,44.118,44.118,44.118,44.118,44.118,
41.176,41.176,44.118,44.118,47.059,47.059,47.059,47.059,47.059,44.118,44.118,44.118,44.118,44.118,44.118,44.118,44.118,44.118,44.118,44.118,44.118,44.118,44.118,44.118,
41.176,41.176,44.118,44.118,47.059,47.059,47.059,47.059,47.059,44.118,44.118,44.118,44.118,44.118,44.118,44.118,44.118,44.118,44.118,44.118,44.118,44.118,44.118,44.118,
41.176,41.176,44.118,44.118,44.118,44.118,44.118,44.118,44.118,44.118,44.118,44.118,44.118,44.118,44.118,44.118,44.118,44.118,44.118,44.118,44.118,44.118,44.118,44.118,
41.176,41.176,44.118,44.118,44.118,44.118,44.118,44.118,44.118,44.118,44.118,44.118,44.118,44.118,44.118,44.118,44.118,44.118,44.118,44.118,44.118,44.118,44.118,44.118,
41.176,41.176,44.118,44.118,44.118,44.118,44.118,44.118,44.118,44.118,44.118,44.118,44.118,44.118,44.118,44.118,44.118,44.118,44.118,44.118,44.118,44.118,44.118,44.118,
41.176,41.176,44.118,44.118,44.118,44.118,44.118,44.118,44.118,44.118,44.118,44.118,44.118,44.118,44.118,44.118,44.118,44.118,44.118,44.118,44.118,44.118,44.118,44.118,
41.176,41.176,44.118,44.118,44.118,44.118,44.118,44.118,44.118,44.118,44.118,44.118,44.118,44.118,44.118,44.118,44.118,44.118,44.118,44.118,44.118,44.118,44.118,44.118,
41.176,41.176,44.118,44.118,44.118,44.118,44.118,44.118,44.118,44.118,44.118,44.118,44.118,44.118,44.118,44.118,44.118,44.118,44.118,44.118,44.118,44.118,44.118,44.118,
41.176,41.176,44.118,44.118,44.118,44.118,44.118,44.118,44.118,44.118,44.118,44.118,44.118,44.118,44.118,44.118,44.118,44.118,44.118,44.118,44.118,44.118,44.118,44.118,
41.176,41.176,44.118,44.118,44.118,44.118,44.118,44.118,44.118,44.118,44.118,44.118,44.118,44.118,44.118,44.118,44.118,44.118,44.118,44.118,44.118,44.118,44.118,44.118,
44.118,44.118,44.118,44.118,44.118,44.118,44.118,44.118,44.118,44.118,44.118,44.118,44.118,44.118,44.118,44.118,44.118,44.118,44.118,44.118,44.118,44.118,44.118,44.118,
44.118,44.118,44.118,44.118,44.118,44.118,44.118,44.118,44.118,44.118,44.118,44.118,44.118,44.118,44.118,44.118,44.118,44.118,44.118,44.118,44.118,44.118,44.118,44.118,
44.118,44.118,44.118,44.118,44.118,44.118,44.118,44.118,44.118,44.118,44.118,44.118,44.118,44.118,44.118,44.118,44.118,44.118,44.118,44.118,44.118,44.118,44.118,44.118,
44.118,44.118,44.118,44.118,44.118,44.118,44.118,44.118,44.118,44.118,44.118,44.118,44.118,44.118,44.118,44.118,44.118,44.118,44.118,44.118,44.118,44.118,44.118,44.118,
44.118,44.118,44.118,44.118,44.118,44.118,44.118,44.118,44.118,44.118,44.118,44.118,44.118,44.118,44.118,44.118,44.118,44.118,44.118,44.118,44.118,44.118,44.118,44.118,
44.118,44.118,44.118,44.118,44.118,44.118,44.118,44.118,44.118,44.118,44.118,44.118,44.118,44.118,44.118,44.118,44.118,44.118,44.118,44.118,44.118,44.118,44.118,44.118,
44.118,44.118,44.118,44.118,44.118,44.118,44.118,44.118,44.118,44.118,44.118,44.118,44.118,44.118,44.118,44.118,44.118,44.118,44.118,44.118,44.118,44.118,44.118,44.118,
44.118,44.118,44.118,44.118,44.118,44.118,44.118,44.118,44.118,44.118,44.118,44.118,44.118,44.118,44.118,44.118,44.118,44.118,44.118,44.118,44.118,44.118,44.118,44.118,
44.118,44.118,44.118,44.118,44.118,44.118,44.118,44.118,44.118,44.118,44.118,44.118,44.118,44.118,44.118,44.118,44.118,44.118,44.118,44.118,44.118,44.118,44.118,44.118,
44.118,44.118,44.118,44.118,44.118,44.118,44.118,44.118,44.118,44.118,44.118,44.118,44.118,44.118,44.118,44.118,44.118,44.118,44.118,44.118,44.118,44.118,44.118,44.118,
44.118,44.118,44.118,44.118,44.118,44.118,44.118,44.118,44.118,44.118,44.118,44.118,44.118,44.118,44.118,44.118,44.118,44.118,44.118,44.118,44.118,44.118,44.118,44.118,
44.118,44.118,44.118,44.118,44.118,44.118,44.118,44.118,44.118,44.118,44.118,44.118,44.118,44.118,44.118,44.118,44.118,44.118,44.118,44.118,44.118,44.118,44.118,44.118,
44.118,44.118,44.118,44.118,44.118,44.118,44.118,44.118,44.118,44.118,44.118,44.118,44.118,44.118,44.118,44.118,44.118,44.118,44.118,44.118,44.118,44.118,44.118,44.118,
44.118,44.118,44.118,44.118,44.118,44.118,44.118,44.118,44.118,44.118,44.118,44.118,44.118,44.118,44.118,44.118,44.118,44.118,44.118,44.118,44.118,44.118,44.118,44.118,
44.118,44.118,44.118,44.118,44.118,44.118,44.118,44.118,44.118,44.118,44.118,44.118,44.118,44.118,44.118,44.118,44.118,44.118,44.118,44.118,44.118,44.118,44.118,44.118,
44.118,44.118,44.118,44.118,44.118,44.118,44.118,44.118,44.118,44.118,44.118,44.118,44.118,44.118,44.118,44.118,44.118,44.118,44.118,44.118,44.118,44.118,44.118,44.118,
44.118,44.118,44.118,44.118,44.118,44.118,44.118,44.118,44.118,44.118,44.118,44.118,44.118,44.118,44.118,44.118,44.118,44.118,44.118,44.118,44.118,44.118,44.118,44.118,
44.118,44.118,44.118,44.118,44.118,44.118,44.118,44.118,44.118,44.118,44.118,44.118,44.118,44.118,44.118,44.118,44.118,44.118,44.118,44.118,44.118,44.118,44.118,44.118,
44.118,44.118,44.118,44.118,44.118,44.118,44.118,44.118,44.118,44.118,44.118,44.118,44.118,44.118,44.118,44.118,44.118,44.118,44.118,44.118,44.118,44.118,44.118,44.118,
44.118,44.118,44.118,44.118,44.118,44.118,44.118,44.118,44.118,44.118,44.118,44.118,44.118,44.118,44.118,44.118,44.118,44.118,44.118,44.118,44.118,44.118,44.118,44.118,
44.118,44.118,44.118,44.118,44.118,44.118,44.118,44.118,44.118,44.118,44.118,44.118,44.118,44.118,44.118,44.118,44.118,44.118,44.118,44.118,44.118,44.118,44.118,44.118,
44.118,44.118,44.118,44.118,44.118,44.118,44.118,44.118,44.118,44.118,44.118,44.118,44.118,44.118,44.118,44.118,44.118,44.118,44.118,44.118,44.118,44.118,44.118,44.118,

23.333,16.667,20.0,20.0,20.0,33.333,36.667,36.667,36.667,46.667,46.667,46.667,46.667,46.667,46.667,46.667,46.667,46.667,46.667,46.667,46.667,46.667,46.667,46.667,
23.333,16.667,20.0,20.0,20.0,33.333,36.667,36.667,36.667,46.667,46.667,46.667,46.667,46.667,46.667,46.667,46.667,46.667,46.667,46.667,46.667,46.667,46.667,46.667,
23.333,16.667,20.0,20.0,20.0,33.333,36.667,36.667,36.667,46.667,46.667,46.667,46.667,46.667,46.667,46.667,46.667,46.667,46.667,46.667,46.667,46.667,46.667,46.667,
23.333,16.667,20.0,20.0,20.0,33.333,36.667,36.667,36.667,46.667,46.667,46.667,46.667,46.667,46.667,46.667,46.667,46.667,46.667,46.667,46.667,46.667,46.667,46.667,
23.333,20.0,23.333,26.667,26.667,36.667,36.667,36.667,36.667,46.667,46.667,46.667,46.667,46.667,46.667,46.667,46.667,46.667,46.667,46.667,46.667,46.667,46.667,46.667,
23.333,20.0,23.333,26.667,26.667,36.667,36.667,36.667,36.667,46.667,46.667,46.667,46.667,46.667,46.667,46.667,46.667,46.667,46.667,46.667,46.667,46.667,46.667,46.667,
23.333,20.0,23.333,26.667,26.667,36.667,36.667,36.667,36.667,46.667,46.667,46.667,46.667,46.667,46.667,46.667,46.667,46.667,46.667,46.667,46.667,46.667,46.667,46.667,
23.333,20.0,23.333,26.667,26.667,36.667,36.667,36.667,36.667,46.667,46.667,46.667,46.667,46.667,46.667,46.667,46.667,46.667,46.667,46.667,46.667,46.667,46.667,46.667,
23.333,20.0,23.333,26.667,26.667,36.667,40.0,46.667,46.667,46.667,46.667,46.667,46.667,46.667,46.667,46.667,46.667,46.667,46.667,46.667,46.667,46.667,46.667,46.667,
20.0,20.0,26.667,26.667,26.667,36.667,40.0,46.667,46.667,46.667,46.667,46.667,46.667,46.667,46.667,46.667,46.667,46.667,46.667,46.667,46.667,46.667,46.667,46.667,
20.0,20.0,26.667,26.667,26.667,36.667,40.0,46.667,46.667,46.667,46.667,46.667,46.667,46.667,46.667,46.667,46.667,46.667,46.667,46.667,46.667,46.667,46.667,46.667,
20.0,20.0,26.667,26.667,26.667,36.667,40.0,46.667,46.667,46.667,46.667,46.667,46.667,46.667,46.667,46.667,46.667,46.667,46.667,46.667,46.667,46.667,46.667,46.667,
20.0,20.0,33.333,26.667,26.667,36.667,40.0,46.667,46.667,46.667,46.667,46.667,46.667,46.667,46.667,46.667,46.667,46.667,46.667,46.667,46.667,46.667,46.667,46.667,
20.0,20.0,33.333,26.667,26.667,36.667,40.0,46.667,46.667,46.667,46.667,46.667,46.667,46.667,46.667,46.667,46.667,46.667,46.667,46.667,46.667,46.667,46.667,46.667,
20.0,20.0,33.333,33.333,33.333,43.333,46.667,46.667,46.667,46.667,46.667,46.667,46.667,46.667,46.667,46.667,46.667,46.667,46.667,46.667,46.667,46.667,46.667,46.667,
20.0,20.0,33.333,33.333,33.333,43.333,46.667,46.667,46.667,46.667,46.667,46.667,46.667,46.667,46.667,46.667,46.667,46.667,46.667,46.667,46.667,46.667,46.667,46.667,
20.0,20.0,33.333,33.333,33.333,43.333,46.667,46.667,46.667,46.667,46.667,46.667,46.667,46.667,46.667,46.667,46.667,46.667,46.667,46.667,46.667,46.667,46.667,46.667,
16.667,20.0,36.667,36.667,36.667,43.333,46.667,46.667,46.667,46.667,46.667,46.667,46.667,46.667,46.667,46.667,46.667,46.667,46.667,46.667,46.667,46.667,46.667,46.667,
16.667,20.0,36.667,36.667,36.667,43.333,46.667,46.667,46.667,46.667,46.667,46.667,46.667,46.667,46.667,46.667,46.667,46.667,46.667,46.667,46.667,46.667,46.667,46.667,
20.0,23.333,36.667,36.667,36.667,43.333,46.667,46.667,46.667,46.667,46.667,46.667,46.667,46.667,46.667,46.667,46.667,46.667,46.667,46.667,46.667,46.667,46.667,46.667,
20.0,23.333,36.667,36.667,36.667,43.333,46.667,46.667,46.667,46.667,46.667,46.667,46.667,46.667,46.667,46.667,46.667,46.667,46.667,46.667,46.667,46.667,46.667,46.667,
20.0,23.333,36.667,36.667,36.667,43.333,46.667,46.667,46.667,46.667,46.667,46.667,46.667,46.667,46.667,46.667,46.667,46.667,46.667,46.667,46.667,46.667,46.667,46.667,
20.0,23.333,36.667,36.667,36.667,43.333,46.667,46.667,46.667,46.667,46.667,46.667,46.667,46.667,46.667,46.667,46.667,46.667,46.667,46.667,46.667,46.667,46.667,46.667,
20.0,23.333,40.0,40.0,40.0,46.667,46.667,46.667,46.667,46.667,46.667,46.667,46.667,46.667,46.667,46.667,46.667,46.667,46.667,46.667,46.667,46.667,46.667,46.667,
20.0,23.333,40.0,40.0,40.0,46.667,46.667,46.667,46.667,46.667,46.667,46.667,46.667,46.667,46.667,46.667,46.667,46.667,46.667,46.667,46.667,46.667,46.667,46.667,
23.333,26.667,40.0,40.0,40.0,46.667,46.667,46.667,46.667,46.667,46.667,46.667,46.667,46.667,46.667,46.667,46.667,46.667,46.667,46.667,46.667,46.667,46.667,46.667,
23.333,26.667,40.0,40.0,40.0,46.667,46.667,46.667,46.667,46.667,46.667,46.667,46.667,46.667,46.667,46.667,46.667,46.667,46.667,46.667,46.667,46.667,46.667,46.667,
23.333,26.667,40.0,40.0,40.0,46.667,46.667,46.667,46.667,46.667,46.667,46.667,46.667,46.667,46.667,46.667,46.667,46.667,46.667,46.667,46.667,46.667,46.667,46.667,
23.333,26.667,40.0,40.0,40.0,46.667,46.667,46.667,46.667,46.667,46.667,46.667,46.667,46.667,46.667,46.667,46.667,46.667,46.667,46.667,46.667,46.667,46.667,46.667,
33.333,40.0,46.667,46.667,46.667,46.667,46.667,46.667,46.667,46.667,46.667,46.667,46.667,46.667,46.667,46.667,46.667,46.667,46.667,46.667,46.667,46.667,46.667,46.667,
33.333,40.0,46.667,46.667,46.667,46.667,46.667,46.667,46.667,46.667,46.667,46.667,46.667,46.667,46.667,46.667,46.667,46.667,46.667,46.667,46.667,46.667,46.667,46.667,
33.333,40.0,46.667,46.667,46.667,46.667,46.667,46.667,46.667,46.667,46.667,46.667,46.667,46.667,46.667,46.667,46.667,46.667,46.667,46.667,46.667,46.667,46.667,46.667,
30.0,40.0,46.667,46.667,46.667,46.667,46.667,46.667,46.667,46.667,46.667,46.667,46.667,46.667,46.667,46.667,46.667,46.667,46.667,46.667,46.667,46.667,46.667,46.667,
30.0,40.0,46.667,46.667,46.667,46.667,46.667,46.667,46.667,46.667,46.667,46.667,46.667,46.667,46.667,46.667,46.667,46.667,46.667,46.667,46.667,46.667,46.667,46.667,
30.0,40.0,46.667,46.667,46.667,46.667,46.667,46.667,46.667,46.667,46.667,46.667,46.667,46.667,46.667,46.667,46.667,46.667,46.667,46.667,46.667,46.667,46.667,46.667,
30.0,40.0,46.667,46.667,46.667,46.667,46.667,46.667,46.667,46.667,46.667,46.667,46.667,46.667,46.667,46.667,46.667,46.667,46.667,46.667,46.667,46.667,46.667,46.667,
36.667,46.667,46.667,46.667,46.667,46.667,46.667,46.667,46.667,46.667,46.667,46.667,46.667,46.667,46.667,46.667,46.667,46.667,46.667,46.667,46.667,46.667,46.667,46.667,
40.0,46.667,46.667,46.667,46.667,46.667,46.667,46.667,46.667,46.667,46.667,46.667,46.667,46.667,46.667,46.667,46.667,46.667,46.667,46.667,46.667,46.667,46.667,46.667,
40.0,46.667,46.667,46.667,46.667,46.667,46.667,46.667,46.667,46.667,46.667,46.667,46.667,46.667,46.667,46.667,46.667,46.667,46.667,46.667,46.667,46.667,46.667,46.667,
40.0,46.667,46.667,46.667,46.667,46.667,46.667,46.667,46.667,46.667,46.667,46.667,46.667,46.667,46.667,46.667,46.667,46.667,46.667,46.667,46.667,46.667,46.667,46.667,
46.667,46.667,46.667,46.667,46.667,46.667,46.667,46.667,46.667,46.667,46.667,46.667,46.667,46.667,46.667,46.667,46.667,46.667,46.667,46.667,46.667,46.667,46.667,46.667,
46.667,46.667,46.667,46.667,46.667,46.667,46.667,46.667,46.667,46.667,46.667,46.667,46.667,46.667,46.667,46.667,46.667,46.667,46.667,46.667,46.667,46.667,46.667,46.667,
46.667,46.667,46.667,46.667,46.667,46.667,46.667,46.667,46.667,46.667,46.667,46.667,46.667,46.667,46.667,46.667,46.667,46.667,46.667,46.667,46.667,46.667,46.667,46.667,
46.667,46.667,46.667,46.667,46.667,46.667,46.667,46.667,46.667,46.667,46.667,46.667,46.667,46.667,46.667,46.667,46.667,46.667,46.667,46.667,46.667,46.667,46.667,46.667,
46.667,46.667,46.667,46.667,46.667,46.667,46.667,46.667,46.667,46.667,46.667,46.667,46.667,46.667,46.667,46.667,46.667,46.667,46.667,46.667,46.667,46.667,46.667,46.667,
46.667,46.667,46.667,46.667,46.667,46.667,46.667,46.667,46.667,46.667,46.667,46.667,46.667,46.667,46.667,46.667,46.667,46.667,46.667,46.667,46.667,46.667,46.667,46.667,
46.667,46.667,46.667,46.667,46.667,46.667,46.667,46.667,46.667,46.667,46.667,46.667,46.667,46.667,46.667,46.667,46.667,46.667,46.667,46.667,46.667,46.667,46.667,46.667,
46.667,46.667,46.667,46.667,46.667,46.667,46.667,46.667,46.667,46.667,46.667,46.667,46.667,46.667,46.667,46.667,46.667,46.667,46.667,46.667,46.667,46.667,46.667,46.667,
46.667,46.667,46.667,46.667,46.667,46.667,46.667,46.667,46.667,46.667,46.667,46.667,46.667,46.667,46.667,46.667,46.667,46.667,46.667,46.667,46.667,46.667,46.667,46.667,
46.667,46.667,46.667,46.667,46.667,46.667,46.667,46.667,46.667,46.667,46.667,46.667,46.667,46.667,46.667,46.667,46.667,46.667,46.667,46.667,46.667,46.667,46.667,46.667,

20.833,20.833,33.333,33.333,33.333,50.0,45.833,45.833,41.667,41.667,41.667,41.667,41.667,41.667,41.667,41.667,41.667,41.667,41.667,41.667,41.667,41.667,41.667,41.667,
20.833,20.833,33.333,33.333,33.333,50.0,45.833,45.833,41.667,41.667,41.667,41.667,41.667,41.667,41.667,41.667,41.667,41.667,41.667,41.667,41.667,41.667,41.667,41.667,
20.833,20.833,33.333,33.333,33.333,50.0,45.833,45.833,41.667,41.667,41.667,41.667,41.667,41.667,41.667,41.667,41.667,41.667,41.667,41.667,41.667,41.667,41.667,41.667,
20.833,20.833,33.333,33.333,33.333,50.0,45.833,45.833,41.667,41.667,41.667,41.667,41.667,41.667,41.667,41.667,41.667,41.667,41.667,41.667,41.667,41.667,41.667,41.667,
20.833,20.833,33.333,33.333,33.333,50.0,45.833,45.833,41.667,41.667,41.667,41.667,41.667,41.667,41.667,41.667,41.667,41.667,41.667,41.667,41.667,41.667,41.667,41.667,
20.833,20.833,33.333,33.333,33.333,50.0,45.833,45.833,41.667,41.667,41.667,41.667,41.667,41.667,41.667,41.667,41.667,41.667,41.667,41.667,41.667,41.667,41.667,41.667,
20.833,20.833,33.333,33.333,33.333,50.0,45.833,45.833,41.667,41.667,41.667,41.667,41.667,41.667,41.667,41.667,41.667,41.667,41.667,41.667,41.667,41.667,41.667,41.667,
20.833,20.833,33.333,33.333,33.333,50.0,45.833,45.833,41.667,41.667,41.667,41.667,41.667,41.667,41.667,41.667,41.667,41.667,41.667,41.667,41.667,41.667,41.667,41.667,
20.833,20.833,33.333,33.333,33.333,50.0,45.833,45.833,41.667,41.667,41.667,41.667,41.667,41.667,41.667,41.667,41.667,41.667,41.667,41.667,41.667,41.667,41.667,41.667,
20.833,20.833,33.333,33.333,33.333,50.0,45.833,45.833,41.667,41.667,41.667,41.667,41.667,41.667,41.667,41.667,41.667,41.667,41.667,41.667,41.667,41.667,41.667,41.667,
20.833,20.833,33.333,33.333,33.333,50.0,45.833,45.833,41.667,41.667,41.667,41.667,41.667,41.667,41.667,41.667,41.667,41.667,41.667,41.667,41.667,41.667,41.667,41.667,
20.833,20.833,33.333,33.333,33.333,45.833,45.833,45.833,41.667,41.667,41.667,41.667,41.667,41.667,41.667,41.667,41.667,41.667,41.667,41.667,41.667,41.667,41.667,41.667,
20.833,16.667,33.333,33.333,33.333,45.833,45.833,45.833,41.667,41.667,41.667,41.667,41.667,41.667,41.667,41.667,41.667,41.667,41.667,41.667,41.667,41.667,41.667,41.667,
20.833,16.667,33.333,33.333,33.333,45.833,45.833,45.833,41.667,41.667,41.667,41.667,41.667,41.667,41.667,41.667,41.667,41.667,41.667,41.667,41.667,41.667,41.667,41.667,
20.833,16.667,33.333,33.333,33.333,45.833,45.833,45.833,41.667,41.667,41.667,41.667,41.667,41.667,41.667,41.667,41.667,41.667,41.667,41.667,41.667,41.667,41.667,41.667,
20.833,16.667,33.333,33.333,33.333,45.833,45.833,45.833,41.667,41.667,41.667,41.667,41.667,41.667,41.667,41.667,41.667,41.667,41.667,41.667,41.667,41.667,41.667,41.667,
20.833,16.667,33.333,33.333,33.333,45.833,45.833,45.833,41.667,41.667,41.667,41.667,41.667,41.667,41.667,41.667,41.667,41.667,41.667,41.667,41.667,41.667,41.667,41.667,
20.833,16.667,33.333,33.333,33.333,45.833,45.833,45.833,41.667,41.667,41.667,41.667,41.667,41.667,41.667,41.667,41.667,41.667,41.667,41.667,41.667,41.667,41.667,41.667,
20.833,16.667,33.333,33.333,33.333,45.833,45.833,45.833,41.667,41.667,41.667,41.667,41.667,41.667,41.667,41.667,41.667,41.667,41.667,41.667,41.667,41.667,41.667,41.667,
20.833,16.667,33.333,33.333,33.333,45.833,45.833,45.833,41.667,41.667,41.667,41.667,41.667,41.667,41.667,41.667,41.667,41.667,41.667,41.667,41.667,41.667,41.667,41.667,
20.833,16.667,33.333,33.333,37.5,45.833,45.833,45.833,41.667,41.667,41.667,41.667,41.667,41.667,41.667,41.667,41.667,41.667,41.667,41.667,41.667,41.667,41.667,41.667,
20.833,16.667,33.333,33.333,37.5,45.833,45.833,45.833,41.667,41.667,41.667,41.667,41.667,41.667,41.667,41.667,41.667,41.667,41.667,41.667,41.667,41.667,41.667,41.667,
20.833,16.667,33.333,33.333,37.5,45.833,45.833,45.833,41.667,41.667,41.667,41.667,41.667,41.667,41.667,41.667,41.667,41.667,41.667,41.667,41.667,41.667,41.667,41.667,
20.833,16.667,33.333,33.333,37.5,45.833,45.833,45.833,41.667,41.667,41.667,41.667,41.667,41.667,41.667,41.667,41.667,41.667,41.667,41.667,41.667,41.667,41.667,41.667,
25.0,20.833,33.333,33.333,37.5,45.833,45.833,45.833,41.667,41.667,41.667,41.667,41.667,41.667,41.667,41.667,41.667,41.667,41.667,41.667,41.667,41.667,41.667,41.667,
25.0,20.833,33.333,33.333,37.5,45.833,45.833,45.833,41.667,41.667,41.667,41.667,41.667,41.667,41.667,41.667,41.667,41.667,41.667,41.667,41.667,41.667,41.667,41.667,
25.0,20.833,33.333,33.333,37.5,45.833,45.833,45.833,41.667,41.667,41.667,41.667,41.667,41.667,41.667,41.667,41.667,41.667,41.667,41.667,41.667,41.667,41.667,41.667,
25.0,20.833,33.333,33.333,37.5,45.833,45.833,45.833,41.667,41.667,41.667,41.667,41.667,41.667,41.667,41.667,41.667,41.667,41.667,41.667,41.667,41.667,41.667,41.667,
25.0,25.0,33.333,33.333,37.5,41.667,45.833,41.667,41.667,41.667,41.667,41.667,41.667,41.667,41.667,41.667,41.667,41.667,41.667,41.667,41.667,41.667,41.667,41.667,
29.167,25.0,33.333,33.333,37.5,41.667,45.833,41.667,41.667,41.667,41.667,41.667,41.667,41.667,41.667,41.667,41.667,41.667,41.667,41.667,41.667,41.667,41.667,41.667,
29.167,29.167,33.333,33.333,37.5,37.5,45.833,41.667,41.667,41.667,41.667,41.667,41.667,41.667,41.667,41.667,41.667,41.667,41.667,41.667,41.667,41.667,41.667,41.667,
29.167,29.167,33.333,33.333,37.5,37.5,45.833,41.667,41.667,41.667,41.667,41.667,41.667,41.667,41.667,41.667,41.667,41.667,41.667,41.667,41.667,41.667,41.667,41.667,
33.333,33.333,33.333,33.333,37.5,37.5,45.833,41.667,41.667,41.667,41.667,41.667,41.667,41.667,41.667,41.667,41.667,41.667,41.667,41.667,41.667,41.667,41.667,41.667,
33.333,33.333,33.333,33.333,37.5,37.5,45.833,41.667,41.667,41.667,41.667,41.667,41.667,41.667,41.667,41.667,41.667,41.667,41.667,41.667,41.667,41.667,41.667,41.667,
33.333,33.333,33.333,33.333,37.5,37.5,45.833,41.667,41.667,41.667,41.667,41.667,41.667,41.667,41.667,41.667,41.667,41.667,41.667,41.667,41.667,41.667,41.667,41.667,
33.333,33.333,33.333,33.333,37.5,37.5,45.833,41.667,41.667,41.667,41.667,41.667,41.667,41.667,41.667,41.667,41.667,41.667,41.667,41.667,41.667,41.667,41.667,41.667,
33.333,33.333,33.333,33.333,37.5,37.5,45.833,41.667,41.667,41.667,41.667,41.667,41.667,41.667,41.667,41.667,41.667,41.667,41.667,41.667,41.667,41.667,41.667,41.667,
33.333,33.333,33.333,33.333,37.5,37.5,45.833,41.667,41.667,41.667,41.667,41.667,41.667,41.667,41.667,41.667,41.667,41.667,41.667,41.667,41.667,41.667,41.667,41.667,
33.333,33.333,33.333,33.333,37.5,37.5,45.833,41.667,41.667,41.667,41.667,41.667,41.667,41.667,41.667,41.667,41.667,41.667,41.667,41.667,41.667,41.667,41.667,41.667,
33.333,33.333,33.333,33.333,37.5,37.5,45.833,41.667,41.667,41.667,41.667,41.667,41.667,41.667,41.667,41.667,41.667,41.667,41.667,41.667,41.667,41.667,41.667,41.667,
33.333,33.333,33.333,33.333,37.5,37.5,45.833,41.667,41.667,41.667,41.667,41.667,41.667,41.667,41.667,41.667,41.667,41.667,41.667,41.667,41.667,41.667,41.667,41.667,
33.333,33.333,33.333,33.333,37.5,37.5,37.5,41.667,41.667,41.667,41.667,41.667,41.667,41.667,41.667,41.667,41.667,41.667,41.667,41.667,41.667,41.667,41.667,41.667,
33.333,33.333,33.333,33.333,37.5,37.5,37.5,41.667,41.667,41.667,41.667,41.667,41.667,41.667,41.667,41.667,41.667,41.667,41.667,41.667,41.667,41.667,41.667,41.667,
33.333,33.333,33.333,33.333,37.5,37.5,33.333,41.667,41.667,41.667,41.667,41.667,41.667,41.667,41.667,41.667,41.667,41.667,41.667,41.667,41.667,41.667,41.667,41.667,
29.167,33.333,33.333,33.333,37.5,37.5,33.333,41.667,41.667,41.667,41.667,41.667,41.667,41.667,41.667,41.667,41.667,41.667,41.667,41.667,41.667,41.667,41.667,41.667,
29.167,33.333,33.333,33.333,37.5,37.5,33.333,41.667,41.667,41.667,41.667,41.667,41.667,41.667,41.667,41.667,41.667,41.667,41.667,41.667,41.667,41.667,41.667,41.667,
29.167,33.333,33.333,33.333,37.5,37.5,33.333,41.667,41.667,41.667,41.667,41.667,41.667,41.667,41.667,41.667,41.667,41.667,41.667,41.667,41.667,41.667,41.667,41.667,
29.167,33.333,33.333,33.333,37.5,37.5,33.333,41.667,41.667,41.667,41.667,41.667,41.667,41.667,41.667,41.667,41.667,41.667,41.667,41.667,41.667,41.667,41.667,41.667,
29.167,33.333,33.333,33.333,37.5,37.5,33.333,41.667,41.667,41.667,41.667,41.667,41.667,41.667,41.667,41.667,41.667,41.667,41.667,41.667,41.667,41.667,41.667,41.667,
29.167,33.333,33.333,33.333,37.5,37.5,33.333,41.667,41.667,41.667,41.667,41.667,41.667,41.667,41.667,41.667,41.667,41.667,41.667,41.667,41.667,41.667,41.667,41.667,

43.75,50.0,50.0,53.125,53.125,59.375,59.375,59.375,59.375,59.375,59.375,59.375,59.375,59.375,59.375,59.375,59.375,59.375,59.375,59.375,59.375,59.375,59.375,59.375,
43.75,50.0,50.0,53.125,53.125,59.375,59.375,59.375,59.375,59.375,59.375,59.375,59.375,59.375,59.375,59.375,59.375,59.375,59.375,59.375,59.375,59.375,59.375,59.375,
43.75,50.0,50.0,53.125,53.125,59.375,59.375,59.375,59.375,59.375,59.375,59.375,59.375,59.375,59.375,59.375,59.375,59.375,59.375,59.375,59.375,59.375,59.375,59.375,
43.75,50.0,50.0,53.125,53.125,59.375,59.375,59.375,59.375,59.375,59.375,59.375,59.375,59.375,59.375,59.375,59.375,59.375,59.375,59.375,59.375,59.375,59.375,59.375,
43.75,50.0,50.0,53.125,53.125,59.375,59.375,59.375,59.375,59.375,59.375,59.375,59.375,59.375,59.375,59.375,59.375,59.375,59.375,59.375,59.375,59.375,59.375,59.375,
43.75,50.0,56.25,59.375,59.375,59.375,59.375,59.375,59.375,59.375,59.375,59.375,59.375,59.375,59.375,59.375,59.375,59.375,59.375,59.375,59.375,59.375,59.375,59.375,
43.75,50.0,56.25,59.375,59.375,59.375,59.375,59.375,59.375,59.375,59.375,59.375,59.375,59.375,59.375,59.375,59.375,59.375,59.375,59.375,59.375,59.375,59.375,59.375,
43.75,53.125,59.375,59.375,59.375,59.375,59.375,59.375,59.375,59.375,59.375,59.375,59.375,59.375,59.375,59.375,59.375,59.375,59.375,59.375,59.375,59.375,59.375,59.375,
43.75,56.25,59.375,59.375,59.375,59.375,59.375,59.375,59.375,59.375,59.375,59.375,59.375,59.375,59.375,59.375,59.375,59.375,59.375,59.375,59.375,59.375,59.375,59.375,
43.75,56.25,59.375,59.375,59.375,59.375,59.375,59.375,59.375,59.375,59.375,59.375,59.375,59.375,59.375,59.375,59.375,59.375,59.375,59.375,59.375,59.375,59.375,59.375,
43.75,56.25,59.375,59.375,59.375,59.375,59.375,59.375,59.375,59.375,59.375,59.375,59.375,59.375,59.375,59.375,59.375,59.375,59.375,59.375,59.375,59.375,59.375,59.375,
43.75,56.25,59.375,59.375,59.375,59.375,59.375,59.375,59.375,59.375,59.375,59.375,59.375,59.375,59.375,59.375,59.375,59.375,59.375,59.375,59.375,59.375,59.375,59.375,
43.75,56.25,59.375,59.375,59.375,59.375,59.375,59.375,59.375,59.375,59.375,59.375,59.375,59.375,59.375,59.375,59.375,59.375,59.375,59.375,59.375,59.375,59.375,59.375,
43.75,56.25,59.375,59.375,59.375,59.375,59.375,59.375,59.375,59.375,59.375,59.375,59.375,59.375,59.375,59.375,59.375,59.375,59.375,59.375,59.375,59.375,59.375,59.375,
43.75,56.25,59.375,59.375,59.375,59.375,59.375,59.375,59.375,59.375,59.375,59.375,59.375,59.375,59.375,59.375,59.375,59.375,59.375,59.375,59.375,59.375,59.375,59.375,
50.0,56.25,59.375,59.375,59.375,59.375,59.375,59.375,59.375,59.375,59.375,59.375,59.375,59.375,59.375,59.375,59.375,59.375,59.375,59.375,59.375,59.375,59.375,59.375,
50.0,56.25,59.375,59.375,59.375,59.375,59.375,59.375,59.375,59.375,59.375,59.375,59.375,59.375,59.375,59.375,59.375,59.375,59.375,59.375,59.375,59.375,59.375,59.375,
53.125,56.25,59.375,59.375,59.375,59.375,59.375,59.375,59.375,59.375,59.375,59.375,59.375,59.375,59.375,59.375,59.375,59.375,59.375,59.375,59.375,59.375,59.375,59.375,
53.125,56.25,59.375,59.375,59.375,59.375,59.375,59.375,59.375,59.375,59.375,59.375,59.375,59.375,59.375,59.375,59.375,59.375,59.375,59.375,59.375,59.375,59.375,59.375,
53.125,56.25,59.375,59.375,59.375,59.375,59.375,59.375,59.375,59.375,59.375,59.375,59.375,59.375,59.375,59.375,59.375,59.375,59.375,59.375,59.375,59.375,59.375,59.375,
56.25,56.25,59.375,59.375,59.375,59.375,59.375,59.375,59.375,59.375,59.375,59.375,59.375,59.375,59.375,59.375,59.375,59.375,59.375,59.375,59.375,59.375,59.375,59.375,
56.25,56.25,59.375,59.375,59.375,59.375,59.375,59.375,59.375,59.375,59.375,59.375,59.375,59.375,59.375,59.375,59.375,59.375,59.375,59.375,59.375,59.375,59.375,59.375,
56.25,56.25,59.375,59.375,59.375,59.375,59.375,59.375,59.375,59.375,59.375,59.375,59.375,59.375,59.375,59.375,59.375,59.375,59.375,59.375,59.375,59.375,59.375,59.375,
56.25,56.25,59.375,59.375,59.375,59.375,59.375,59.375,59.375,59.375,59.375,59.375,59.375,59.375,59.375,59.375,59.375,59.375,59.375,59.375,59.375,59.375,59.375,59.375,
56.25,56.25,59.375,59.375,59.375,59.375,59.375,59.375,59.375,59.375,59.375,59.375,59.375,59.375,59.375,59.375,59.375,59.375,59.375,59.375,59.375,59.375,59.375,59.375,
56.25,56.25,59.375,59.375,59.375,59.375,59.375,59.375,59.375,59.375,59.375,59.375,59.375,59.375,59.375,59.375,59.375,59.375,59.375,59.375,59.375,59.375,59.375,59.375,
56.25,56.25,59.375,59.375,59.375,59.375,59.375,59.375,59.375,59.375,59.375,59.375,59.375,59.375,59.375,59.375,59.375,59.375,59.375,59.375,59.375,59.375,59.375,59.375,
56.25,56.25,59.375,59.375,59.375,59.375,59.375,59.375,59.375,59.375,59.375,59.375,59.375,59.375,59.375,59.375,59.375,59.375,59.375,59.375,59.375,59.375,59.375,59.375,
59.375,59.375,59.375,59.375,59.375,59.375,59.375,59.375,59.375,59.375,59.375,59.375,59.375,59.375,59.375,59.375,59.375,59.375,59.375,59.375,59.375,59.375,59.375,59.375,
59.375,59.375,59.375,59.375,59.375,59.375,59.375,59.375,59.375,59.375,59.375,59.375,59.375,59.375,59.375,59.375,59.375,59.375,59.375,59.375,59.375,59.375,59.375,59.375,
59.375,59.375,59.375,59.375,59.375,59.375,59.375,59.375,59.375,59.375,59.375,59.375,59.375,59.375,59.375,59.375,59.375,59.375,59.375,59.375,59.375,59.375,59.375,59.375,
59.375,59.375,59.375,59.375,59.375,59.375,59.375,59.375,59.375,59.375,59.375,59.375,59.375,59.375,59.375,59.375,59.375,59.375,59.375,59.375,59.375,59.375,59.375,59.375,
59.375,59.375,59.375,59.375,59.375,59.375,59.375,59.375,59.375,59.375,59.375,59.375,59.375,59.375,59.375,59.375,59.375,59.375,59.375,59.375,59.375,59.375,59.375,59.375,
59.375,59.375,59.375,59.375,59.375,59.375,59.375,59.375,59.375,59.375,59.375,59.375,59.375,59.375,59.375,59.375,59.375,59.375,59.375,59.375,59.375,59.375,59.375,59.375,
59.375,59.375,59.375,59.375,59.375,59.375,59.375,59.375,59.375,59.375,59.375,59.375,59.375,59.375,59.375,59.375,59.375,59.375,59.375,59.375,59.375,59.375,59.375,59.375,
59.375,59.375,59.375,59.375,59.375,59.375,59.375,59.375,59.375,59.375,59.375,59.375,59.375,59.375,59.375,59.375,59.375,59.375,59.375,59.375,59.375,59.375,59.375,59.375,
59.375,59.375,59.375,59.375,59.375,59.375,59.375,59.375,59.375,59.375,59.375,59.375,59.375,59.375,59.375,59.375,59.375,59.375,59.375,59.375,59.375,59.375,59.375,59.375,
59.375,59.375,59.375,59.375,59.375,59.375,59.375,59.375,59.375,59.375,59.375,59.375,59.375,59.375,59.375,59.375,59.375,59.375,59.375,59.375,59.375,59.375,59.375,59.375,
59.375,59.375,59.375,59.375,59.375,59.375,59.375,59.375,59.375,59.375,59.375,59.375,59.375,59.375,59.375,59.375,59.375,59.375,59.375,59.375,59.375,59.375,59.375,59.375,
59.375,59.375,59.375,59.375,59.375,59.375,59.375,59.375,59.375,59.375,59.375,59.375,59.375,59.375,59.375,59.375,59.375,59.375,59.375,59.375,59.375,59.375,59.375,59.375,
59.375,59.375,59.375,59.375,59.375,59.375,59.375,59.375,59.375,59.375,59.375,59.375,59.375,59.375,59.375,59.375,59.375,59.375,59.375,59.375,59.375,59.375,59.375,59.375,
59.375,59.375,59.375,59.375,59.375,59.375,59.375,59.375,59.375,59.375,59.375,59.375,59.375,59.375,59.375,59.375,59.375,59.375,59.375,59.375,59.375,59.375,59.375,59.375,
59.375,59.375,59.375,59.375,59.375,59.375,59.375,59.375,59.375,59.375,59.375,59.375,59.375,59.375,59.375,59.375,59.375,59.375,59.375,59.375,59.375,59.375,59.375,59.375,
59.375,59.375,59.375,59.375,59.375,59.375,59.375,59.375,59.375,59.375,59.375,59.375,59.375,59.375,59.375,59.375,59.375,59.375,59.375,59.375,59.375,59.375,59.375,59.375,
59.375,59.375,59.375,59.375,59.375,59.375,59.375,59.375,59.375,59.375,59.375,59.375,59.375,59.375,59.375,59.375,59.375,59.375,59.375,59.375,59.375,59.375,59.375,59.375,
59.375,59.375,59.375,59.375,59.375,59.375,59.375,59.375,59.375,59.375,59.375,59.375,59.375,59.375,59.375,59.375,59.375,59.375,59.375,59.375,59.375,59.375,59.375,59.375,
59.375,59.375,59.375,59.375,59.375,59.375,59.375,59.375,59.375,59.375,59.375,59.375,59.375,59.375,59.375,59.375,59.375,59.375,59.375,59.375,59.375,59.375,59.375,59.375,
59.375,59.375,59.375,59.375,59.375,59.375,59.375,59.375,59.375,59.375,59.375,59.375,59.375,59.375,59.375,59.375,59.375,59.375,59.375,59.375,59.375,59.375,59.375,59.375,
59.375,59.375,59.375,59.375,59.375,59.375,59.375,59.375,59.375,59.375,59.375,59.375,59.375,59.375,59.375,59.375,59.375,59.375,59.375,59.375,59.375,59.375,59.375,59.375,
59.375,59.375,59.375,59.375,59.375,59.375,59.375,59.375,59.375,59.375,59.375,59.375,59.375,59.375,59.375,59.375,59.375,59.375,59.375,59.375,59.375,59.375,59.375,59.375,

23.529,20.588,23.529,29.412,29.412,29.412,29.412,29.412,32.353,38.235,44.118,44.118,44.118,44.118,44.118,44.118,44.118,44.118,44.118,44.118,44.118,44.118,44.118,44.118,
23.529,20.588,23.529,29.412,29.412,29.412,29.412,29.412,32.353,38.235,44.118,44.118,44.118,44.118,44.118,44.118,44.118,44.118,44.118,44.118,44.118,44.118,44.118,44.118,
23.529,20.588,23.529,29.412,29.412,29.412,29.412,29.412,32.353,38.235,44.118,44.118,44.118,44.118,44.118,44.118,44.118,44.118,44.118,44.118,44.118,44.118,44.118,44.118,
23.529,20.588,26.471,29.412,29.412,29.412,29.412,29.412,32.353,38.235,44.118,44.118,44.118,44.118,44.118,44.118,44.118,44.118,44.118,44.118,44.118,44.118,44.118,44.118,
23.529,20.588,26.471,29.412,29.412,29.412,29.412,29.412,32.353,38.235,44.118,44.118,44.118,44.118,44.118,44.118,44.118,44.118,44.118,44.118,44.118,44.118,44.118,44.118,
23.529,20.588,26.471,29.412,29.412,29.412,29.412,29.412,32.353,38.235,44.118,44.118,44.118,44.118,44.118,44.118,44.118,44.118,44.118,44.118,44.118,44.118,44.118,44.118,
23.529,20.588,26.471,29.412,29.412,29.412,29.412,29.412,32.353,38.235,44.118,44.118,44.118,44.118,44.118,44.118,44.118,44.118,44.118,44.118,44.118,44.118,44.118,44.118,
23.529,20.588,26.471,29.412,29.412,29.412,29.412,29.412,32.353,38.235,44.118,44.118,44.118,44.118,44.118,44.118,44.118,44.118,44.118,44.118,44.118,44.118,44.118,44.118,
23.529,20.588,26.471,29.412,29.412,29.412,29.412,29.412,32.353,38.235,44.118,44.118,44.118,44.118,44.118,44.118,44.118,44.118,44.118,44.118,44.118,44.118,44.118,44.118,
23.529,20.588,26.471,29.412,29.412,29.412,29.412,29.412,32.353,38.235,44.118,44.118,44.118,44.118,44.118,44.118,44.118,44.118,44.118,44.118,44.118,44.118,44.118,44.118,
23.529,20.588,26.471,29.412,29.412,29.412,29.412,29.412,32.353,38.235,44.118,44.118,44.118,44.118,44.118,44.118,44.118,44.118,44.118,44.118,44.118,44.118,44.118,44.118,
20.588,20.588,26.471,29.412,29.412,29.412,29.412,29.412,32.353,38.235,44.118,44.118,44.118,44.118,44.118,44.118,44.118,44.118,44.118,44.118,44.118,44.118,44.118,44.118,
20.588,17.647,26.471,29.412,29.412,29.412,29.412,29.412,32.353,38.235,44.118,44.118,44.118,44.118,44.118,44.118,44.118,44.118,44.118,44.118,44.118,44.118,44.118,44.118,
20.588,17.647,26.471,29.412,29.412,29.412,29.412,29.412,32.353,38.235,44.118,44.118,44.118,44.118,44.118,44.118,44.118,44.118,44.118,44.118,44.118,44.118,44.118,44.118,
20.588,17.647,26.471,29.412,29.412,29.412,29.412,29.412,32.353,38.235,44.118,44.118,44.118,44.118,44.118,44.118,44.118,44.118,44.118,44.118,44.118,44.118,44.118,44.118,
20.588,17.647,26.471,29.412,29.412,29.412,29.412,29.412,32.353,38.235,44.118,44.118,44.118,44.118,44.118,44.118,44.118,44.118,44.118,44.118,44.118,44.118,44.118,44.118,
20.588,20.588,26.471,29.412,29.412,29.412,29.412,29.412,32.353,38.235,44.118,44.118,44.118,44.118,44.118,44.118,44.118,44.118,44.118,44.118,44.118,44.118,44.118,44.118,
20.588,20.588,29.412,32.353,35.294,35.294,35.294,32.353,32.353,38.235,44.118,44.118,44.118,44.118,44.118,44.118,44.118,44.118,44.118,44.118,44.118,44.118,44.118,44.118,
20.588,20.588,29.412,32.353,35.294,35.294,35.294,32.353,32.353,38.235,44.118,44.118,44.118,44.118,44.118,44.118,44.118,44.118,44.118,44.118,44.118,44.118,44.118,44.118,
20.588,26.471,29.412,32.353,35.294,35.294,35.294,32.353,32.353,38.235,44.118,44.118,44.118,44.118,44.118,44.118,44.118,44.118,44.118,44.118,44.118,44.118,44.118,44.118,
20.588,26.471,29.412,32.353,35.294,35.294,35.294,32.353,32.353,38.235,44.118,44.118,44.118,44.118,44.118,44.118,44.118,44.118,44.118,44.118,44.118,44.118,44.118,44.118,
20.588,26.471,32.353,32.353,35.294,35.294,35.294,32.353,32.353,38.235,44.118,44.118,44.118,44.118,44.118,44.118,44.118,44.118,44.118,44.118,44.118,44.118,44.118,44.118,
20.588,26.471,32.353,32.353,35.294,35.294,35.294,32.353,32.353,38.235,44.118,44.118,44.118,44.118,44.118,44.118,44.118,44.118,44.118,44.118,44.118,44.118,44.118,44.118,
20.588,26.471,32.353,35.294,38.235,38.235,38.235,32.353,32.353,38.235,44.118,44.118,44.118,44.118,44.118,44.118,44.118,44.118,44.118,44.118,44.118,44.118,44.118,44.118,
20.588,26.471,32.353,35.294,38.235,38.235,38.235,32.353,32.353,38.235,44.118,44.118,44.118,44.118,44.118,44.118,44.118,44.118,44.118,44.118,44.118,44.118,44.118,44.118,
20.588,26.471,38.235,35.294,38.235,38.235,38.235,32.353,32.353,38.235,44.118,44.118,44.118,44.118,44.118,44.118,44.118,44.118,44.118,44.118,44.118,44.118,44.118,44.118,
20.588,29.412,38.235,35.294,38.235,38.235,38.235,35.294,35.294,38.235,44.118,44.118,44.118,44.118,44.118,44.118,44.118,44.118,44.118,44.118,44.118,44.118,44.118,44.118,
20.588,29.412,38.235,35.294,38.235,38.235,38.235,35.294,35.294,38.235,44.118,44.118,44.118,44.118,44.118,44.118,44.118,44.118,44.118,44.118,44.118,44.118,44.118,44.118,
20.588,29.412,38.235,35.294,38.235,38.235,38.235,35.294,35.294,38.235,44.118,44.118,44.118,44.118,44.118,44.118,44.118,44.118,44.118,44.118,44.118,44.118,44.118,44.118,
20.588,32.353,41.176,38.235,41.176,41.176,41.176,38.235,38.235,38.235,44.118,44.118,44.118,44.118,44.118,44.118,44.118,44.118,44.118,44.118,44.118,44.118,44.118,44.118,
29.412,38.235,44.118,44.118,44.118,44.118,44.118,44.118,44.118,44.118,44.118,44.118,44.118,44.118,44.118,44.118,44.118,44.118,44.118,44.118,44.118,44.118,44.118,44.118,
29.412,38.235,44.118,44.118,44.118,44.118,44.118,44.118,44.118,44.118,44.118,44.118,44.118,44.118,44.118,44.118,44.118,44.118,44.118,44.118,44.118,44.118,44.118,44.118,
32.353,41.176,44.118,44.118,44.118,44.118,44.118,44.118,44.118,44.118,44.118,44.118,44.118,44.118,44.118,44.118,44.118,44.118,44.118,44.118,44.118,44.118,44.118,44.118,
32.353,44.118,44.118,44.118,44.118,44.118,44.118,44.118,44.118,44.118,44.118,44.118,44.118,44.118,44.118,44.118,44.118,44.118,44.118,44.118,44.118,44.118,44.118,44.118,
32.353,44.118,44.118,44.118,44.118,44.118,44.118,44.118,44.118,44.118,44.118,44.118,44.118,44.118,44.118,44.118,44.118,44.118,44.118,44.118,44.118,44.118,44.118,44.118,
35.294,44.118,44.118,44.118,44.118,44.118,44.118,44.118,44.118,44.118,44.118,44.118,44.118,44.118,44.118,44.118,44.118,44.118,44.118,44.118,44.118,44.118,44.118,44.118,
38.235,44.118,44.118,44.118,44.118,44.118,44.118,44.118,44.118,44.118,44.118,44.118,44.118,44.118,44.118,44.118,44.118,44.118,44.118,44.118,44.118,44.118,44.118,44.118,
38.235,44.118,44.118,44.118,44.118,44.118,44.118,44.118,44.118,44.118,44.118,44.118,44.118,44.118,44.118,44.118,44.118,44.118,44.118,44.118,44.118,44.118,44.118,44.118,
38.235,44.118,44.118,44.118,44.118,44.118,44.118,44.118,44.118,44.118,44.118,44.118,44.118,44.118,44.118,44.118,44.118,44.118,44.118,44.118,44.118,44.118,44.118,44.118,
41.176,44.118,44.118,44.118,44.118,44.118,44.118,44.118,44.118,44.118,44.118,44.118,44.118,44.118,44.118,44.118,44.118,44.118,44.118,44.118,44.118,44.118,44.118,44.118,
44.118,44.118,44.118,44.118,44.118,44.118,44.118,44.118,44.118,44.118,44.118,44.118,44.118,44.118,44.118,44.118,44.118,44.118,44.118,44.118,44.118,44.118,44.118,44.118,
44.118,44.118,44.118,44.118,44.118,44.118,44.118,44.118,44.118,44.118,44.118,44.118,44.118,44.118,44.118,44.118,44.118,44.118,44.118,44.118,44.118,44.118,44.118,44.118,
44.118,44.118,44.118,44.118,44.118,44.118,44.118,44.118,44.118,44.118,44.118,44.118,44.118,44.118,44.118,44.118,44.118,44.118,44.118,44.118,44.118,44.118,44.118,44.118,
44.118,44.118,44.118,44.118,44.118,44.118,44.118,44.118,44.118,44.118,44.118,44.118,44.118,44.118,44.118,44.118,44.118,44.118,44.118,44.118,44.118,44.118,44.118,44.118,
44.118,44.118,44.118,44.118,44.118,44.118,44.118,44.118,44.118,44.118,44.118,44.118,44.118,44.118,44.118,44.118,44.118,44.118,44.118,44.118,44.118,44.118,44.118,44.118,
44.118,44.118,44.118,44.118,44.118,44.118,44.118,44.118,44.118,44.118,44.118,44.118,44.118,44.118,44.118,44.118,44.118,44.118,44.118,44.118,44.118,44.118,44.118,44.118,
44.118,44.118,44.118,44.118,44.118,44.118,44.118,44.118,44.118,44.118,44.118,44.118,44.118,44.118,44.118,44.118,44.118,44.118,44.118,44.118,44.118,44.118,44.118,44.118,
44.118,44.118,44.118,44.118,44.118,44.118,44.118,44.118,44.118,44.118,44.118,44.118,44.118,44.118,44.118,44.118,44.118,44.118,44.118,44.118,44.118,44.118,44.118,44.118,
44.118,44.118,44.118,44.118,44.118,44.118,44.118,44.118,44.118,44.118,44.118,44.118,44.118,44.118,44.118,44.118,44.118,44.118,44.118,44.118,44.118,44.118,44.118,44.118,
44.118,44.118,44.118,44.118,44.118,44.118,44.118,44.118,44.118,44.118,44.118,44.118,44.118,44.118,44.118,44.118,44.118,44.118,44.118,44.118,44.118,44.118,44.118,44.118,

38.462,38.462,43.59,43.59,38.462,38.462,38.462,33.333,43.59,51.282,51.282,51.282,46.154,33.333,35.897,35.897,35.897,35.897,35.897,35.897,35.897,35.897,35.897,35.897,
38.462,38.462,43.59,43.59,38.462,38.462,38.462,33.333,43.59,51.282,51.282,51.282,46.154,33.333,35.897,35.897,35.897,35.897,35.897,35.897,35.897,35.897,35.897,35.897,
38.462,38.462,43.59,43.59,38.462,38.462,38.462,33.333,43.59,51.282,51.282,51.282,46.154,33.333,35.897,35.897,35.897,35.897,35.897,35.897,35.897,35.897,35.897,35.897,
38.462,38.462,43.59,43.59,38.462,38.462,38.462,33.333,43.59,51.282,51.282,51.282,46.154,33.333,35.897,35.897,35.897,35.897,35.897,35.897,35.897,35.897,35.897,35.897,
38.462,38.462,43.59,43.59,38.462,38.462,38.462,33.333,43.59,51.282,51.282,51.282,46.154,33.333,35.897,35.897,35.897,35.897,35.897,35.897,35.897,35.897,35.897,35.897,
38.462,38.462,43.59,43.59,38.462,38.462,38.462,33.333,43.59,51.282,51.282,51.282,46.154,33.333,35.897,35.897,35.897,35.897,35.897,35.897,35.897,35.897,35.897,35.897,
38.462,38.462,43.59,43.59,38.462,38.462,38.462,33.333,43.59,51.282,51.282,51.282,46.154,33.333,35.897,35.897,35.897,35.897,35.897,35.897,35.897,35.897,35.897,35.897,
43.59,38.462,43.59,43.59,38.462,38.462,38.462,33.333,43.59,51.282,51.282,51.282,46.154,33.333,35.897,35.897,35.897,35.897,35.897,35.897,35.897,35.897,35.897,35.897,
43.59,38.462,43.59,43.59,38.462,38.462,38.462,33.333,43.59,51.282,51.282,51.282,46.154,33.333,35.897,35.897,35.897,35.897,35.897,35.897,35.897,35.897,35.897,35.897,
41.026,38.462,43.59,43.59,38.462,38.462,38.462,33.333,43.59,51.282,51.282,51.282,46.154,33.333,35.897,35.897,35.897,35.897,35.897,35.897,35.897,35.897,35.897,35.897,
41.026,38.462,43.59,43.59,38.462,38.462,38.462,33.333,43.59,51.282,51.282,51.282,46.154,35.897,35.897,35.897,35.897,35.897,35.897,35.897,35.897,35.897,35.897,35.897,
35.897,38.462,43.59,43.59,38.462,38.462,38.462,33.333,43.59,51.282,51.282,51.282,46.154,35.897,35.897,35.897,35.897,35.897,35.897,35.897,35.897,35.897,35.897,35.897,
35.897,38.462,43.59,43.59,38.462,38.462,38.462,33.333,43.59,51.282,51.282,51.282,46.154,35.897,35.897,35.897,35.897,35.897,35.897,35.897,35.897,35.897,35.897,35.897,
35.897,38.462,46.154,43.59,38.462,38.462,38.462,33.333,43.59,51.282,51.282,51.282,46.154,35.897,35.897,35.897,35.897,35.897,35.897,35.897,35.897,35.897,35.897,35.897,
35.897,38.462,46.154,43.59,38.462,38.462,38.462,33.333,43.59,51.282,51.282,51.282,46.154,35.897,35.897,35.897,35.897,35.897,35.897,35.897,35.897,35.897,35.897,35.897,
35.897,38.462,46.154,43.59,38.462,38.462,38.462,33.333,43.59,51.282,51.282,51.282,46.154,35.897,35.897,35.897,35.897,35.897,35.897,35.897,35.897,35.897,35.897,35.897,
35.897,38.462,46.154,43.59,38.462,38.462,38.462,33.333,43.59,51.282,51.282,51.282,46.154,35.897,35.897,35.897,35.897,35.897,35.897,35.897,35.897,35.897,35.897,35.897,
35.897,38.462,46.154,43.59,38.462,38.462,38.462,33.333,43.59,51.282,51.282,51.282,46.154,35.897,35.897,35.897,35.897,35.897,35.897,35.897,35.897,35.897,35.897,35.897,
35.897,38.462,46.154,43.59,38.462,38.462,38.462,33.333,43.59,51.282,51.282,51.282,46.154,35.897,35.897,35.897,35.897,35.897,35.897,35.897,35.897,35.897,35.897,35.897,
35.897,38.462,46.154,43.59,38.462,38.462,38.462,33.333,43.59,51.282,51.282,51.282,46.154,35.897,35.897,35.897,35.897,35.897,35.897,35.897,35.897,35.897,35.897,35.897,
35.897,38.462,46.154,43.59,38.462,38.462,38.462,33.333,43.59,51.282,51.282,51.282,46.154,35.897,35.897,35.897,35.897,35.897,35.897,35.897,35.897,35.897,35.897,35.897,
35.897,38.462,46.154,43.59,38.462,38.462,38.462,33.333,43.59,51.282,51.282,51.282,46.154,35.897,35.897,35.897,35.897,35.897,35.897,35.897,35.897,35.897,35.897,35.897,
35.897,38.462,46.154,43.59,38.462,38.462,38.462,33.333,43.59,51.282,51.282,51.282,46.154,35.897,35.897,35.897,35.897,35.897,35.897,35.897,35.897,35.897,35.897,35.897,
35.897,38.462,46.154,43.59,38.462,38.462,38.462,33.333,43.59,51.282,51.282,51.282,46.154,35.897,35.897,35.897,35.897,35.897,35.897,35.897,35.897,35.897,35.897,35.897,
35.897,38.462,46.154,43.59,38.462,38.462,38.462,33.333,43.59,51.282,51.282,51.282,46.154,35.897,35.897,35.897,35.897,35.897,35.897,35.897,35.897,35.897,35.897,35.897,
35.897,38.462,46.154,43.59,38.462,38.462,38.462,33.333,43.59,51.282,51.282,51.282,46.154,35.897,35.897,35.897,35.897,35.897,35.897,35.897,35.897,35.897,35.897,35.897,
35.897,38.462,46.154,43.59,38.462,38.462,38.462,33.333,43.59,51.282,51.282,51.282,46.154,35.897,35.897,35.897,35.897,35.897,35.897,35.897,35.897,35.897,35.897,35.897,
35.897,38.462,46.154,43.59,41.026,38.462,38.462,33.333,43.59,51.282,51.282,51.282,46.154,35.897,35.897,35.897,35.897,35.897,35.897,35.897,35.897,35.897,35.897,35.897,
35.897,38.462,46.154,43.59,41.026,38.462,38.462,33.333,43.59,51.282,51.282,51.282,46.154,35.897,35.897,35.897,35.897,35.897,35.897,35.897,35.897,35.897,35.897,35.897,
35.897,38.462,46.154,43.59,41.026,38.462,38.462,33.333,43.59,51.282,51.282,51.282,46.154,35.897,35.897,35.897,35.897,35.897,35.897,35.897,35.897,35.897,35.897,35.897,
35.897,38.462,46.154,43.59,41.026,38.462,38.462,33.333,43.59,51.282,51.282,51.282,46.154,35.897,35.897,35.897,35.897,35.897,35.897,35.897,35.897,35.897,35.897,35.897,
35.897,38.462,46.154,43.59,41.026,38.462,38.462,33.333,43.59,51.282,51.282,51.282,46.154,35.897,35.897,35.897,35.897,35.897,35.897,35.897,35.897,35.897,35.897,35.897,
35.897,38.462,46.154,43.59,41.026,38.462,38.462,33.333,43.59,51.282,51.282,51.282,46.154,35.897,35.897,35.897,35.897,35.897,35.897,35.897,35.897,35.897,35.897,35.897,
35.897,38.462,43.59,43.59,41.026,38.462,38.462,33.333,43.59,51.282,51.282,51.282,46.154,35.897,35.897,35.897,35.897,35.897,35.897,35.897,35.897,35.897,35.897,35.897,
35.897,38.462,46.154,43.59,41.026,38.462,38.462,33.333,43.59,51.282,51.282,51.282,46.154,35.897,35.897,35.897,35.897,35.897,35.897,35.897,35.897,35.897,35.897,35.897,
30.769,33.333,46.154,43.59,41.026,38.462,38.462,33.333,43.59,51.282,51.282,51.282,46.154,35.897,35.897,35.897,35.897,35.897,35.897,35.897,35.897,35.897,35.897,35.897,
30.769,33.333,46.154,41.026,38.462,35.897,35.897,33.333,43.59,51.282,51.282,51.282,46.154,35.897,35.897,35.897,35.897,35.897,35.897,35.897,35.897,35.897,35.897,35.897,
30.769,33.333,46.154,38.462,35.897,33.333,35.897,33.333,43.59,51.282,51.282,51.282,46.154,35.897,35.897,35.897,35.897,35.897,35.897,35.897,35.897,35.897,35.897,35.897,
30.769,33.333,46.154,38.462,35.897,33.333,35.897,33.333,43.59,51.282,51.282,51.282,46.154,35.897,35.897,35.897,35.897,35.897,35.897,35.897,35.897,35.897,35.897,35.897,
30.769,33.333,46.154,38.462,35.897,33.333,35.897,33.333,43.59,51.282,51.282,51.282,46.154,35.897,35.897,35.897,35.897,35.897,35.897,35.897,35.897,35.897,35.897,35.897,
30.769,33.333,46.154,38.462,35.897,33.333,35.897,33.333,43.59,51.282,51.282,51.282,46.154,35.897,35.897,35.897,35.897,35.897,35.897,35.897,35.897,35.897,35.897,35.897,
30.769,33.333,41.026,38.462,35.897,33.333,35.897,33.333,43.59,51.282,51.282,51.282,46.154,35.897,35.897,35.897,35.897,35.897,35.897,35.897,35.897,35.897,35.897,35.897,
30.769,33.333,41.026,38.462,35.897,33.333,35.897,33.333,43.59,51.282,51.282,51.282,46.154,35.897,35.897,35.897,35.897,35.897,35.897,35.897,35.897,35.897,35.897,35.897,
33.333,35.897,38.462,35.897,33.333,33.333,35.897,33.333,43.59,51.282,51.282,51.282,46.154,35.897,35.897,35.897,35.897,35.897,35.897,35.897,35.897,35.897,35.897,35.897,
33.333,35.897,38.462,35.897,33.333,33.333,35.897,33.333,43.59,51.282,51.282,51.282,46.154,35.897,35.897,35.897,35.897,35.897,35.897,35.897,35.897,35.897,35.897,35.897,
33.333,33.333,35.897,33.333,33.333,33.333,35.897,33.333,43.59,51.282,51.282,51.282,46.154,35.897,35.897,35.897,35.897,35.897,35.897,35.897,35.897,35.897,35.897,35.897,
33.333,33.333,35.897,33.333,33.333,33.333,35.897,33.333,43.59,51.282,51.282,51.282,46.154,35.897,35.897,35.897,35.897,35.897,35.897,35.897,35.897,35.897,35.897,35.897,
33.333,33.333,35.897,33.333,33.333,33.333,33.333,33.333,43.59,51.282,51.282,51.282,46.154,35.897,35.897,35.897,35.897,35.897,35.897,35.897,35.897,35.897,35.897,35.897,
30.769,30.769,33.333,33.333,33.333,33.333,33.333,33.333,43.59,51.282,51.282,51.282,46.154,35.897,35.897,35.897,35.897,35.897,35.897,35.897,35.897,35.897,35.897,35.897,
30.769,30.769,33.333,33.333,33.333,33.333,33.333,33.333,43.59,51.282,51.282,51.282,46.154,35.897,35.897,35.897,35.897,35.897,35.897,35.897,35.897,35.897,35.897,35.897,

