37.079,37.079,37.079,37.079,37.079,37.079,39.619,38.095,39.175,37.778,38.222,37.968,37.968,36.19,36.19,37.714,37.524,38.476,39.492,40.508,39.937,40.0,39.683,38.476,
42.646,42.646,42.646,42.646,42.646,42.646,44.825,43.259,44.19,42.857,43.132,42.519,42.519,40.698,40.698,41.862,41.693,42.455,43.407,44.127,43.598,43.429,43.175,42.074,
220.0,220.0,220.0,220.0,220.0,220.0,315.0,290.0,348.0,327.0,386.0,418.0,418.0,414.0,414.0,503.0,517.0,583.0,655.0,741.0,715.0,735.0,726.0,694.0,
37.079,37.079,37.079,37.079,37.079,37.079,39.619,38.095,39.175,37.778,38.222,37.968,37.968,36.19,36.19,37.714,37.524,38.476,39.492,40.508,39.937,40.0,39.683,38.476,
42.646,42.646,42.646,42.646,42.646,42.646,44.825,43.259,44.19,42.857,43.132,42.519,42.519,40.698,40.698,41.862,41.693,42.455,43.407,44.127,43.598,43.429,43.175,42.074,
220.0,220.0,220.0,220.0,220.0,220.0,315.0,290.0,348.0,327.0,386.0,418.0,418.0,414.0,414.0,503.0,517.0,583.0,655.0,741.0,715.0,735.0,726.0,694.0,
37.079,37.079,37.079,37.079,37.079,37.079,39.619,38.095,39.175,37.778,38.222,37.968,37.968,36.19,36.19,37.714,37.524,38.476,39.492,40.508,39.937,40.0,39.683,38.476,
42.646,42.646,42.646,42.646,42.646,42.646,44.825,43.259,44.19,42.857,43.132,42.519,42.519,40.698,40.698,41.862,41.693,42.455,43.407,44.127,43.598,43.429,43.175,42.074,
220.0,220.0,220.0,220.0,220.0,220.0,315.0,290.0,348.0,327.0,386.0,418.0,418.0,414.0,414.0,503.0,517.0,583.0,655.0,741.0,715.0,735.0,726.0,694.0,
37.079,37.079,37.079,37.079,37.079,37.079,39.619,38.095,39.175,37.778,38.222,37.968,37.968,36.19,36.19,37.714,37.524,38.476,39.492,40.508,39.937,40.0,39.683,38.476,
42.646,42.646,42.646,42.646,42.646,42.646,44.825,43.259,44.19,42.857,43.132,42.519,42.519,40.698,40.698,41.862,41.693,42.455,43.407,44.127,43.598,43.429,43.175,42.074,
220.0,220.0,220.0,220.0,220.0,220.0,315.0,290.0,348.0,327.0,386.0,418.0,418.0,414.0,414.0,503.0,517.0,583.0,655.0,741.0,715.0,735.0,726.0,694.0,
37.079,37.079,37.079,37.079,37.079,37.079,39.619,38.095,39.175,37.778,38.222,37.968,37.968,36.19,36.19,37.714,37.524,38.476,39.492,40.508,39.937,40.0,39.683,38.476,
42.646,42.646,42.646,42.646,42.646,42.646,44.825,43.259,44.19,42.857,43.132,42.519,42.519,40.698,40.698,41.862,41.693,42.455,43.407,44.127,43.598,43.429,43.175,42.074,
220.0,220.0,220.0,220.0,220.0,220.0,315.0,290.0,348.0,327.0,386.0,418.0,418.0,414.0,414.0,503.0,517.0,583.0,655.0,741.0,715.0,735.0,726.0,694.0,
37.079,37.079,37.079,37.079,37.079,37.079,39.619,38.095,39.175,37.778,38.222,37.968,37.968,36.19,36.19,37.714,37.524,38.476,39.492,40.508,39.937,40.0,39.683,38.476,
42.646,42.646,42.646,42.646,42.646,42.646,44.825,43.259,44.19,42.857,43.132,42.519,42.519,40.698,40.698,41.862,41.693,42.455,43.407,44.127,43.598,43.429,43.175,42.074,
220.0,220.0,220.0,220.0,220.0,220.0,315.0,290.0,348.0,327.0,386.0,418.0,418.0,414.0,414.0,503.0,517.0,583.0,655.0,741.0,715.0,735.0,726.0,694.0,
37.079,37.079,37.079,37.079,37.079,37.079,39.619,38.095,39.175,37.778,38.222,37.968,37.968,36.19,36.19,37.714,37.524,38.476,39.492,40.508,39.937,40.0,39.683,38.476,
42.646,42.646,42.646,42.646,42.646,42.646,44.825,43.259,44.19,42.857,43.132,42.519,42.519,40.698,40.698,41.862,41.693,42.455,43.407,44.127,43.598,43.429,43.175,42.074,
220.0,220.0,220.0,220.0,220.0,220.0,315.0,290.0,348.0,327.0,386.0,418.0,418.0,414.0,414.0,503.0,517.0,583.0,655.0,741.0,715.0,735.0,726.0,694.0,
37.079,37.079,37.079,37.079,37.079,37.079,39.619,38.095,39.175,37.778,38.222,37.968,37.968,36.19,36.19,37.714,37.524,38.476,39.492,40.508,39.937,40.0,39.683,38.476,
42.646,42.646,42.646,42.646,42.646,42.646,44.825,43.259,44.19,42.857,43.132,42.519,42.519,40.698,40.698,41.862,41.693,42.455,43.407,44.127,43.598,43.429,43.175,42.074,
220.0,220.0,220.0,220.0,220.0,220.0,315.0,290.0,348.0,327.0,386.0,418.0,418.0,414.0,414.0,503.0,517.0,583.0,655.0,741.0,715.0,735.0,726.0,694.0,
37.079,37.079,37.079,37.079,37.079,37.079,39.619,38.095,39.175,37.778,38.222,37.968,37.968,36.19,36.19,37.714,37.524,38.476,39.492,40.508,39.937,40.0,39.683,38.476,
42.646,42.646,42.646,42.646,42.646,42.646,44.825,43.259,44.19,42.857,43.132,42.519,42.519,40.698,40.698,41.862,41.693,42.455,43.407,44.127,43.598,43.429,43.175,42.074,
220.0,220.0,220.0,220.0,220.0,220.0,315.0,290.0,348.0,327.0,386.0,418.0,418.0,414.0,414.0,503.0,517.0,583.0,655.0,741.0,715.0,735.0,726.0,694.0,
37.079,37.079,37.079,37.079,37.079,37.079,39.619,38.095,39.175,37.778,38.222,37.968,37.968,36.19,36.19,37.714,37.524,38.476,39.492,40.508,39.937,40.0,39.238,37.778,
42.646,42.646,42.646,42.646,42.646,42.646,44.825,43.259,44.19,42.857,43.132,42.519,42.519,40.698,40.698,41.862,41.693,42.455,43.407,44.127,43.598,43.429,42.772,41.63,
220.0,220.0,220.0,220.0,220.0,220.0,315.0,290.0,348.0,327.0,386.0,418.0,418.0,414.0,414.0,503.0,517.0,583.0,655.0,741.0,715.0,735.0,697.0,625.0,
37.079,37.079,37.079,37.079,37.079,37.079,39.619,38.095,39.175,37.778,38.222,37.968,37.968,36.19,36.19,37.714,37.524,38.476,39.492,40.508,39.937,39.81,38.73,37.27,
42.646,42.646,42.646,42.646,42.646,42.646,44.825,43.259,44.19,42.857,43.132,42.519,42.519,40.698,40.698,41.862,41.693,42.455,43.407,44.127,43.598,43.344,42.497,41.376,
220.0,220.0,220.0,220.0,220.0,220.0,315.0,290.0,348.0,327.0,386.0,418.0,418.0,414.0,414.0,503.0,517.0,583.0,655.0,741.0,715.0,706.0,662.0,589.0,
37.079,37.079,37.079,37.079,37.079,37.079,39.619,38.095,39.175,37.778,38.222,37.968,37.968,36.19,36.19,37.714,37.524,38.476,39.492,40.19,38.984,38.159,37.46,36.635,
42.646,42.646,42.646,42.646,42.646,42.646,44.825,43.259,44.19,42.857,43.132,42.519,42.519,40.698,40.698,41.862,41.693,42.455,43.407,43.894,42.857,42.201,41.672,41.037,
220.0,220.0,220.0,220.0,220.0,220.0,315.0,290.0,348.0,327.0,386.0,418.0,418.0,414.0,414.0,503.0,517.0,583.0,655.0,719.0,642.0,589.0,563.0,518.0,
37.079,37.079,37.079,37.079,37.079,37.079,39.619,38.095,39.175,37.778,38.222,37.968,37.968,36.19,36.19,37.714,37.524,38.476,39.492,39.429,38.476,37.651,37.016,36.698,
42.646,42.646,42.646,42.646,42.646,42.646,44.825,43.259,44.19,42.857,43.132,42.519,42.519,40.698,40.698,41.862,41.693,42.455,43.407,43.344,42.455,41.82,41.291,41.079,
220.0,220.0,220.0,220.0,220.0,220.0,315.0,290.0,348.0,327.0,386.0,418.0,418.0,414.0,414.0,503.0,517.0,583.0,655.0,661.0,601.0,553.0,524.0,504.0,
37.079,37.079,37.079,37.079,37.079,37.079,39.619,38.095,39.175,37.778,38.222,37.968,37.968,36.19,36.19,37.714,37.524,38.476,38.794,38.667,37.587,37.46,36.317,36.063,
42.646,42.646,42.646,42.646,42.646,42.646,44.825,43.259,44.19,42.857,43.132,42.519,42.519,40.698,40.698,41.862,41.693,42.455,42.751,42.582,41.714,41.672,40.656,40.529,
220.0,220.0,220.0,220.0,220.0,220.0,315.0,290.0,348.0,327.0,386.0,418.0,418.0,414.0,414.0,503.0,517.0,583.0,611.0,604.0,543.0,530.0,476.0,452.0,
37.079,37.079,37.079,37.079,37.079,37.079,39.619,38.095,39.175,37.778,38.222,37.968,37.968,36.19,36.19,37.714,37.524,36.825,36.063,35.873,35.619,35.556,35.111,34.857,
42.646,42.646,42.646,42.646,42.646,42.646,44.825,43.259,44.19,42.857,43.132,42.519,42.519,40.698,40.698,41.862,41.693,41.058,40.444,40.169,40.085,40.042,39.683,39.577,
220.0,220.0,220.0,220.0,220.0,220.0,315.0,290.0,348.0,327.0,386.0,418.0,418.0,414.0,414.0,503.0,517.0,496.0,462.0,448.0,428.0,415.0,396.0,371.0,
37.079,37.079,37.079,37.079,37.079,37.079,39.619,38.095,39.175,37.778,38.222,37.968,37.968,36.19,36.19,37.714,37.524,36.571,35.746,35.492,35.238,35.238,34.794,34.794,
42.646,42.646,42.646,42.646,42.646,42.646,44.825,43.259,44.19,42.857,43.132,42.519,42.519,40.698,40.698,41.862,41.693,40.889,40.233,39.958,39.788,39.788,39.429,39.556,
220.0,220.0,220.0,220.0,220.0,220.0,315.0,290.0,348.0,327.0,386.0,418.0,418.0,414.0,414.0,503.0,517.0,468.0,433.0,419.0,397.0,397.0,378.0,369.0,
37.079,37.079,37.079,37.079,37.079,37.079,39.619,38.095,39.175,37.778,38.222,37.968,37.968,36.19,36.19,37.778,36.254,35.175,34.413,34.095,33.46,32.762,31.873,31.873,
42.646,42.646,42.646,42.646,42.646,42.646,44.825,43.259,44.19,42.857,43.132,42.519,42.519,40.698,40.698,41.947,40.698,39.873,39.217,38.836,38.476,37.884,37.122,37.143,
220.0,220.0,220.0,220.0,220.0,220.0,315.0,290.0,348.0,327.0,386.0,418.0,418.0,414.0,414.0,499.0,420.0,363.0,322.0,289.0,261.0,235.0,205.0,192.0,
37.079,37.079,37.079,37.079,37.079,37.079,39.619,38.095,39.175,37.778,38.222,37.968,37.968,36.19,36.19,36.381,34.667,34.667,34.032,33.968,33.46,32.698,31.873,31.873,
42.646,42.646,42.646,42.646,42.646,42.646,44.825,43.259,44.19,42.857,43.132,42.519,42.519,40.698,40.698,40.868,39.492,39.492,38.836,38.836,38.476,37.884,37.143,37.143,
220.0,220.0,220.0,220.0,220.0,220.0,315.0,290.0,348.0,327.0,386.0,418.0,418.0,414.0,414.0,418.0,330.0,330.0,289.0,283.0,255.0,229.0,198.0,192.0,
37.079,37.079,37.079,37.079,37.079,37.079,39.619,38.095,39.175,37.778,38.222,37.968,37.968,36.19,36.19,35.302,33.587,33.587,33.333,33.206,32.952,31.937,31.048,30.984,
42.646,42.646,42.646,42.646,42.646,42.646,44.825,43.259,44.19,42.857,43.132,42.519,42.519,40.698,40.698,40.0,38.667,38.667,38.434,38.37,38.18,37.27,36.529,36.529,
220.0,220.0,220.0,220.0,220.0,220.0,315.0,290.0,348.0,327.0,386.0,418.0,418.0,414.0,414.0,366.0,267.0,267.0,251.0,242.0,230.0,192.0,161.0,155.0,
37.079,37.079,37.079,37.079,37.079,37.079,39.619,38.095,39.175,37.778,38.222,37.968,37.968,35.238,35.238,34.032,33.587,33.587,33.206,33.206,32.952,31.937,31.048,30.984,
42.646,42.646,42.646,42.646,42.646,42.646,44.825,43.259,44.19,42.857,43.132,42.519,42.519,39.937,39.937,38.963,38.603,38.603,38.37,38.37,38.18,37.27,36.529,36.529,
220.0,220.0,220.0,220.0,220.0,220.0,315.0,290.0,348.0,327.0,386.0,418.0,418.0,363.0,363.0,292.0,258.0,258.0,242.0,242.0,230.0,192.0,161.0,155.0,
37.079,37.079,37.079,37.079,37.079,37.079,39.619,38.095,39.175,37.778,38.222,37.968,37.968,34.984,34.984,33.905,33.397,33.46,33.143,33.143,32.825,31.81,30.921,30.857,
42.646,42.646,42.646,42.646,42.646,42.646,44.825,43.259,44.19,42.857,43.132,42.519,42.519,39.767,39.767,38.921,38.497,38.519,38.286,38.286,38.095,37.185,36.444,36.444,
220.0,220.0,220.0,220.0,220.0,220.0,315.0,290.0,348.0,327.0,386.0,418.0,418.0,326.0,326.0,282.0,242.0,241.0,225.0,225.0,213.0,175.0,144.0,138.0,
37.079,37.079,37.079,37.079,37.079,37.079,39.619,38.095,39.175,37.778,38.222,37.968,37.968,34.794,34.794,33.397,32.444,32.444,31.619,31.619,31.619,31.365,30.159,30.159,
42.646,42.646,42.646,42.646,42.646,42.646,44.825,43.259,44.19,42.857,43.132,42.519,42.519,39.661,39.661,38.582,37.799,37.799,37.164,37.164,37.185,36.931,35.915,35.915,
220.0,220.0,220.0,220.0,220.0,220.0,315.0,290.0,348.0,327.0,386.0,418.0,418.0,289.0,289.0,229.0,188.0,185.0,158.0,158.0,157.0,145.0,100.0,100.0,
37.079,37.079,37.079,37.079,37.079,37.079,39.619,38.095,39.175,37.778,38.222,36.571,36.571,34.73,34.73,33.016,31.937,31.873,30.286,30.286,30.286,29.841,29.27,29.27,
42.646,42.646,42.646,42.646,42.646,42.646,44.825,43.259,44.19,42.857,43.132,41.291,41.291,39.64,39.64,38.328,37.418,37.418,36.042,36.042,36.063,35.704,35.196,35.196,
220.0,220.0,220.0,220.0,220.0,220.0,315.0,290.0,348.0,327.0,386.0,353.0,353.0,278.0,278.0,205.0,161.0,158.0,106.0,106.0,105.0,89.0,68.0,68.0,
37.079,37.079,37.079,37.079,37.079,37.079,39.619,38.095,39.175,37.778,38.222,36.317,36.317,33.968,33.968,33.016,31.937,31.873,30.286,30.286,30.286,29.841,29.27,29.27,
42.646,42.646,42.646,42.646,42.646,42.646,44.825,43.259,44.19,42.857,43.132,41.122,41.122,39.132,39.132,38.328,37.418,37.418,36.042,36.042,36.063,35.704,35.196,35.196,
220.0,220.0,220.0,220.0,220.0,220.0,315.0,290.0,348.0,327.0,386.0,331.0,331.0,236.0,236.0,205.0,161.0,158.0,106.0,106.0,105.0,89.0,68.0,68.0,
37.079,37.079,37.079,37.079,37.079,37.079,39.619,38.095,39.175,37.778,38.222,35.175,35.175,33.524,33.524,32.444,30.921,30.286,29.397,29.397,29.397,28.952,28.317,28.317,
42.646,42.646,42.646,42.646,42.646,42.646,44.825,43.259,44.19,42.857,43.132,40.275,40.275,38.794,38.794,37.926,36.593,35.979,35.175,35.175,35.196,34.836,34.328,34.328,
220.0,220.0,220.0,220.0,220.0,220.0,315.0,290.0,348.0,327.0,386.0,275.0,275.0,210.0,210.0,173.0,125.0,100.0,72.0,72.0,71.0,55.0,34.0,34.0,
37.079,37.079,37.079,37.079,37.079,37.079,39.619,38.095,39.175,37.778,38.222,35.175,35.175,33.524,33.524,32.444,30.921,30.286,29.397,29.397,29.397,28.952,28.317,28.317,
42.646,42.646,42.646,42.646,42.646,42.646,44.825,43.259,44.19,42.857,43.132,40.275,40.275,38.794,38.794,37.926,36.593,35.979,35.175,35.175,35.196,34.836,34.328,34.328,
220.0,220.0,220.0,220.0,220.0,220.0,315.0,290.0,348.0,327.0,386.0,275.0,275.0,210.0,210.0,173.0,125.0,100.0,72.0,72.0,71.0,55.0,34.0,34.0,
37.079,37.079,37.079,37.079,37.079,37.079,39.619,38.095,39.175,37.778,38.222,34.222,34.222,33.46,33.46,32.127,30.667,29.905,28.952,28.952,28.952,28.952,28.317,28.317,
42.646,42.646,42.646,42.646,42.646,42.646,44.825,43.259,44.19,42.857,43.132,39.471,39.471,38.772,38.772,37.651,36.339,35.704,34.836,34.836,34.836,34.836,34.328,34.328,
220.0,220.0,220.0,220.0,220.0,220.0,315.0,290.0,348.0,327.0,386.0,229.0,229.0,202.0,202.0,159.0,110.0,86.0,55.0,55.0,55.0,55.0,34.0,34.0,
37.079,37.079,37.079,37.079,37.079,37.079,39.619,38.095,39.175,37.778,37.143,33.46,33.46,32.508,32.508,31.492,30.032,29.333,28.317,28.317,28.317,28.317,28.317,28.317,
42.646,42.646,42.646,42.646,42.646,42.646,44.825,43.259,44.19,42.857,42.222,38.836,38.836,38.011,38.011,37.143,35.831,35.196,34.328,34.328,34.328,34.328,34.328,34.328,
220.0,220.0,220.0,220.0,220.0,220.0,315.0,290.0,348.0,327.0,327.0,202.0,202.0,169.0,169.0,138.0,89.0,65.0,34.0,34.0,34.0,34.0,34.0,34.0,
37.079,37.079,37.079,37.079,37.079,37.079,39.619,38.095,39.175,37.778,37.079,32.635,32.635,31.683,31.683,30.73,30.032,29.333,28.317,28.317,28.317,28.317,28.317,28.317,
42.646,42.646,42.646,42.646,42.646,42.646,44.825,43.259,44.19,42.857,42.18,38.18,38.18,37.312,37.312,36.466,35.831,35.196,34.328,34.328,34.328,34.328,34.328,34.328,
220.0,220.0,220.0,220.0,220.0,220.0,315.0,290.0,348.0,327.0,320.0,179.0,179.0,142.0,142.0,110.0,89.0,65.0,34.0,34.0,34.0,34.0,34.0,34.0,
37.079,37.079,37.079,37.079,37.079,37.079,39.619,38.095,39.175,37.778,36.952,32.063,32.063,31.365,31.365,30.413,29.397,29.333,28.317,28.317,28.317,28.317,28.317,28.317,
42.646,42.646,42.646,42.646,42.646,42.646,44.825,43.259,44.19,42.857,42.138,37.757,37.757,37.079,37.079,36.233,35.217,35.196,34.328,34.328,34.328,34.328,34.328,34.328,
220.0,220.0,220.0,220.0,220.0,220.0,315.0,290.0,348.0,327.0,310.0,157.0,157.0,132.0,132.0,100.0,67.0,65.0,34.0,34.0,34.0,34.0,34.0,34.0,
37.079,37.079,37.079,37.079,37.079,37.079,39.619,38.095,39.175,37.778,36.635,31.492,31.492,30.603,30.603,29.651,28.317,28.0,0.0,0.0,0.0,0.0,0.0,0.0,
42.646,42.646,42.646,42.646,42.646,42.646,44.825,43.259,44.19,42.857,41.862,37.164,37.164,36.381,36.381,35.492,34.286,34.053,33.333,33.333,33.333,33.333,33.333,33.333,
220.0,220.0,220.0,220.0,220.0,220.0,315.0,290.0,348.0,327.0,293.0,131.0,131.0,102.0,102.0,69.0,30.0,23.0,0.0,0.0,0.0,0.0,0.0,0.0,
37.079,37.079,37.079,37.079,37.079,37.079,39.619,38.095,39.175,35.492,33.841,30.476,30.476,29.079,29.079,29.016,28.317,28.0,0.0,0.0,0.0,0.0,0.0,0.0,
42.646,42.646,42.646,42.646,42.646,42.646,44.825,43.259,44.19,40.847,39.365,36.296,36.296,34.984,34.984,34.942,34.286,34.053,33.333,33.333,33.333,33.333,33.333,33.333,
220.0,220.0,220.0,220.0,220.0,220.0,315.0,290.0,348.0,242.0,192.0,97.0,97.0,51.0,51.0,50.0,30.0,23.0,0.0,0.0,0.0,0.0,0.0,0.0,
37.079,37.079,37.079,37.079,37.079,37.079,39.619,38.095,39.175,35.175,33.143,30.476,30.476,28.762,28.762,28.698,28.0,28.0,0.0,0.0,0.0,0.0,0.0,0.0,
42.646,42.646,42.646,42.646,42.646,42.646,44.825,43.259,44.19,40.529,38.709,36.275,36.275,34.751,34.751,34.709,34.053,34.053,33.333,33.333,33.333,33.333,33.333,33.333,
220.0,220.0,220.0,220.0,220.0,220.0,315.0,290.0,348.0,221.0,163.0,95.0,95.0,44.0,44.0,43.0,23.0,23.0,0.0,0.0,0.0,0.0,0.0,0.0,
37.079,37.079,37.079,37.079,37.079,37.079,39.619,38.095,38.73,34.667,32.571,29.651,29.651,28.571,28.571,27.873,0.0,0.0,0.0,0.0,0.0,0.0,0.0,0.0,
42.646,42.646,42.646,42.646,42.646,42.646,44.825,43.259,43.81,40.106,38.222,35.556,35.556,34.603,34.603,33.989,33.333,33.333,33.333,33.333,33.333,33.333,33.333,33.333,
220.0,220.0,220.0,220.0,220.0,220.0,315.0,290.0,333.0,205.0,144.0,69.0,69.0,39.0,39.0,20.0,0.0,0.0,0.0,0.0,0.0,0.0,0.0,0.0,
37.079,37.079,37.079,37.079,37.079,37.079,39.619,38.095,34.794,34.095,31.937,28.952,28.952,28.571,28.571,27.873,0.0,0.0,0.0,0.0,0.0,0.0,0.0,0.0,
42.646,42.646,42.646,42.646,42.646,42.646,44.825,43.259,40.19,39.577,37.651,34.942,34.942,34.603,34.603,33.989,33.333,33.333,33.333,33.333,33.333,33.333,33.333,33.333,
220.0,220.0,220.0,220.0,220.0,220.0,315.0,290.0,207.0,188.0,123.0,47.0,47.0,39.0,39.0,20.0,0.0,0.0,0.0,0.0,0.0,0.0,0.0,0.0,
37.079,37.079,37.079,37.079,37.079,37.079,39.619,37.206,33.587,32.825,31.81,28.698,28.698,27.873,27.873,27.873,0.0,0.0,0.0,0.0,0.0,0.0,0.0,0.0,
42.646,42.646,42.646,42.646,42.646,42.646,44.825,42.561,39.175,38.519,37.587,34.751,34.751,33.989,33.989,33.989,33.333,33.333,33.333,33.333,33.333,33.333,33.333,33.333,
220.0,220.0,220.0,220.0,220.0,220.0,315.0,260.0,168.0,148.0,120.0,41.0,41.0,20.0,20.0,20.0,0.0,0.0,0.0,0.0,0.0,0.0,0.0,0.0,
37.079,37.079,37.079,37.079,37.079,37.079,39.619,35.81,31.937,31.048,29.968,28.0,28.0,0.0,0.0,0.0,0.0,0.0,0.0,0.0,0.0,0.0,0.0,0.0,
42.646,42.646,42.646,42.646,42.646,42.646,44.825,41.291,37.608,36.868,35.852,34.095,34.095,33.333,33.333,33.333,33.333,33.333,33.333,33.333,33.333,33.333,33.333,33.333,
220.0,220.0,220.0,220.0,220.0,220.0,315.0,221.0,122.0,100.0,70.0,21.0,21.0,0.0,0.0,0.0,0.0,0.0,0.0,0.0,0.0,0.0,0.0,0.0,
37.079,37.079,37.079,37.079,37.079,37.079,39.619,35.81,31.873,31.111,29.46,28.0,28.0,0.0,0.0,0.0,0.0,0.0,0.0,0.0,0.0,0.0,0.0,0.0,
42.646,42.646,42.646,42.646,42.646,42.646,44.825,41.27,37.608,36.868,35.429,34.095,34.095,33.333,33.333,33.333,33.333,33.333,33.333,33.333,33.333,33.333,33.333,33.333,
220.0,220.0,220.0,220.0,220.0,220.0,315.0,219.0,119.0,97.0,57.0,21.0,21.0,0.0,0.0,0.0,0.0,0.0,0.0,0.0,0.0,0.0,0.0,0.0,
37.079,37.079,37.079,37.079,37.079,37.079,39.619,35.81,31.873,31.111,29.397,27.81,27.81,0.0,0.0,0.0,0.0,0.0,0.0,0.0,0.0,0.0,0.0,0.0,
42.646,42.646,42.646,42.646,42.646,42.646,44.825,41.27,37.608,36.868,35.386,33.926,33.926,33.333,33.333,33.333,33.333,33.333,33.333,33.333,33.333,33.333,33.333,33.333,
220.0,220.0,220.0,220.0,220.0,220.0,315.0,219.0,119.0,97.0,56.0,17.0,17.0,0.0,0.0,0.0,0.0,0.0,0.0,0.0,0.0,0.0,0.0,0.0,
37.079,37.079,37.079,37.079,37.079,37.079,36.889,35.81,31.873,30.857,29.079,0.0,0.0,0.0,0.0,0.0,0.0,0.0,0.0,0.0,0.0,0.0,0.0,0.0,
42.646,42.646,42.646,42.646,42.646,42.646,42.307,41.291,37.63,36.698,35.132,33.333,33.333,33.333,33.333,33.333,33.333,33.333,33.333,33.333,33.333,33.333,33.333,33.333,
220.0,220.0,220.0,220.0,220.0,220.0,242.0,218.0,118.0,90.0,47.0,0.0,0.0,0.0,0.0,0.0,0.0,0.0,0.0,0.0,0.0,0.0,0.0,0.0,
37.079,37.079,37.079,37.079,37.079,37.079,36.889,35.81,31.873,30.857,29.079,0.0,0.0,0.0,0.0,0.0,0.0,0.0,0.0,0.0,0.0,0.0,0.0,0.0,
42.646,42.646,42.646,42.646,42.646,42.646,42.307,41.291,37.63,36.698,35.132,33.333,33.333,33.333,33.333,33.333,33.333,33.333,33.333,33.333,33.333,33.333,33.333,33.333,
220.0,220.0,220.0,220.0,220.0,220.0,242.0,218.0,118.0,90.0,47.0,0.0,0.0,0.0,0.0,0.0,0.0,0.0,0.0,0.0,0.0,0.0,0.0,0.0,
37.079,37.079,37.079,37.079,37.079,37.079,32.762,31.556,30.857,30.857,29.079,0.0,0.0,0.0,0.0,0.0,0.0,0.0,0.0,0.0,0.0,0.0,0.0,0.0,
42.646,42.646,42.646,42.646,42.646,42.646,38.476,37.376,36.698,36.698,35.132,33.333,33.333,33.333,33.333,33.333,33.333,33.333,33.333,33.333,33.333,33.333,33.333,33.333,
220.0,220.0,220.0,220.0,220.0,220.0,132.0,106.0,90.0,90.0,47.0,0.0,0.0,0.0,0.0,0.0,0.0,0.0,0.0,0.0,0.0,0.0,0.0,0.0,
37.079,37.079,37.079,37.079,37.079,37.079,31.81,30.667,29.46,29.46,29.079,0.0,0.0,0.0,0.0,0.0,0.0,0.0,0.0,0.0,0.0,0.0,0.0,0.0,
42.646,42.646,42.646,42.646,42.646,42.646,37.672,36.571,35.471,35.471,35.132,33.333,33.333,33.333,33.333,33.333,33.333,33.333,33.333,33.333,33.333,33.333,33.333,33.333,
220.0,220.0,220.0,220.0,220.0,220.0,107.0,81.0,55.0,55.0,47.0,0.0,0.0,0.0,0.0,0.0,0.0,0.0,0.0,0.0,0.0,0.0,0.0,0.0,
37.079,37.079,37.079,37.079,37.079,37.079,31.429,30.095,28.317,28.317,27.81,0.0,0.0,0.0,0.0,0.0,0.0,0.0,0.0,0.0,0.0,0.0,0.0,0.0,
42.646,42.646,42.646,42.646,42.646,42.646,37.312,36.127,34.349,34.349,33.884,33.333,33.333,33.333,33.333,33.333,33.333,33.333,33.333,33.333,33.333,33.333,33.333,33.333,
220.0,220.0,220.0,220.0,220.0,220.0,94.0,66.0,24.0,24.0,13.0,0.0,0.0,0.0,0.0,0.0,0.0,0.0,0.0,0.0,0.0,0.0,0.0,0.0,
37.079,37.079,37.079,37.079,37.079,37.079,31.429,30.095,28.317,28.317,27.81,0.0,0.0,0.0,0.0,0.0,0.0,0.0,0.0,0.0,0.0,0.0,0.0,0.0,
42.646,42.646,42.646,42.646,42.646,42.646,37.312,36.127,34.349,34.349,33.884,33.333,33.333,33.333,33.333,33.333,33.333,33.333,33.333,33.333,33.333,33.333,33.333,33.333,
220.0,220.0,220.0,220.0,220.0,220.0,94.0,66.0,24.0,24.0,13.0,0.0,0.0,0.0,0.0,0.0,0.0,0.0,0.0,0.0,0.0,0.0,0.0,0.0,
37.079,37.079,37.079,37.079,37.079,37.079,31.429,30.095,28.317,28.317,27.81,0.0,0.0,0.0,0.0,0.0,0.0,0.0,0.0,0.0,0.0,0.0,0.0,0.0,
42.646,42.646,42.646,42.646,42.646,42.646,37.312,36.127,34.349,34.349,33.884,33.333,33.333,33.333,33.333,33.333,33.333,33.333,33.333,33.333,33.333,33.333,33.333,33.333,
220.0,220.0,220.0,220.0,220.0,220.0,94.0,66.0,24.0,24.0,13.0,0.0,0.0,0.0,0.0,0.0,0.0,0.0,0.0,0.0,0.0,0.0,0.0,0.0,
37.079,37.079,37.079,37.079,37.079,37.079,31.429,30.095,28.317,28.317,27.81,0.0,0.0,0.0,0.0,0.0,0.0,0.0,0.0,0.0,0.0,0.0,0.0,0.0,
42.646,42.646,42.646,42.646,42.646,42.646,37.312,36.127,34.349,34.349,33.884,33.333,33.333,33.333,33.333,33.333,33.333,33.333,33.333,33.333,33.333,33.333,33.333,33.333,
220.0,220.0,220.0,220.0,220.0,220.0,94.0,66.0,24.0,24.0,13.0,0.0,0.0,0.0,0.0,0.0,0.0,0.0,0.0,0.0,0.0,0.0,0.0,0.0,
37.079,37.079,37.079,37.079,37.079,37.079,31.429,30.095,28.317,28.317,27.81,0.0,0.0,0.0,0.0,0.0,0.0,0.0,0.0,0.0,0.0,0.0,0.0,0.0,
42.646,42.646,42.646,42.646,42.646,42.646,37.312,36.127,34.349,34.349,33.884,33.333,33.333,33.333,33.333,33.333,33.333,33.333,33.333,33.333,33.333,33.333,33.333,33.333,
220.0,220.0,220.0,220.0,220.0,220.0,94.0,66.0,24.0,24.0,13.0,0.0,0.0,0.0,0.0,0.0,0.0,0.0,0.0,0.0,0.0,0.0,0.0,0.0,
37.079,37.079,37.079,37.079,37.079,37.079,31.429,30.095,28.317,28.317,27.81,0.0,0.0,0.0,0.0,0.0,0.0,0.0,0.0,0.0,0.0,0.0,0.0,0.0,
42.646,42.646,42.646,42.646,42.646,42.646,37.312,36.127,34.349,34.349,33.884,33.333,33.333,33.333,33.333,33.333,33.333,33.333,33.333,33.333,33.333,33.333,33.333,33.333,
220.0,220.0,220.0,220.0,220.0,220.0,94.0,66.0,24.0,24.0,13.0,0.0,0.0,0.0,0.0,0.0,0.0,0.0,0.0,0.0,0.0,0.0,0.0,0.0,
37.079,37.079,37.079,37.079,37.079,37.079,31.429,30.095,28.317,28.317,27.81,0.0,0.0,0.0,0.0,0.0,0.0,0.0,0.0,0.0,0.0,0.0,0.0,0.0,
42.646,42.646,42.646,42.646,42.646,42.646,37.312,36.127,34.349,34.349,33.884,33.333,33.333,33.333,33.333,33.333,33.333,33.333,33.333,33.333,33.333,33.333,33.333,33.333,
220.0,220.0,220.0,220.0,220.0,220.0,94.0,66.0,24.0,24.0,13.0,0.0,0.0,0.0,0.0,0.0,0.0,0.0,0.0,0.0,0.0,0.0,0.0,0.0,

37.143,37.143,37.143,37.143,38.738,38.738,39.801,41.927,41.661,42.392,43.389,43.389,44.053,42.924,42.924,43.123,42.724,43.123,42.99,41.728,39.934,39.934,39.535,38.937,
41.794,41.794,41.794,41.794,43.145,43.145,43.965,45.98,45.581,46.047,46.379,46.379,46.91,45.736,45.736,45.581,45.116,45.205,45.205,44.23,42.746,42.791,42.547,42.082,
191.0,191.0,191.0,191.0,265.0,265.0,330.0,458.0,479.0,563.0,704.0,704.0,791.0,856.0,856.0,917.0,956.0,994.0,1012.0,897.0,802.0,794.0,730.0,712.0,
37.143,37.143,37.143,37.143,38.738,38.738,39.801,41.927,41.661,42.392,43.389,43.389,44.053,42.924,42.924,43.123,42.724,42.658,42.193,41.196,39.402,39.535,38.87,37.94,
41.794,41.794,41.794,41.794,43.145,43.145,43.965,45.98,45.581,46.047,46.379,46.379,46.91,45.736,45.736,45.581,45.116,45.094,44.895,44.031,42.636,42.724,42.215,41.417,
191.0,191.0,191.0,191.0,265.0,265.0,330.0,458.0,479.0,563.0,704.0,704.0,791.0,856.0,856.0,917.0,956.0,918.0,867.0,786.0,690.0,677.0,640.0,592.0,
37.143,37.143,37.143,37.143,38.738,38.738,39.801,41.927,41.661,42.392,43.389,43.389,44.053,42.924,42.924,43.123,42.791,41.86,41.462,40.266,39.136,38.738,37.874,36.811,
41.794,41.794,41.794,41.794,43.145,43.145,43.965,45.98,45.581,46.047,46.379,46.379,46.91,45.736,45.736,45.581,45.116,44.651,44.363,43.455,42.503,42.215,41.484,40.576,
191.0,191.0,191.0,191.0,265.0,265.0,330.0,458.0,479.0,563.0,704.0,704.0,791.0,856.0,856.0,917.0,947.0,836.0,813.0,710.0,645.0,616.0,565.0,522.0,
37.143,37.143,37.143,37.143,38.738,38.738,39.801,41.927,41.661,42.392,43.389,43.389,44.053,42.924,42.924,43.123,42.857,41.395,40.266,39.003,37.807,37.475,36.944,35.083,
41.794,41.794,41.794,41.794,43.145,43.145,43.965,45.98,45.581,46.047,46.379,46.379,46.91,45.736,45.736,45.581,45.471,44.452,43.544,42.525,41.55,41.24,40.819,39.291,
191.0,191.0,191.0,191.0,265.0,265.0,330.0,458.0,479.0,563.0,704.0,704.0,791.0,856.0,856.0,917.0,868.0,767.0,715.0,617.0,547.0,516.0,484.0,406.0,
37.143,37.143,37.143,37.143,38.738,38.738,39.801,41.927,41.661,42.392,43.389,43.389,44.053,42.924,42.924,43.123,42.525,41.13,39.801,38.206,37.475,36.811,36.013,34.884,
41.794,41.794,41.794,41.794,43.145,43.145,43.965,45.98,45.581,46.047,46.379,46.379,46.91,45.736,45.736,45.604,45.271,44.341,43.3,41.905,41.307,40.819,40.111,39.203,
191.0,191.0,191.0,191.0,265.0,265.0,330.0,458.0,479.0,563.0,704.0,704.0,791.0,856.0,856.0,913.0,835.0,730.0,666.0,552.0,504.0,466.0,414.0,380.0,
37.143,37.143,37.143,37.143,38.738,38.738,39.801,41.927,41.661,42.392,43.389,43.389,44.053,42.924,42.924,41.728,41.13,39.003,37.608,36.545,35.615,34.95,34.95,33.887,
41.794,41.794,41.794,41.794,43.145,43.145,43.965,45.98,45.581,46.047,46.379,46.379,46.91,45.736,45.736,44.629,44.319,42.68,41.484,40.664,39.889,39.313,39.313,38.405,
191.0,191.0,191.0,191.0,265.0,265.0,330.0,458.0,479.0,563.0,704.0,704.0,791.0,856.0,856.0,780.0,704.0,568.0,502.0,431.0,379.0,339.0,339.0,305.0,
37.143,37.143,37.143,37.143,38.738,38.738,39.801,41.927,41.661,42.392,43.389,43.389,44.053,42.924,42.924,41.13,40.066,37.076,35.947,34.684,33.688,33.688,33.688,32.757,
41.794,41.794,41.794,41.794,43.145,43.145,43.965,45.98,45.581,46.047,46.379,46.379,46.91,45.759,45.759,44.275,43.455,41.107,40.066,39.048,38.14,38.14,38.14,37.386,
191.0,191.0,191.0,191.0,265.0,265.0,330.0,458.0,479.0,563.0,704.0,704.0,791.0,837.0,837.0,715.0,620.0,444.0,377.0,318.0,260.0,260.0,260.0,219.0,
37.143,37.143,37.143,37.143,38.738,38.738,39.801,41.927,41.661,42.392,43.389,43.389,44.053,41.661,41.661,39.601,38.738,36.744,35.482,34.352,33.754,33.754,33.688,32.691,
41.794,41.794,41.794,41.794,43.145,43.145,43.965,45.98,45.581,46.047,46.379,46.379,46.91,44.828,44.828,43.079,42.303,40.731,39.69,38.671,38.184,38.184,38.162,37.409,
191.0,191.0,191.0,191.0,265.0,265.0,330.0,458.0,479.0,563.0,704.0,704.0,791.0,732.0,732.0,589.0,522.0,416.0,343.0,284.0,255.0,255.0,253.0,212.0,
37.143,37.143,37.143,37.143,38.738,38.738,39.801,41.927,41.661,42.392,43.389,43.389,44.053,40.731,40.731,39.269,38.272,36.213,35.017,33.754,33.223,33.223,33.09,32.093,
41.794,41.794,41.794,41.794,43.145,43.145,43.965,45.98,45.581,46.047,46.379,46.379,46.91,43.965,43.965,42.879,41.927,40.332,39.225,38.206,37.719,37.719,37.586,36.855,
191.0,191.0,191.0,191.0,265.0,265.0,330.0,458.0,479.0,563.0,704.0,704.0,791.0,645.0,645.0,565.0,491.0,383.0,316.0,257.0,228.0,228.0,219.0,177.0,
37.143,37.143,37.143,37.143,38.738,38.738,39.801,41.927,41.661,42.392,43.389,43.389,44.053,39.535,39.535,37.542,36.678,35.947,34.684,33.488,32.89,32.89,32.757,31.827,
41.794,41.794,41.794,41.794,43.145,43.145,43.965,45.98,45.581,46.047,46.379,46.379,46.91,43.012,43.012,41.307,40.598,40.044,38.893,37.874,37.431,37.431,37.231,36.501,
191.0,191.0,191.0,191.0,265.0,265.0,330.0,458.0,479.0,563.0,704.0,704.0,791.0,571.0,571.0,447.0,401.0,372.0,304.0,245.0,214.0,214.0,199.0,157.0,
37.143,37.143,37.143,37.143,38.738,38.738,39.801,41.927,41.661,42.392,43.389,43.389,43.389,37.874,37.874,36.146,35.083,34.485,33.688,32.425,31.894,31.894,31.03,31.03,
41.794,41.794,41.794,41.794,43.145,43.145,43.965,45.98,45.581,46.047,46.379,46.379,46.401,41.661,41.661,40.199,39.291,38.715,38.051,37.032,36.589,36.589,35.814,35.814,
191.0,191.0,191.0,191.0,265.0,265.0,330.0,458.0,479.0,563.0,704.0,704.0,736.0,461.0,461.0,371.0,319.0,288.0,252.0,193.0,162.0,162.0,113.0,113.0,
37.143,37.143,37.143,37.143,38.738,38.738,39.801,41.927,41.661,42.392,43.389,43.389,40.664,36.279,36.279,34.618,33.953,33.289,32.425,31.03,31.03,31.03,31.03,31.03,
41.794,41.794,41.794,41.794,43.145,43.145,43.965,45.98,45.581,46.047,46.379,46.379,44.164,40.266,40.266,38.848,38.272,37.719,36.921,35.814,35.814,35.814,35.814,35.814,
191.0,191.0,191.0,191.0,265.0,265.0,330.0,458.0,479.0,563.0,704.0,704.0,570.0,374.0,374.0,279.0,248.0,219.0,174.0,113.0,113.0,113.0,113.0,113.0,
37.143,37.143,37.143,37.143,38.738,38.738,39.801,41.927,41.661,42.392,42.791,42.791,40.0,34.618,34.618,34.02,33.09,32.425,31.362,29.9,29.9,29.9,29.9,29.9,
41.794,41.794,41.794,41.794,43.145,43.145,43.965,45.98,45.581,46.047,45.958,45.958,43.588,38.826,38.826,38.228,37.475,36.921,35.947,34.707,34.707,34.707,34.707,34.707,
191.0,191.0,191.0,191.0,265.0,265.0,330.0,458.0,479.0,563.0,654.0,654.0,509.0,265.0,265.0,238.0,200.0,171.0,122.0,58.0,58.0,58.0,58.0,58.0,
37.143,37.143,37.143,37.143,38.738,38.738,39.801,41.927,41.661,42.392,42.126,42.126,38.073,32.824,32.824,32.093,31.096,31.096,29.9,29.9,29.9,29.9,29.9,29.9,
41.794,41.794,41.794,41.794,43.145,43.145,43.965,45.98,45.581,46.047,45.471,45.471,42.148,37.342,37.342,36.744,35.814,35.814,34.707,34.707,34.707,34.707,34.707,34.707,
191.0,191.0,191.0,191.0,265.0,265.0,330.0,458.0,479.0,563.0,595.0,595.0,400.0,179.0,179.0,152.0,110.0,110.0,58.0,58.0,58.0,58.0,58.0,58.0,
37.143,37.143,37.143,37.143,38.738,38.738,39.801,41.927,41.661,42.392,41.993,41.993,37.807,32.625,32.625,31.827,30.565,30.565,29.9,29.9,29.9,29.9,29.9,29.9,
41.794,41.794,41.794,41.794,43.145,43.145,43.965,45.98,45.581,46.047,45.426,45.426,41.905,37.231,37.231,36.501,35.349,35.349,34.707,34.707,34.707,34.707,34.707,34.707,
191.0,191.0,191.0,191.0,265.0,265.0,330.0,458.0,479.0,563.0,585.0,585.0,384.0,166.0,166.0,136.0,86.0,86.0,58.0,58.0,58.0,58.0,58.0,58.0,
37.143,37.143,37.143,37.143,38.738,38.738,39.801,41.927,41.661,42.392,41.993,41.993,37.807,32.492,32.492,31.827,30.565,30.565,29.9,29.9,29.9,29.9,29.9,29.9,
41.794,41.794,41.794,41.794,43.145,43.145,43.965,45.98,45.581,46.047,45.449,45.449,41.927,37.054,37.054,36.501,35.349,35.349,34.707,34.707,34.707,34.707,34.707,34.707,
191.0,191.0,191.0,191.0,265.0,265.0,330.0,458.0,479.0,563.0,584.0,584.0,383.0,159.0,159.0,136.0,86.0,86.0,58.0,58.0,58.0,58.0,58.0,58.0,
37.143,37.143,37.143,37.143,38.738,38.738,39.801,41.927,41.661,42.392,39.668,39.668,37.475,32.359,32.359,31.761,29.9,29.9,29.9,29.9,29.9,29.9,29.9,29.9,
41.794,41.794,41.794,41.794,43.145,43.145,43.965,45.98,45.581,46.047,43.477,43.477,41.617,36.966,36.966,36.412,34.707,34.707,34.707,34.707,34.707,34.707,34.707,34.707,
191.0,191.0,191.0,191.0,265.0,265.0,330.0,458.0,479.0,563.0,466.0,466.0,361.0,145.0,145.0,122.0,58.0,58.0,58.0,58.0,58.0,58.0,58.0,58.0,
37.143,37.143,37.143,37.143,38.738,38.738,39.801,41.927,41.661,41.329,38.14,38.14,35.548,32.359,32.359,31.761,29.9,29.9,29.9,29.9,29.9,29.9,29.9,29.9,
41.794,41.794,41.794,41.794,43.145,43.145,43.965,45.98,45.581,45.006,42.126,42.126,39.934,36.966,36.966,36.412,34.707,34.707,34.707,34.707,34.707,34.707,34.707,34.707,
191.0,191.0,191.0,191.0,265.0,265.0,330.0,458.0,479.0,511.0,392.0,392.0,278.0,145.0,145.0,122.0,58.0,58.0,58.0,58.0,58.0,58.0,58.0,58.0,
37.143,37.143,37.143,37.143,38.738,38.738,39.801,41.927,41.661,41.329,38.14,38.14,35.548,32.359,32.359,31.761,29.9,29.9,29.9,29.9,29.9,29.9,29.9,29.9,
41.794,41.794,41.794,41.794,43.145,43.145,43.965,45.98,45.581,45.006,42.126,42.126,39.934,36.966,36.966,36.412,34.707,34.707,34.707,34.707,34.707,34.707,34.707,34.707,
191.0,191.0,191.0,191.0,265.0,265.0,330.0,458.0,479.0,511.0,392.0,392.0,278.0,145.0,145.0,122.0,58.0,58.0,58.0,58.0,58.0,58.0,58.0,58.0,
37.143,37.143,37.143,37.143,38.738,38.738,39.801,41.927,41.661,39.003,35.349,35.349,34.551,31.495,31.495,30.631,29.169,29.169,0.0,0.0,0.0,0.0,0.0,0.0,
41.794,41.794,41.794,41.794,43.145,43.145,43.965,45.98,45.581,43.101,39.756,39.756,38.981,36.124,36.124,35.327,34.064,34.064,33.333,33.333,33.333,33.333,33.333,33.333,
191.0,191.0,191.0,191.0,265.0,265.0,330.0,458.0,479.0,396.0,259.0,259.0,222.0,102.0,102.0,69.0,24.0,24.0,0.0,0.0,0.0,0.0,0.0,0.0,
37.143,37.143,37.143,37.143,38.738,38.738,39.801,41.927,41.661,39.003,34.817,34.817,33.887,30.831,30.831,30.631,29.169,29.169,0.0,0.0,0.0,0.0,0.0,0.0,
41.794,41.794,41.794,41.794,43.145,43.145,43.965,45.98,45.581,43.056,39.203,39.203,38.427,35.57,35.57,35.327,34.064,34.064,33.333,33.333,33.333,33.333,33.333,33.333,
191.0,191.0,191.0,191.0,265.0,265.0,330.0,458.0,479.0,392.0,236.0,236.0,199.0,79.0,79.0,69.0,24.0,24.0,0.0,0.0,0.0,0.0,0.0,0.0,
37.143,37.143,37.143,37.143,38.738,38.738,39.801,41.927,41.728,37.741,34.286,34.286,33.355,30.831,30.831,30.631,29.169,29.169,0.0,0.0,0.0,0.0,0.0,0.0,
41.794,41.794,41.794,41.794,43.145,43.145,43.965,45.98,45.626,41.993,38.782,38.782,37.874,35.57,35.57,35.327,34.064,34.064,33.333,33.333,33.333,33.333,33.333,33.333,
191.0,191.0,191.0,191.0,265.0,265.0,330.0,458.0,471.0,335.0,207.0,207.0,164.0,79.0,79.0,69.0,24.0,24.0,0.0,0.0,0.0,0.0,0.0,0.0,
37.143,37.143,37.143,37.143,38.738,38.738,39.801,41.927,39.468,37.807,34.286,34.286,33.355,30.831,30.831,30.631,29.169,29.169,0.0,0.0,0.0,0.0,0.0,0.0,
41.794,41.794,41.794,41.794,43.145,43.145,43.965,45.98,43.765,42.038,38.826,38.826,37.918,35.57,35.57,35.327,34.064,34.064,33.333,33.333,33.333,33.333,33.333,33.333,
191.0,191.0,191.0,191.0,265.0,265.0,330.0,458.0,393.0,333.0,205.0,205.0,162.0,79.0,79.0,69.0,24.0,24.0,0.0,0.0,0.0,0.0,0.0,0.0,
37.143,37.143,37.143,37.143,38.738,38.738,39.801,41.927,39.136,37.342,33.887,33.887,33.355,30.831,30.831,30.631,29.169,29.169,0.0,0.0,0.0,0.0,0.0,0.0,
41.794,41.794,41.794,41.794,43.145,43.145,43.965,45.98,43.389,41.661,38.45,38.45,37.918,35.57,35.57,35.327,34.064,34.064,33.333,33.333,33.333,33.333,33.333,33.333,
191.0,191.0,191.0,191.0,265.0,265.0,330.0,458.0,377.0,317.0,189.0,189.0,162.0,79.0,79.0,69.0,24.0,24.0,0.0,0.0,0.0,0.0,0.0,0.0,
37.143,37.143,37.143,37.143,38.738,38.738,39.801,41.927,38.472,36.013,32.558,32.558,31.827,30.166,30.166,29.169,29.169,29.169,0.0,0.0,0.0,0.0,0.0,0.0,
41.794,41.794,41.794,41.794,43.145,43.145,43.965,45.98,42.835,40.487,37.231,37.231,36.567,34.906,34.906,34.064,34.064,34.064,33.333,33.333,33.333,33.333,33.333,33.333,
191.0,191.0,191.0,191.0,265.0,265.0,330.0,458.0,342.0,262.0,139.0,139.0,109.0,55.0,55.0,24.0,24.0,24.0,0.0,0.0,0.0,0.0,0.0,0.0,
37.143,37.143,37.143,37.143,38.738,38.738,39.801,41.927,38.472,36.013,32.558,32.558,31.827,30.166,30.166,29.169,29.169,29.169,0.0,0.0,0.0,0.0,0.0,0.0,
41.794,41.794,41.794,41.794,43.145,43.145,43.965,45.98,42.835,40.487,37.231,37.231,36.567,34.906,34.906,34.064,34.064,34.064,33.333,33.333,33.333,33.333,33.333,33.333,
191.0,191.0,191.0,191.0,265.0,265.0,330.0,458.0,342.0,262.0,139.0,139.0,109.0,55.0,55.0,24.0,24.0,24.0,0.0,0.0,0.0,0.0,0.0,0.0,
37.143,37.143,37.143,37.143,38.738,38.738,39.801,39.468,37.209,34.286,31.827,31.827,30.698,30.166,30.166,29.169,29.169,29.169,0.0,0.0,0.0,0.0,0.0,0.0,
41.794,41.794,41.794,41.794,43.145,43.145,43.965,43.677,41.595,38.87,36.567,36.567,35.437,34.906,34.906,34.064,34.064,34.064,33.333,33.333,33.333,33.333,33.333,33.333,
191.0,191.0,191.0,191.0,265.0,265.0,330.0,358.0,284.0,188.0,115.0,115.0,73.0,55.0,55.0,24.0,24.0,24.0,0.0,0.0,0.0,0.0,0.0,0.0,
37.143,37.143,37.143,37.143,38.738,38.738,39.801,37.807,34.817,33.422,30.033,30.033,30.033,29.435,29.435,29.169,29.169,29.169,0.0,0.0,0.0,0.0,0.0,0.0,
41.794,41.794,41.794,41.794,43.145,43.145,43.965,42.193,39.38,38.095,34.839,34.839,34.839,34.308,34.308,34.064,34.064,34.064,33.333,33.333,33.333,33.333,33.333,33.333,
191.0,191.0,191.0,191.0,265.0,265.0,330.0,290.0,195.0,157.0,52.0,52.0,52.0,34.0,34.0,24.0,24.0,24.0,0.0,0.0,0.0,0.0,0.0,0.0,
37.143,37.143,37.143,37.143,38.738,38.738,39.801,37.807,34.817,33.488,30.033,30.033,30.033,29.435,29.435,29.169,29.169,29.169,0.0,0.0,0.0,0.0,0.0,0.0,
41.794,41.794,41.794,41.794,43.145,43.145,43.965,42.215,39.402,38.117,34.884,34.884,34.884,34.308,34.308,34.064,34.064,34.064,33.333,33.333,33.333,33.333,33.333,33.333,
191.0,191.0,191.0,191.0,265.0,265.0,330.0,289.0,194.0,156.0,50.0,50.0,50.0,34.0,34.0,24.0,24.0,24.0,0.0,0.0,0.0,0.0,0.0,0.0,
37.143,37.143,37.143,37.143,38.738,38.738,39.801,36.944,33.355,31.495,30.033,30.033,30.033,29.435,29.435,29.169,29.169,29.169,0.0,0.0,0.0,0.0,0.0,0.0,
41.794,41.794,41.794,41.794,43.145,43.145,43.965,41.351,37.94,36.213,34.884,34.884,34.884,34.308,34.308,34.064,34.064,34.064,33.333,33.333,33.333,33.333,33.333,33.333,
191.0,191.0,191.0,191.0,265.0,265.0,330.0,253.0,140.0,92.0,50.0,50.0,50.0,34.0,34.0,24.0,24.0,24.0,0.0,0.0,0.0,0.0,0.0,0.0,
37.143,37.143,37.143,37.143,38.738,38.738,39.801,36.944,33.023,31.163,29.701,29.701,29.701,29.103,29.103,0.0,0.0,0.0,0.0,0.0,0.0,0.0,0.0,0.0,
41.794,41.794,41.794,41.794,43.145,43.145,43.965,41.351,37.652,35.88,34.551,34.551,34.551,33.976,33.976,33.333,33.333,33.333,33.333,33.333,33.333,33.333,33.333,33.333,
191.0,191.0,191.0,191.0,265.0,265.0,330.0,247.0,126.0,77.0,35.0,35.0,35.0,19.0,19.0,0.0,0.0,0.0,0.0,0.0,0.0,0.0,0.0,0.0,
37.143,37.143,37.143,37.143,38.738,38.738,39.535,36.744,32.159,30.1,29.701,29.701,29.701,29.103,29.103,0.0,0.0,0.0,0.0,0.0,0.0,0.0,0.0,0.0,
41.794,41.794,41.794,41.794,43.145,43.145,43.743,41.13,36.944,34.95,34.551,34.551,34.551,33.976,33.976,33.333,33.333,33.333,33.333,33.333,33.333,33.333,33.333,33.333,
191.0,191.0,191.0,191.0,265.0,265.0,313.0,239.0,104.0,47.0,35.0,35.0,35.0,19.0,19.0,0.0,0.0,0.0,0.0,0.0,0.0,0.0,0.0,0.0,
37.143,37.143,37.143,37.143,38.738,38.738,37.94,34.286,32.159,30.1,29.701,29.701,29.701,29.103,29.103,0.0,0.0,0.0,0.0,0.0,0.0,0.0,0.0,0.0,
41.794,41.794,41.794,41.794,43.145,43.145,42.326,38.848,36.944,34.95,34.551,34.551,34.551,33.976,33.976,33.333,33.333,33.333,33.333,33.333,33.333,33.333,33.333,33.333,
191.0,191.0,191.0,191.0,265.0,265.0,257.0,159.0,104.0,47.0,35.0,35.0,35.0,19.0,19.0,0.0,0.0,0.0,0.0,0.0,0.0,0.0,0.0,0.0,
37.143,37.143,37.143,37.143,38.738,38.738,37.94,34.286,32.159,30.1,29.701,29.701,29.701,29.103,29.103,0.0,0.0,0.0,0.0,0.0,0.0,0.0,0.0,0.0,
41.794,41.794,41.794,41.794,43.145,43.145,42.326,38.848,36.944,34.95,34.551,34.551,34.551,33.976,33.976,33.333,33.333,33.333,33.333,33.333,33.333,33.333,33.333,33.333,
191.0,191.0,191.0,191.0,265.0,265.0,257.0,159.0,104.0,47.0,35.0,35.0,35.0,19.0,19.0,0.0,0.0,0.0,0.0,0.0,0.0,0.0,0.0,0.0,
37.143,37.143,37.143,37.143,38.738,38.738,37.608,33.289,30.764,30.1,29.701,29.701,29.701,29.103,29.103,0.0,0.0,0.0,0.0,0.0,0.0,0.0,0.0,0.0,
41.794,41.794,41.794,41.794,43.145,43.145,42.104,37.94,35.681,34.95,34.551,34.551,34.551,33.976,33.976,33.333,33.333,33.333,33.333,33.333,33.333,33.333,33.333,33.333,
191.0,191.0,191.0,191.0,265.0,265.0,243.0,128.0,65.0,47.0,35.0,35.0,35.0,19.0,19.0,0.0,0.0,0.0,0.0,0.0,0.0,0.0,0.0,0.0,
37.143,37.143,37.143,37.143,38.738,38.738,37.608,32.89,29.9,29.037,29.037,29.037,29.037,0.0,0.0,0.0,0.0,0.0,0.0,0.0,0.0,0.0,0.0,0.0,
41.794,41.794,41.794,41.794,43.145,43.145,42.038,37.519,34.773,33.909,33.909,33.909,33.909,33.333,33.333,33.333,33.333,33.333,33.333,33.333,33.333,33.333,33.333,33.333,
191.0,191.0,191.0,191.0,265.0,265.0,234.0,111.0,37.0,16.0,16.0,16.0,16.0,0.0,0.0,0.0,0.0,0.0,0.0,0.0,0.0,0.0,0.0,0.0,
37.143,37.143,37.143,37.143,38.738,38.738,37.608,32.89,29.9,29.037,29.037,29.037,29.037,0.0,0.0,0.0,0.0,0.0,0.0,0.0,0.0,0.0,0.0,0.0,
41.794,41.794,41.794,41.794,43.145,43.145,42.038,37.519,34.773,33.909,33.909,33.909,33.909,33.333,33.333,33.333,33.333,33.333,33.333,33.333,33.333,33.333,33.333,33.333,
191.0,191.0,191.0,191.0,265.0,265.0,234.0,111.0,37.0,16.0,16.0,16.0,16.0,0.0,0.0,0.0,0.0,0.0,0.0,0.0,0.0,0.0,0.0,0.0,
37.143,37.143,37.143,37.143,38.738,38.738,37.608,32.89,29.9,29.037,29.037,29.037,29.037,0.0,0.0,0.0,0.0,0.0,0.0,0.0,0.0,0.0,0.0,0.0,
41.794,41.794,41.794,41.794,43.145,43.145,42.038,37.519,34.773,33.909,33.909,33.909,33.909,33.333,33.333,33.333,33.333,33.333,33.333,33.333,33.333,33.333,33.333,33.333,
191.0,191.0,191.0,191.0,265.0,265.0,234.0,111.0,37.0,16.0,16.0,16.0,16.0,0.0,0.0,0.0,0.0,0.0,0.0,0.0,0.0,0.0,0.0,0.0,
37.143,37.143,37.143,37.143,37.874,37.874,37.276,32.359,29.302,0.0,0.0,0.0,0.0,0.0,0.0,0.0,0.0,0.0,0.0,0.0,0.0,0.0,0.0,0.0,
41.794,41.794,41.794,41.794,42.281,42.281,41.75,36.944,34.197,33.333,33.333,33.333,33.333,33.333,33.333,33.333,33.333,33.333,33.333,33.333,33.333,33.333,33.333,33.333,
191.0,191.0,191.0,191.0,238.0,238.0,226.0,95.0,21.0,0.0,0.0,0.0,0.0,0.0,0.0,0.0,0.0,0.0,0.0,0.0,0.0,0.0,0.0,0.0,
37.143,37.143,37.143,37.143,34.751,34.751,33.754,32.359,29.302,0.0,0.0,0.0,0.0,0.0,0.0,0.0,0.0,0.0,0.0,0.0,0.0,0.0,0.0,0.0,
41.794,41.794,41.794,41.794,39.424,39.424,38.361,36.944,34.197,33.333,33.333,33.333,33.333,33.333,33.333,33.333,33.333,33.333,33.333,33.333,33.333,33.333,33.333,33.333,
191.0,191.0,191.0,191.0,151.0,151.0,127.0,95.0,21.0,0.0,0.0,0.0,0.0,0.0,0.0,0.0,0.0,0.0,0.0,0.0,0.0,0.0,0.0,0.0,
37.143,37.143,37.143,37.143,34.751,34.751,33.754,32.359,29.302,0.0,0.0,0.0,0.0,0.0,0.0,0.0,0.0,0.0,0.0,0.0,0.0,0.0,0.0,0.0,
41.794,41.794,41.794,41.794,39.424,39.424,38.361,36.944,34.197,33.333,33.333,33.333,33.333,33.333,33.333,33.333,33.333,33.333,33.333,33.333,33.333,33.333,33.333,33.333,
191.0,191.0,191.0,191.0,151.0,151.0,127.0,95.0,21.0,0.0,0.0,0.0,0.0,0.0,0.0,0.0,0.0,0.0,0.0,0.0,0.0,0.0,0.0,0.0,
37.143,37.143,37.143,37.143,32.757,32.757,31.429,29.635,28.837,0.0,0.0,0.0,0.0,0.0,0.0,0.0,0.0,0.0,0.0,0.0,0.0,0.0,0.0,0.0,
41.794,41.794,41.794,41.794,37.542,37.542,36.346,34.574,33.776,33.333,33.333,33.333,33.333,33.333,33.333,33.333,33.333,33.333,33.333,33.333,33.333,33.333,33.333,33.333,
191.0,191.0,191.0,191.0,95.0,95.0,68.0,28.0,10.0,0.0,0.0,0.0,0.0,0.0,0.0,0.0,0.0,0.0,0.0,0.0,0.0,0.0,0.0,0.0,
37.143,37.143,37.143,37.143,32.757,32.757,31.429,29.635,28.837,0.0,0.0,0.0,0.0,0.0,0.0,0.0,0.0,0.0,0.0,0.0,0.0,0.0,0.0,0.0,
41.794,41.794,41.794,41.794,37.542,37.542,36.346,34.574,33.776,33.333,33.333,33.333,33.333,33.333,33.333,33.333,33.333,33.333,33.333,33.333,33.333,33.333,33.333,33.333,
191.0,191.0,191.0,191.0,95.0,95.0,68.0,28.0,10.0,0.0,0.0,0.0,0.0,0.0,0.0,0.0,0.0,0.0,0.0,0.0,0.0,0.0,0.0,0.0,
37.143,37.143,37.143,37.143,32.757,32.757,31.429,29.635,28.837,0.0,0.0,0.0,0.0,0.0,0.0,0.0,0.0,0.0,0.0,0.0,0.0,0.0,0.0,0.0,
41.794,41.794,41.794,41.794,37.542,37.542,36.346,34.574,33.776,33.333,33.333,33.333,33.333,33.333,33.333,33.333,33.333,33.333,33.333,33.333,33.333,33.333,33.333,33.333,
191.0,191.0,191.0,191.0,95.0,95.0,68.0,28.0,10.0,0.0,0.0,0.0,0.0,0.0,0.0,0.0,0.0,0.0,0.0,0.0,0.0,0.0,0.0,0.0,
37.143,37.143,37.143,37.143,32.757,32.757,31.429,29.635,28.837,0.0,0.0,0.0,0.0,0.0,0.0,0.0,0.0,0.0,0.0,0.0,0.0,0.0,0.0,0.0,
41.794,41.794,41.794,41.794,37.542,37.542,36.346,34.574,33.776,33.333,33.333,33.333,33.333,33.333,33.333,33.333,33.333,33.333,33.333,33.333,33.333,33.333,33.333,33.333,
191.0,191.0,191.0,191.0,95.0,95.0,68.0,28.0,10.0,0.0,0.0,0.0,0.0,0.0,0.0,0.0,0.0,0.0,0.0,0.0,0.0,0.0,0.0,0.0,
37.143,37.143,37.143,37.143,32.757,32.757,31.429,29.635,28.837,0.0,0.0,0.0,0.0,0.0,0.0,0.0,0.0,0.0,0.0,0.0,0.0,0.0,0.0,0.0,
41.794,41.794,41.794,41.794,37.542,37.542,36.346,34.574,33.776,33.333,33.333,33.333,33.333,33.333,33.333,33.333,33.333,33.333,33.333,33.333,33.333,33.333,33.333,33.333,
191.0,191.0,191.0,191.0,95.0,95.0,68.0,28.0,10.0,0.0,0.0,0.0,0.0,0.0,0.0,0.0,0.0,0.0,0.0,0.0,0.0,0.0,0.0,0.0,
37.143,37.143,37.143,37.143,32.757,32.757,31.429,29.635,28.837,0.0,0.0,0.0,0.0,0.0,0.0,0.0,0.0,0.0,0.0,0.0,0.0,0.0,0.0,0.0,
41.794,41.794,41.794,41.794,37.542,37.542,36.346,34.574,33.776,33.333,33.333,33.333,33.333,33.333,33.333,33.333,33.333,33.333,33.333,33.333,33.333,33.333,33.333,33.333,
191.0,191.0,191.0,191.0,95.0,95.0,68.0,28.0,10.0,0.0,0.0,0.0,0.0,0.0,0.0,0.0,0.0,0.0,0.0,0.0,0.0,0.0,0.0,0.0,
37.143,37.143,37.143,37.143,32.757,32.757,31.429,29.635,28.837,0.0,0.0,0.0,0.0,0.0,0.0,0.0,0.0,0.0,0.0,0.0,0.0,0.0,0.0,0.0,
41.794,41.794,41.794,41.794,37.542,37.542,36.346,34.574,33.776,33.333,33.333,33.333,33.333,33.333,33.333,33.333,33.333,33.333,33.333,33.333,33.333,33.333,33.333,33.333,
191.0,191.0,191.0,191.0,95.0,95.0,68.0,28.0,10.0,0.0,0.0,0.0,0.0,0.0,0.0,0.0,0.0,0.0,0.0,0.0,0.0,0.0,0.0,0.0,
37.143,37.143,37.143,37.143,32.757,32.757,31.429,29.635,28.837,0.0,0.0,0.0,0.0,0.0,0.0,0.0,0.0,0.0,0.0,0.0,0.0,0.0,0.0,0.0,
41.794,41.794,41.794,41.794,37.542,37.542,36.346,34.574,33.776,33.333,33.333,33.333,33.333,33.333,33.333,33.333,33.333,33.333,33.333,33.333,33.333,33.333,33.333,33.333,
191.0,191.0,191.0,191.0,95.0,95.0,68.0,28.0,10.0,0.0,0.0,0.0,0.0,0.0,0.0,0.0,0.0,0.0,0.0,0.0,0.0,0.0,0.0,0.0,
37.143,37.143,37.143,37.143,32.757,32.757,31.429,29.635,28.837,0.0,0.0,0.0,0.0,0.0,0.0,0.0,0.0,0.0,0.0,0.0,0.0,0.0,0.0,0.0,
41.794,41.794,41.794,41.794,37.542,37.542,36.346,34.574,33.776,33.333,33.333,33.333,33.333,33.333,33.333,33.333,33.333,33.333,33.333,33.333,33.333,33.333,33.333,33.333,
191.0,191.0,191.0,191.0,95.0,95.0,68.0,28.0,10.0,0.0,0.0,0.0,0.0,0.0,0.0,0.0,0.0,0.0,0.0,0.0,0.0,0.0,0.0,0.0,

