32.246,31.884,31.884,29.348,29.348,29.71,31.522,30.797,31.884,32.246,31.884,31.884,32.971,31.884,30.797,30.797,30.797,30.797,31.159,30.797,30.797,31.159,29.348,26.449,
32.246,31.884,31.884,29.348,29.348,29.71,31.522,30.797,31.884,32.246,31.884,31.884,32.971,31.884,30.797,30.797,30.797,30.797,31.159,30.797,30.797,31.159,29.348,26.449,
32.246,31.884,31.884,29.348,29.348,29.71,31.522,30.797,30.435,30.797,30.435,31.884,32.971,31.884,30.797,30.797,30.797,30.797,31.159,30.797,30.797,31.159,29.348,26.449,
31.159,31.884,31.884,29.348,29.348,29.71,31.522,30.797,30.435,30.797,30.435,31.884,32.971,32.609,31.522,30.797,30.797,30.797,31.159,30.797,30.797,31.159,29.348,26.449,
31.159,31.884,31.884,29.348,29.348,29.71,31.522,30.797,30.435,31.159,30.797,31.884,32.971,32.609,31.522,30.797,30.797,30.797,31.159,30.797,30.797,31.159,29.348,26.449,
31.159,31.884,31.884,29.348,28.986,28.986,31.159,30.435,30.072,30.797,30.797,32.246,32.971,32.609,31.522,30.797,30.797,30.797,31.159,30.797,30.797,31.159,29.348,26.449,
31.159,32.246,31.884,29.348,28.986,28.986,31.159,30.435,30.072,30.797,30.797,32.246,32.971,32.609,31.522,30.797,30.797,30.797,31.159,30.797,30.797,31.159,29.348,26.449,
31.159,32.246,31.884,29.348,28.986,28.986,31.159,30.435,30.072,30.797,30.797,32.246,32.971,32.609,31.522,30.797,30.797,30.797,31.159,30.797,30.797,31.159,29.348,26.449,
31.159,32.246,31.159,28.623,28.261,28.623,31.159,30.435,30.072,30.797,30.797,32.246,32.971,32.609,31.522,30.797,30.797,30.797,31.159,30.797,30.797,31.159,29.348,26.449,
31.159,32.971,31.884,29.348,28.623,27.899,31.159,30.435,30.072,30.797,30.797,32.246,32.971,32.609,31.522,30.797,30.797,30.797,31.159,30.797,30.797,31.159,29.348,26.449,
30.797,32.246,30.797,29.348,28.261,27.899,31.159,30.435,30.072,30.797,30.797,32.246,32.971,32.609,31.159,30.435,30.435,30.435,31.159,30.797,30.797,31.159,29.348,26.449,
30.797,32.246,30.797,29.348,28.261,27.899,31.159,30.797,30.072,30.797,31.159,32.971,33.333,32.609,30.797,30.072,30.072,30.435,31.159,30.797,30.797,31.159,29.348,26.449,
31.159,31.159,30.072,29.348,28.261,27.899,31.159,30.797,30.435,30.435,31.159,33.333,33.333,32.609,30.797,30.072,30.072,30.435,31.159,30.797,30.797,31.159,29.348,26.449,
30.797,31.522,29.71,29.348,28.623,28.261,31.522,31.159,30.435,31.159,31.884,34.058,33.333,32.609,30.435,29.71,29.71,30.435,31.522,31.159,31.159,31.522,29.71,26.812,
30.797,31.522,29.71,29.348,28.623,28.261,31.522,31.159,30.435,31.159,31.884,34.058,33.333,32.609,30.435,29.71,29.71,30.435,31.522,31.159,31.159,31.522,29.71,26.812,
30.797,31.522,29.71,29.348,28.623,28.261,31.159,31.159,30.435,31.159,31.884,34.058,33.333,31.884,29.71,28.623,28.623,30.435,31.522,31.159,31.159,31.522,29.71,27.536,
30.797,31.522,29.71,29.348,28.623,28.261,31.522,31.159,30.797,31.522,32.246,34.058,33.696,31.884,29.71,28.986,28.623,30.435,31.522,31.159,31.159,31.522,29.71,27.536,
31.522,31.884,30.072,29.71,27.899,28.261,31.522,31.884,31.159,31.522,32.246,34.058,33.696,31.884,30.072,28.986,28.623,30.435,31.522,31.159,31.159,31.522,29.71,27.536,
32.246,31.884,30.072,29.71,28.986,28.623,31.884,32.246,31.522,31.522,32.246,34.058,33.696,31.884,30.072,28.986,28.623,30.435,31.522,31.159,31.159,31.522,29.71,26.449,
32.246,31.884,28.261,27.899,28.986,28.623,31.884,32.246,31.522,31.522,32.246,34.058,33.333,31.522,30.072,28.623,28.986,30.797,31.522,31.159,31.159,31.522,29.71,26.449,
32.246,31.884,28.261,27.899,28.986,28.623,31.522,32.246,31.159,31.159,31.884,34.058,33.333,31.522,29.71,27.899,28.261,30.072,31.159,30.072,30.072,30.072,28.623,26.449,
32.246,31.522,27.899,27.536,28.986,28.623,31.522,32.609,31.159,31.159,31.884,34.42,33.696,31.884,29.71,27.899,28.261,28.986,30.072,30.072,30.072,30.072,28.623,26.449,
32.246,31.522,27.536,27.536,28.261,28.623,31.522,32.971,31.522,31.159,31.884,34.783,34.42,32.609,30.072,27.899,28.261,28.986,30.072,30.072,30.072,30.072,28.623,26.449,
31.884,30.797,27.899,27.536,28.986,29.71,31.884,32.971,31.522,31.159,31.884,34.783,34.42,32.609,30.072,27.899,28.261,28.986,30.072,30.072,30.072,30.072,28.623,26.449,
31.884,30.797,27.899,27.536,29.348,29.71,31.884,32.971,31.884,31.522,32.246,35.507,34.783,32.971,30.435,27.899,28.261,28.986,30.072,30.072,30.072,30.072,28.623,26.449,
31.522,28.986,28.623,27.899,29.348,29.71,30.797,32.971,31.159,30.797,31.159,35.507,33.333,32.971,30.435,27.899,28.261,28.986,30.072,30.072,30.072,30.072,28.623,26.449,
28.623,29.71,30.797,28.986,28.623,28.986,30.797,31.159,31.522,31.159,31.522,34.058,33.333,32.971,30.435,27.899,28.261,28.986,30.072,30.072,30.072,30.072,28.623,26.449,
28.261,29.348,30.797,28.986,29.71,30.797,31.884,31.522,31.522,30.797,31.159,33.696,33.333,32.971,30.435,27.899,28.261,28.986,30.072,30.072,30.072,30.072,29.71,26.812,
29.348,30.435,30.435,29.348,31.159,31.159,32.246,31.884,31.884,31.159,31.522,33.696,33.333,32.971,30.435,28.623,30.072,29.71,30.072,30.072,30.072,30.072,29.71,26.812,
29.71,30.797,28.986,29.348,32.971,32.609,32.609,32.609,32.246,31.159,31.522,33.696,33.333,32.971,30.435,28.986,30.435,30.072,30.072,30.072,30.072,30.072,29.71,26.812,
30.435,30.797,28.986,31.159,32.971,32.971,32.609,32.609,32.246,31.159,31.522,33.696,33.333,33.333,30.797,29.348,30.797,30.072,30.072,30.072,30.072,30.072,29.71,27.536,
30.797,30.797,28.623,31.159,32.971,32.971,32.609,32.609,32.246,30.797,31.159,33.333,33.333,33.333,31.522,30.072,31.522,30.797,30.797,30.797,30.797,30.797,29.71,27.536,
31.159,30.435,28.623,31.159,32.971,32.971,32.609,32.609,31.522,30.072,30.435,31.522,32.246,32.246,31.522,30.072,30.797,30.797,30.797,30.797,30.797,30.797,29.71,28.261,
31.522,30.797,29.348,31.522,32.971,32.609,32.246,32.246,31.884,30.435,30.797,31.159,30.435,30.435,30.797,30.072,30.797,30.797,30.797,30.797,30.797,30.797,29.71,28.261,
32.609,30.797,28.623,31.159,32.609,32.246,31.884,32.246,31.522,30.797,31.159,31.522,30.797,30.797,30.797,30.072,30.797,30.797,30.797,30.797,30.797,30.797,29.71,28.261,
32.246,29.71,28.986,30.797,31.884,32.246,32.609,32.246,31.522,30.797,31.159,31.522,30.797,30.797,30.797,30.072,30.797,30.797,30.797,30.797,30.797,30.797,29.71,28.261,
32.609,30.797,29.71,30.797,31.884,32.246,32.609,32.246,31.522,30.797,31.159,31.522,30.797,30.797,30.797,30.072,30.797,30.797,30.797,30.797,30.797,30.797,29.71,28.261,
30.435,30.072,30.797,30.797,30.797,31.159,31.522,31.159,31.159,30.797,31.159,31.522,31.522,30.797,31.522,30.797,30.797,30.797,30.797,30.797,30.797,30.797,29.71,28.261,
31.159,30.797,30.797,31.522,30.435,30.797,31.159,30.797,31.159,30.797,31.159,31.522,31.522,30.797,31.522,31.884,31.884,31.884,31.884,31.884,31.884,31.884,30.797,29.348,
30.072,30.797,30.797,30.435,30.435,30.797,31.159,31.159,31.159,30.797,31.159,31.522,31.522,30.797,31.522,31.884,31.884,31.884,31.884,31.884,31.884,31.884,30.797,29.348,
30.072,31.522,31.159,31.159,31.159,31.522,31.884,31.884,31.884,31.884,31.884,32.246,32.246,32.246,32.246,32.609,32.609,32.609,32.609,32.609,32.609,32.609,31.522,30.072,
31.159,31.522,31.884,31.884,31.884,32.246,32.609,32.609,32.609,32.609,32.609,32.971,32.971,32.971,32.971,32.609,32.609,32.609,32.609,32.609,32.609,32.609,31.522,30.072,
31.884,32.246,32.609,32.609,32.609,32.609,32.609,32.609,32.609,32.609,32.609,32.971,32.971,32.971,32.971,32.609,32.609,32.609,32.609,32.609,32.609,32.609,31.522,30.072,
31.884,32.609,32.609,32.609,32.609,32.609,32.609,32.609,32.609,32.609,32.609,32.971,32.971,32.971,32.971,32.609,32.609,32.609,32.609,32.609,32.609,32.609,31.522,30.072,
32.246,32.609,32.609,32.609,32.609,32.609,32.609,32.609,32.609,32.609,32.609,32.971,32.971,32.971,32.971,32.609,32.609,32.609,32.609,32.609,32.609,32.609,31.522,30.072,
32.246,32.609,32.609,32.609,32.609,32.609,32.609,32.609,32.609,32.609,32.609,32.971,32.971,32.971,32.971,32.609,32.609,32.609,32.609,32.609,32.609,32.609,31.522,30.072,
32.246,32.609,32.609,32.609,32.609,32.609,32.609,32.609,32.609,32.609,32.609,32.971,32.971,32.971,32.971,32.609,32.609,32.609,32.609,32.609,32.609,32.609,31.522,30.072,
32.246,32.609,32.609,32.609,32.609,32.609,32.609,32.609,32.609,32.609,32.609,32.971,32.971,32.971,32.971,32.609,32.609,32.609,32.609,32.609,32.609,32.609,31.522,30.072,
32.246,32.609,32.609,32.609,32.609,32.609,32.609,32.609,32.609,32.971,32.971,32.971,32.971,32.971,32.971,32.609,32.609,32.609,32.609,32.609,32.609,32.609,31.522,30.072,
32.246,32.609,32.609,32.609,32.609,32.609,32.609,32.609,32.609,32.971,32.971,32.971,32.971,32.971,32.971,32.609,32.609,32.609,32.609,32.609,32.609,32.609,31.522,30.072,

25.248,23.762,23.267,25.743,25.743,27.723,27.228,26.238,24.752,26.733,26.733,26.238,27.228,27.723,25.743,25.743,25.743,24.752,23.762,22.277,21.782,23.762,23.267,24.752,
25.248,23.762,23.267,25.743,25.743,28.218,27.228,26.238,24.752,26.733,26.733,26.238,27.228,27.723,25.743,25.743,25.743,24.752,23.762,22.277,21.782,23.762,23.267,24.752,
25.248,23.762,23.267,26.238,26.238,28.713,27.723,26.238,25.743,26.733,26.733,26.238,27.228,27.723,25.743,25.743,25.743,24.752,23.762,22.277,21.782,23.762,25.248,24.752,
25.248,23.762,23.267,26.238,26.238,28.713,27.723,26.238,25.743,26.733,26.733,26.238,27.228,27.723,25.743,25.743,25.743,24.752,23.762,22.277,22.772,25.248,26.733,27.228,
25.248,23.762,23.267,25.743,25.743,28.218,28.713,26.238,26.238,26.733,26.733,26.238,27.228,27.723,25.743,25.743,25.743,25.743,23.762,22.277,22.772,24.752,26.238,26.733,
24.752,23.267,23.267,25.743,25.743,28.218,28.713,26.238,26.238,26.733,26.733,26.238,27.228,27.723,25.743,25.743,25.743,25.743,23.762,22.277,22.772,24.752,26.238,26.733,
25.248,23.267,24.257,26.733,26.733,28.218,28.713,26.238,26.238,26.733,26.733,26.238,27.228,27.723,25.743,25.743,25.743,25.743,24.257,22.772,22.772,24.752,26.238,26.733,
25.248,23.267,24.257,26.733,26.733,28.218,28.713,26.238,26.238,26.733,26.733,26.238,27.228,27.723,25.743,25.743,26.733,26.733,26.238,24.257,23.267,24.752,26.238,26.733,
25.248,23.267,24.257,26.733,25.743,27.228,27.723,26.733,26.733,25.743,25.743,26.238,27.228,27.723,25.743,25.743,26.733,26.733,26.238,25.743,24.752,26.238,26.238,26.733,
25.743,23.267,24.752,27.228,25.743,27.228,27.723,26.733,27.228,26.238,26.238,27.228,27.723,27.723,25.743,25.743,26.733,26.733,26.238,25.743,25.743,26.238,26.238,26.733,
26.238,24.752,24.752,27.228,25.743,27.228,27.723,26.733,27.228,26.238,26.733,27.228,27.723,27.723,25.743,25.743,26.733,26.733,26.238,25.743,25.743,26.238,26.238,26.733,
26.238,24.752,24.752,27.228,25.743,27.228,27.723,26.733,27.228,26.238,26.733,27.228,27.723,27.723,25.743,25.743,26.733,26.733,26.238,25.743,25.743,26.238,26.238,26.733,
26.238,25.743,24.752,27.228,25.743,27.228,27.723,26.733,27.228,26.238,26.733,27.228,28.218,28.218,26.238,25.743,26.733,27.228,26.733,25.743,25.743,26.238,26.238,26.733,
25.743,25.743,23.762,26.733,25.248,26.733,27.228,24.752,27.228,27.228,27.723,27.723,28.713,28.713,26.238,25.743,26.733,27.228,26.733,25.743,25.743,26.238,26.238,26.733,
24.752,25.248,23.762,26.733,25.248,26.733,27.228,26.238,27.228,27.228,27.723,27.723,28.713,28.713,26.238,25.743,26.733,27.228,26.733,25.743,25.743,26.238,26.238,26.733,
25.248,24.752,23.762,26.733,25.248,27.228,27.723,26.238,27.228,27.228,27.723,28.218,29.208,28.713,26.733,26.238,27.228,27.228,26.733,25.743,25.743,26.238,26.238,26.733,
24.752,24.752,23.762,26.733,25.248,27.228,26.733,26.238,27.228,27.228,27.723,28.218,29.208,28.713,26.733,26.238,27.228,27.228,26.733,25.743,25.743,26.238,26.238,26.733,
24.257,24.257,23.267,26.238,25.248,27.228,26.733,27.228,26.733,26.733,27.228,27.723,28.713,27.723,26.238,25.743,26.733,26.733,26.733,26.238,26.238,26.238,26.238,26.733,
23.762,23.762,23.762,27.228,24.752,26.733,26.238,27.228,26.733,26.733,27.228,27.723,29.208,28.218,26.238,25.743,27.228,27.228,27.228,26.733,26.733,26.733,26.733,26.733,
23.762,23.762,23.762,27.228,24.752,26.238,26.238,27.228,26.733,26.733,27.228,27.723,29.208,28.218,26.238,25.743,26.733,26.733,26.733,26.733,26.733,26.733,26.733,26.733,
23.762,23.762,24.752,27.228,24.752,26.238,26.238,27.228,26.733,27.723,28.713,29.208,29.208,29.208,27.228,26.733,26.733,26.733,26.733,26.733,26.733,26.733,26.733,26.733,
23.762,23.267,24.752,27.228,24.752,26.238,26.238,27.228,26.733,27.723,28.713,29.208,29.208,29.208,27.228,26.733,26.733,26.733,26.733,26.733,26.733,26.733,26.733,26.733,
23.267,23.762,24.257,27.228,26.733,27.723,27.723,28.713,28.218,28.218,29.208,29.208,29.208,29.208,27.228,26.733,26.733,26.733,26.733,26.733,26.733,26.733,26.733,26.733,
23.267,23.762,24.257,27.228,26.733,27.723,27.723,28.713,28.218,28.218,29.208,29.208,29.208,29.208,27.228,26.733,26.733,26.733,26.733,26.733,26.733,26.733,26.733,26.733,
23.267,23.762,24.257,27.723,28.218,28.218,28.713,28.713,28.713,28.713,29.208,29.208,29.208,29.208,27.228,26.733,26.733,26.733,26.733,26.733,26.733,26.733,26.733,26.733,
23.267,23.267,25.743,28.218,27.228,27.228,27.723,28.713,28.713,28.713,29.208,29.208,29.208,29.208,27.228,26.733,26.733,26.733,26.733,26.733,26.733,26.733,26.733,26.733,
22.772,23.762,25.743,28.218,27.228,27.228,27.723,29.208,29.208,29.208,29.703,29.703,29.208,29.208,27.228,26.733,26.733,26.733,26.733,26.733,26.733,26.733,26.733,26.733,
22.772,23.762,25.248,27.228,26.733,27.723,28.218,29.703,29.208,29.208,29.703,29.208,28.713,28.713,27.228,26.733,26.733,26.733,26.733,26.733,26.733,26.733,26.733,26.733,
22.772,24.257,25.743,27.228,26.733,27.228,27.228,29.208,29.208,28.713,29.208,28.713,28.713,28.713,27.228,26.733,26.733,26.733,26.733,26.733,26.733,26.733,26.733,26.733,
22.772,25.248,26.238,27.228,26.733,27.228,27.228,29.208,29.208,28.713,29.208,28.713,28.713,28.713,27.228,26.733,26.733,26.733,26.733,26.733,26.733,26.733,26.733,26.733,
22.772,25.743,26.733,27.228,27.723,28.218,28.218,29.208,29.208,28.713,29.208,28.713,28.713,28.713,27.228,26.733,26.733,26.733,26.733,26.733,26.733,26.733,26.733,26.733,
23.267,28.218,27.228,27.228,28.218,28.713,28.713,29.208,29.208,28.713,29.208,28.713,28.713,28.713,27.228,26.733,26.733,26.733,26.733,26.733,26.733,26.733,26.733,26.733,
23.762,28.713,27.723,27.723,28.218,28.713,28.713,29.208,29.208,28.713,29.208,28.713,28.713,28.713,27.228,26.733,26.733,26.733,26.733,26.733,26.733,26.733,26.733,26.733,
24.257,28.713,27.723,27.723,28.218,28.713,28.713,29.208,29.208,28.713,29.208,28.713,28.713,28.713,27.228,26.733,26.733,26.733,26.733,26.733,26.733,26.733,26.733,26.733,
24.257,27.228,27.228,27.723,28.218,28.713,28.713,29.208,28.713,28.713,29.208,28.713,28.713,28.713,27.228,26.733,26.733,26.733,26.733,26.733,26.733,26.733,26.733,26.733,
25.743,27.228,27.228,27.228,27.228,27.723,27.723,29.208,28.713,28.713,29.208,27.723,27.723,27.723,27.228,26.733,26.733,26.733,26.733,26.733,26.733,26.733,26.733,26.733,
25.743,27.228,27.228,27.228,27.228,27.723,27.723,27.723,27.228,27.228,27.723,27.723,27.723,27.723,27.228,26.733,26.733,26.733,26.733,26.733,26.733,26.733,26.733,26.733,
26.238,27.228,26.238,27.723,27.723,27.723,27.723,27.723,27.228,27.228,27.723,27.723,27.723,27.723,27.228,26.733,26.733,26.733,26.733,26.733,26.733,26.733,26.733,26.733,
26.238,27.228,26.238,27.723,27.723,27.723,27.723,27.723,27.228,27.228,27.723,27.723,27.723,27.723,27.723,27.228,27.228,27.228,27.228,27.228,27.228,27.228,27.228,27.228,
27.723,27.228,26.238,27.723,27.723,27.723,27.723,27.723,27.228,27.228,27.723,27.723,27.723,27.723,27.723,27.228,27.228,27.228,27.228,27.228,27.228,27.228,27.228,27.228,
27.228,26.733,26.238,27.723,27.723,27.723,27.723,27.723,27.228,27.228,27.723,27.723,27.723,27.723,27.723,27.228,27.228,27.228,27.228,27.228,27.228,27.228,27.228,27.228,
27.723,26.733,26.238,28.218,28.218,28.218,28.218,28.218,27.723,27.723,28.218,28.218,28.218,28.218,27.723,27.228,27.228,27.228,27.228,27.228,27.228,27.228,27.228,27.228,
27.723,27.723,27.228,27.228,28.218,28.218,28.218,28.218,27.723,27.723,28.218,28.218,28.218,28.218,27.723,27.228,27.228,27.228,27.228,27.228,27.228,27.228,27.228,27.228,
27.723,27.723,26.733,26.733,27.228,27.228,27.228,27.228,26.733,26.733,27.228,27.228,27.723,27.723,27.723,27.228,27.228,27.228,27.228,27.228,27.228,27.228,27.228,27.228,
27.723,27.723,26.733,26.733,27.228,27.228,27.228,27.228,27.228,27.228,27.228,27.228,27.723,27.723,27.723,27.228,27.228,27.228,27.228,27.228,27.228,27.228,27.228,27.228,
26.733,26.733,26.238,26.238,26.238,26.238,26.238,26.238,26.238,26.238,26.238,26.238,26.733,27.228,27.228,27.228,27.228,27.228,27.228,27.228,27.228,27.228,27.228,27.228,
26.733,26.733,26.238,25.743,26.238,26.238,26.238,26.238,26.238,26.238,26.238,26.238,26.733,27.228,27.228,27.228,27.228,27.228,27.228,27.228,27.228,27.228,27.228,27.228,
26.238,26.238,25.743,26.238,26.733,26.733,26.733,26.733,26.733,26.733,26.733,26.733,26.733,27.228,27.228,27.228,27.228,27.228,27.228,27.228,27.228,27.228,27.228,27.228,
26.238,26.238,26.238,26.238,26.733,26.733,26.733,26.733,26.733,26.733,26.733,26.733,26.733,27.228,27.228,27.228,27.228,27.228,27.228,27.228,27.228,27.228,27.228,27.228,
26.238,26.238,26.238,26.238,26.733,26.733,26.733,26.733,26.733,26.733,26.733,26.733,26.733,27.228,27.228,27.228,27.228,27.228,27.228,27.228,27.228,27.228,27.228,27.228,

34.857,33.714,33.714,33.714,32.0,34.857,40.0,39.429,39.429,37.714,38.857,38.857,39.429,39.429,40.0,40.0,40.0,41.143,41.143,41.143,41.143,41.143,41.143,41.143,
34.857,33.714,33.714,33.714,32.0,34.857,40.0,39.429,39.429,37.714,38.286,38.857,39.429,39.429,40.0,40.0,40.0,41.143,41.143,41.143,41.143,41.143,41.143,41.143,
34.857,33.714,33.714,33.714,32.0,34.857,40.0,39.429,40.0,38.286,38.286,38.857,40.571,40.571,41.143,41.143,41.143,41.143,41.143,41.143,41.143,41.143,41.143,41.143,
34.857,33.714,33.714,33.714,32.0,34.857,40.0,39.429,40.0,38.286,38.286,38.857,40.571,40.571,41.143,41.143,41.143,41.143,41.143,41.143,41.143,41.143,41.143,41.143,
34.857,33.143,34.286,34.286,33.143,34.857,40.0,39.429,40.0,38.286,38.286,38.857,40.571,40.571,41.143,41.143,41.143,41.143,41.143,41.143,41.143,41.143,41.143,41.143,
34.286,34.286,35.429,35.429,34.857,34.857,40.0,38.286,38.857,38.286,38.286,38.286,40.571,40.571,41.143,41.143,41.143,41.143,41.143,41.143,41.143,41.143,41.143,41.143,
34.286,34.286,35.429,35.429,34.857,34.857,40.0,38.286,38.286,37.714,37.714,37.714,40.571,40.571,41.143,41.143,41.143,41.143,41.143,41.143,41.143,41.143,41.143,41.143,
34.286,34.286,35.429,36.571,34.286,34.857,40.0,38.286,38.857,38.857,37.143,38.286,41.143,41.143,41.143,41.143,41.143,41.143,41.143,41.143,41.143,41.143,41.143,41.143,
34.286,34.286,35.429,36.571,35.429,34.857,40.0,38.286,38.857,38.857,38.857,40.0,41.143,41.143,41.143,41.143,41.143,41.143,41.143,41.143,41.143,41.143,41.143,41.143,
34.857,34.286,35.429,36.571,35.429,33.143,38.286,38.286,38.286,38.286,38.857,40.0,41.143,41.143,41.143,41.143,41.143,41.143,41.143,41.143,41.143,41.143,41.143,41.143,
35.429,36.571,37.143,37.143,35.429,33.143,38.286,38.857,38.857,38.857,38.857,40.0,41.143,41.143,41.143,41.143,41.143,41.143,41.143,41.143,41.143,41.143,41.143,41.143,
34.857,36.571,36.571,36.571,35.429,33.143,37.714,39.429,38.857,38.857,38.857,40.0,41.143,41.143,41.143,41.143,41.143,41.143,41.143,41.143,41.143,41.143,41.143,41.143,
35.429,37.143,36.571,36.571,35.429,33.143,37.714,39.429,38.857,38.857,38.857,40.0,41.143,41.143,41.143,41.143,41.143,41.143,41.143,41.143,41.143,41.143,41.143,41.143,
34.857,37.143,36.571,36.571,35.429,33.714,38.286,40.0,39.429,39.429,38.857,40.0,41.143,41.143,41.143,41.143,41.143,41.143,41.143,41.143,41.143,41.143,41.143,41.143,
34.857,37.143,36.571,37.714,36.0,33.714,40.0,40.0,39.429,39.429,38.857,40.0,41.143,41.143,41.143,41.143,41.143,41.143,41.143,41.143,41.143,41.143,41.143,41.143,
34.286,37.714,37.143,37.714,36.571,36.571,38.857,38.857,38.857,38.857,38.286,41.143,41.143,41.143,41.143,41.143,41.143,41.143,41.143,41.143,41.143,41.143,41.143,41.143,
34.857,37.714,37.143,38.857,37.143,37.143,38.286,37.714,38.286,38.286,39.429,41.143,41.143,41.143,41.143,41.143,41.143,41.143,41.143,41.143,41.143,41.143,41.143,41.143,
33.714,37.714,37.143,39.429,37.143,36.571,38.286,38.286,38.857,38.857,39.429,41.143,41.143,41.143,41.143,41.143,41.143,41.143,41.143,41.143,41.143,41.143,41.143,41.143,
34.286,37.714,38.286,38.857,37.714,36.571,38.286,38.857,38.857,38.857,39.429,41.143,41.143,41.143,41.143,41.143,41.143,41.143,41.143,41.143,41.143,41.143,41.143,41.143,
34.286,38.857,38.286,38.286,36.571,36.571,38.286,38.857,39.429,39.429,39.429,41.143,41.143,41.143,41.143,41.143,41.143,41.143,41.143,41.143,41.143,41.143,41.143,41.143,
34.857,38.857,38.286,38.286,36.571,36.571,38.857,39.429,39.429,39.429,39.429,41.143,41.143,41.143,41.143,41.143,41.143,41.143,41.143,41.143,41.143,41.143,41.143,41.143,
34.857,40.0,37.143,37.143,36.571,37.714,38.857,39.429,39.429,39.429,39.429,41.143,41.143,41.143,41.143,41.143,41.143,41.143,41.143,41.143,41.143,41.143,41.143,41.143,
34.857,40.0,37.714,38.286,40.0,37.714,38.857,39.429,39.429,39.429,39.429,41.143,41.143,41.143,41.143,41.143,41.143,41.143,41.143,41.143,41.143,41.143,41.143,41.143,
34.857,39.429,37.143,38.286,40.0,40.571,39.429,39.429,39.429,39.429,39.429,41.143,41.143,41.143,41.143,41.143,41.143,41.143,41.143,41.143,41.143,41.143,41.143,41.143,
36.0,37.714,37.143,37.714,40.0,40.571,39.429,39.429,39.429,39.429,39.429,41.143,41.143,41.143,41.143,41.143,41.143,41.143,41.143,41.143,41.143,41.143,41.143,41.143,
36.0,37.714,37.143,37.714,40.571,41.143,40.0,40.0,40.0,40.0,40.0,41.143,41.143,41.143,41.143,41.143,41.143,41.143,41.143,41.143,41.143,41.143,41.143,41.143,
37.143,37.714,37.143,37.714,40.571,41.143,41.143,41.143,41.143,41.143,41.143,41.143,41.143,41.143,41.143,41.143,41.143,41.143,41.143,41.143,41.143,41.143,41.143,41.143,
37.143,37.714,37.143,37.714,40.571,41.143,41.143,41.143,41.143,41.143,41.143,41.143,41.143,41.143,41.143,41.143,41.143,41.143,41.143,41.143,41.143,41.143,41.143,41.143,
37.143,40.571,37.714,40.0,40.571,41.143,41.143,41.143,41.143,41.143,41.143,41.143,41.143,41.143,41.143,41.143,41.143,41.143,41.143,41.143,41.143,41.143,41.143,41.143,
36.0,40.571,38.286,40.571,40.571,41.143,41.143,41.143,41.143,41.143,41.143,41.143,41.143,41.143,41.143,41.143,41.143,41.143,41.143,41.143,41.143,41.143,41.143,41.143,
38.857,40.571,38.286,40.571,40.571,41.143,41.143,41.143,41.143,41.143,41.143,41.143,41.143,41.143,41.143,41.143,41.143,41.143,41.143,41.143,41.143,41.143,41.143,41.143,
38.857,40.571,40.0,40.571,40.571,41.143,41.143,41.143,41.143,41.143,41.143,41.143,41.143,41.143,41.143,41.143,41.143,41.143,41.143,41.143,41.143,41.143,41.143,41.143,
38.857,40.571,40.571,40.571,40.571,41.143,41.143,41.143,41.143,41.143,41.143,41.143,41.143,41.143,41.143,41.143,41.143,41.143,41.143,41.143,41.143,41.143,41.143,41.143,
38.857,40.571,40.571,40.571,40.571,41.143,41.143,41.143,41.143,41.143,41.143,41.143,41.143,41.143,41.143,41.143,41.143,41.143,41.143,41.143,41.143,41.143,41.143,41.143,
39.429,40.571,40.0,40.571,40.571,41.143,41.143,41.143,41.143,41.143,41.143,41.143,41.143,41.143,41.143,41.143,41.143,41.143,41.143,41.143,41.143,41.143,41.143,41.143,
39.429,40.571,40.571,40.571,40.571,41.143,41.143,41.143,41.143,41.143,41.143,41.143,41.143,41.143,41.143,41.143,41.143,41.143,41.143,41.143,41.143,41.143,41.143,41.143,
39.429,40.571,40.571,40.571,40.571,41.143,41.143,41.143,41.143,41.143,41.143,41.143,41.143,41.143,41.143,41.143,41.143,41.143,41.143,41.143,41.143,41.143,41.143,41.143,
39.429,40.571,40.0,40.571,40.571,41.143,41.143,41.143,41.143,41.143,41.143,41.143,41.143,41.143,41.143,41.143,41.143,41.143,41.143,41.143,41.143,41.143,41.143,41.143,
39.429,40.571,40.0,40.571,40.571,41.143,41.143,41.143,41.143,41.143,41.143,41.143,41.143,41.143,41.143,41.143,41.143,41.143,41.143,41.143,41.143,41.143,41.143,41.143,
40.0,40.571,40.0,40.571,40.571,41.143,41.143,41.143,41.143,41.143,41.143,41.143,41.143,41.143,41.143,41.143,41.143,41.143,41.143,41.143,41.143,41.143,41.143,41.143,
40.0,40.571,40.0,40.571,40.571,41.143,41.143,41.143,41.143,41.143,41.143,41.143,41.143,41.143,41.143,41.143,41.143,41.143,41.143,41.143,41.143,41.143,41.143,41.143,
40.0,40.571,40.0,40.571,40.571,41.143,41.143,41.143,41.143,41.143,41.143,41.143,41.143,41.143,41.143,41.143,41.143,41.143,41.143,41.143,41.143,41.143,41.143,41.143,
40.0,40.571,40.571,40.571,40.571,41.143,41.143,41.143,41.143,41.143,41.143,41.143,41.143,41.143,41.143,41.143,41.143,41.143,41.143,41.143,41.143,41.143,41.143,41.143,
40.571,40.571,40.571,40.571,40.571,41.143,41.143,41.143,41.143,41.143,41.143,41.143,41.143,41.143,41.143,41.143,41.143,41.143,41.143,41.143,41.143,41.143,41.143,41.143,
40.571,40.571,40.571,40.571,40.571,41.143,41.143,41.143,41.143,41.143,41.143,41.143,41.143,41.143,41.143,41.143,41.143,41.143,41.143,41.143,41.143,41.143,41.143,41.143,
40.571,40.571,40.571,40.571,40.571,41.143,41.143,41.143,41.143,41.143,41.143,41.143,41.143,41.143,41.143,41.143,41.143,41.143,41.143,41.143,41.143,41.143,41.143,41.143,
40.571,40.571,40.571,40.571,40.571,41.143,41.143,41.143,41.143,41.143,41.143,41.143,41.143,41.143,41.143,41.143,41.143,41.143,41.143,41.143,41.143,41.143,41.143,41.143,
40.571,40.571,41.143,41.143,41.143,41.143,41.143,41.143,41.143,41.143,41.143,41.143,41.143,41.143,41.143,41.143,41.143,41.143,41.143,41.143,41.143,41.143,41.143,41.143,
40.571,40.571,41.143,41.143,41.143,41.143,41.143,41.143,41.143,41.143,41.143,41.143,41.143,41.143,41.143,41.143,41.143,41.143,41.143,41.143,41.143,41.143,41.143,41.143,
40.571,40.571,41.143,41.143,41.143,41.143,41.143,41.143,41.143,41.143,41.143,41.143,41.143,41.143,41.143,41.143,41.143,41.143,41.143,41.143,41.143,41.143,41.143,41.143,

22.778,26.111,21.111,22.222,23.889,22.778,25.0,25.556,25.556,22.778,23.889,26.111,26.111,30.0,26.111,26.111,26.111,26.111,26.667,26.667,26.667,28.333,28.333,28.333,
22.778,26.111,21.111,22.222,23.889,22.778,25.0,25.556,25.556,22.778,23.889,26.111,26.111,30.0,26.111,26.111,26.111,26.111,26.667,26.667,26.667,28.333,28.333,28.333,
22.778,26.111,21.111,22.222,23.889,22.778,25.0,25.556,25.556,22.778,23.889,26.111,26.111,27.778,26.111,26.111,25.556,25.556,26.111,26.111,26.667,28.333,28.333,28.333,
22.778,26.111,21.111,22.222,23.889,22.778,25.0,25.556,25.556,22.778,23.889,26.111,26.111,27.778,26.111,26.111,25.556,25.556,26.111,26.111,26.667,28.333,28.333,28.333,
22.778,26.111,21.111,22.222,23.889,22.778,25.0,25.556,25.556,22.222,23.333,25.556,25.556,27.778,26.111,26.111,25.556,25.556,26.111,26.111,26.667,28.333,28.333,28.333,
23.333,26.111,21.111,22.222,23.889,22.778,25.0,25.556,25.556,22.222,23.333,25.556,25.556,27.778,26.111,26.111,26.111,26.111,26.667,26.667,26.667,28.333,28.333,28.333,
23.333,26.111,21.111,22.222,23.889,22.778,25.0,25.556,25.556,22.222,23.333,25.0,25.556,27.778,26.111,26.111,26.111,26.111,26.667,26.667,26.667,28.333,28.333,28.333,
23.333,26.111,21.111,22.222,23.889,22.778,25.0,25.556,25.556,22.222,23.333,25.0,25.556,27.778,26.111,26.111,26.111,26.111,26.667,26.667,26.667,28.333,28.333,28.333,
23.333,26.111,21.111,22.222,23.889,22.778,25.0,25.556,25.556,22.222,23.333,25.0,25.556,27.778,26.111,26.111,26.111,26.111,26.667,26.667,26.667,28.333,28.333,28.333,
22.778,25.556,21.111,22.222,23.889,22.778,24.444,25.556,25.556,22.222,23.889,25.556,26.111,27.778,26.111,26.111,26.111,26.111,26.667,26.667,26.667,28.333,28.333,28.333,
22.778,25.556,21.111,22.222,23.889,22.778,24.444,25.556,25.556,22.222,23.889,25.556,26.111,27.778,26.667,26.667,26.667,26.667,26.667,26.667,26.667,28.333,28.333,28.333,
22.222,25.0,21.111,22.222,23.889,22.778,24.444,25.556,25.556,21.667,23.889,25.556,26.667,28.333,27.222,27.222,27.222,27.222,27.222,27.222,27.222,28.889,28.889,28.889,
22.222,25.0,21.111,22.222,23.889,22.778,24.444,25.556,25.556,21.667,23.889,25.556,26.667,28.333,27.222,27.222,27.222,27.222,27.222,27.222,27.222,28.889,28.889,28.889,
22.222,25.0,21.111,22.222,23.889,22.778,24.444,25.0,25.0,21.667,23.889,25.556,26.667,28.333,27.222,27.222,27.222,27.222,27.222,27.222,27.222,28.889,28.889,28.889,
23.333,24.444,22.222,23.333,25.0,22.778,24.444,25.0,25.0,21.667,23.889,25.556,26.667,28.333,27.222,27.222,27.222,27.222,27.222,27.222,27.222,28.889,28.889,28.889,
23.333,24.444,22.222,23.333,25.0,22.778,24.444,25.0,25.0,21.667,23.889,25.556,26.667,28.333,27.222,27.222,27.222,27.222,27.222,27.222,27.222,28.889,28.889,28.889,
23.333,24.444,22.778,23.333,25.0,22.778,24.444,25.0,25.0,21.667,23.889,25.556,26.667,28.333,27.222,27.222,27.222,27.222,27.222,27.222,27.222,28.889,28.889,28.889,
23.333,24.444,22.778,23.333,25.0,22.778,24.444,25.0,25.0,22.222,24.444,26.111,26.667,28.333,27.222,27.222,27.222,27.222,27.222,27.222,27.222,28.889,28.889,28.889,
23.889,24.444,22.778,23.889,25.556,23.333,24.444,25.0,25.0,22.222,24.444,26.111,26.667,28.333,27.222,27.222,27.222,27.222,27.222,27.222,27.222,28.889,28.889,28.889,
23.889,25.0,23.333,23.889,25.556,23.333,24.444,25.0,25.0,22.222,24.444,26.111,26.667,27.222,27.222,27.222,27.222,27.222,27.222,27.222,27.222,28.889,28.889,28.889,
23.889,25.0,23.333,23.889,25.556,23.333,24.444,25.0,25.0,23.333,25.556,27.222,27.778,28.333,28.333,28.333,28.333,28.333,28.333,28.333,28.333,30.0,30.0,30.0,
24.444,25.0,23.333,25.0,26.667,24.444,25.0,25.0,25.0,23.333,25.556,27.222,27.778,28.333,28.333,28.333,28.333,28.333,28.333,28.333,28.333,30.0,30.0,30.0,
24.444,25.0,23.333,25.0,26.667,24.444,25.0,25.0,25.0,23.333,25.556,27.222,27.778,28.333,28.333,28.333,28.333,28.333,28.333,28.333,28.333,30.0,30.0,30.0,
25.0,25.0,23.889,25.0,26.667,24.444,25.0,25.0,24.444,25.556,26.667,28.333,28.889,28.333,28.333,28.333,28.333,28.333,28.333,28.333,28.333,30.0,30.0,30.0,
25.0,25.0,23.889,25.0,26.667,25.556,25.0,25.0,24.444,25.556,26.667,28.333,28.889,28.333,28.333,28.333,28.333,28.333,28.333,28.333,28.333,30.0,30.0,30.0,
25.0,26.111,25.0,24.444,26.667,25.556,25.556,25.556,25.0,26.111,26.667,28.333,28.889,28.333,28.333,28.333,28.333,28.333,28.333,28.333,28.333,30.0,30.0,30.0,
25.0,26.111,25.0,25.0,26.667,25.556,25.556,25.556,25.0,26.111,27.222,28.333,28.889,28.333,28.333,28.333,28.333,28.333,28.333,28.333,28.333,30.0,30.0,30.0,
26.111,26.111,26.111,25.0,26.667,25.556,25.556,25.556,25.0,26.111,27.222,28.333,28.889,28.333,28.333,28.333,28.333,28.333,28.333,28.333,28.333,30.0,30.0,30.0,
26.667,26.111,26.111,26.111,26.667,25.556,25.556,25.556,25.0,26.111,27.222,28.333,28.889,28.333,28.333,28.333,28.333,28.333,28.333,28.333,28.333,30.0,30.0,30.0,
25.0,26.111,27.222,27.222,26.667,25.556,26.111,26.111,25.556,25.556,26.111,27.222,28.889,28.333,28.333,28.333,28.333,28.333,28.333,28.333,28.333,30.0,30.0,30.0,
25.0,26.667,27.222,27.222,26.667,25.556,26.111,26.111,25.556,25.556,26.111,27.222,28.889,28.333,28.333,28.333,28.333,28.333,28.333,28.333,28.333,30.0,30.0,30.0,
25.556,26.667,27.222,26.667,26.111,25.556,26.111,26.111,25.556,25.556,26.111,27.222,28.889,28.333,28.333,27.222,27.222,27.222,27.222,27.222,28.333,30.0,30.0,30.0,
25.0,27.222,27.222,26.667,26.111,25.556,26.111,26.111,25.556,26.667,27.222,28.889,28.889,28.333,28.333,27.222,27.222,27.222,27.222,27.222,28.333,30.0,30.0,30.0,
25.0,27.222,27.222,26.667,26.111,25.556,25.0,25.0,25.556,26.667,27.222,28.889,28.889,28.333,28.333,27.222,27.222,27.222,27.222,27.222,28.333,30.0,30.0,30.0,
27.222,28.333,28.333,27.778,27.222,26.667,25.0,26.111,26.667,26.667,27.222,28.889,28.889,28.333,28.333,27.222,27.222,27.222,27.222,27.222,28.333,30.0,30.0,30.0,
27.222,28.333,28.333,27.222,26.667,26.667,25.0,26.111,26.667,26.667,26.111,27.778,27.778,28.333,28.333,27.222,28.333,28.333,28.333,28.333,29.444,30.0,30.0,30.0,
26.667,27.778,27.778,26.111,26.667,26.667,25.0,26.111,26.667,26.667,26.111,27.778,27.778,28.333,28.333,27.222,28.333,28.333,28.333,28.333,29.444,30.0,30.0,30.0,
26.667,27.778,27.222,26.111,25.556,25.556,25.0,26.111,26.667,26.667,26.111,27.778,27.778,28.333,28.333,27.222,28.333,28.333,28.333,28.333,29.444,30.0,30.0,30.0,
27.222,28.889,28.333,26.111,25.556,25.556,25.0,27.222,27.222,27.778,26.111,28.889,28.889,28.333,28.333,27.222,28.333,28.333,28.333,28.333,29.444,30.0,30.0,30.0,
27.222,28.889,28.333,25.556,25.556,25.556,26.667,27.222,27.222,27.778,26.111,28.333,28.333,28.889,29.444,28.333,28.333,28.333,28.333,28.333,29.444,30.0,30.0,30.0,
27.222,28.889,27.778,25.556,25.556,27.222,27.222,27.222,27.222,27.778,27.778,27.778,27.778,28.889,29.444,28.333,28.333,28.333,28.333,28.333,29.444,30.0,30.0,30.0,
27.222,28.889,26.667,25.556,25.556,27.222,27.222,27.222,27.222,28.333,28.333,28.333,27.778,28.889,29.444,28.333,28.333,28.333,28.333,28.333,29.444,30.0,30.0,30.0,
28.333,28.889,26.667,25.556,26.111,27.778,27.222,27.222,27.222,28.333,28.333,28.333,27.778,28.889,29.444,28.333,28.333,28.333,28.333,28.333,29.444,30.0,30.0,30.0,
28.333,29.444,28.333,25.556,26.111,27.778,27.222,27.222,27.222,28.333,28.333,28.333,27.778,28.889,29.444,28.333,28.333,28.333,28.333,28.333,29.444,30.0,30.0,30.0,
27.778,29.444,28.333,27.222,27.222,27.222,27.222,27.222,27.222,28.333,28.333,28.333,27.778,28.889,29.444,28.333,28.333,28.333,28.333,28.333,29.444,30.0,30.0,30.0,
27.778,29.444,29.444,27.222,25.556,25.556,25.556,25.556,25.556,26.667,26.667,26.667,26.111,27.222,27.778,26.667,26.667,26.667,26.667,26.667,27.778,28.333,28.333,28.333,
27.778,28.333,28.889,26.667,26.667,26.667,26.667,26.667,26.667,26.667,26.667,26.667,26.111,27.222,27.778,26.667,26.667,26.667,26.667,26.667,27.778,28.333,28.333,28.333,
27.778,27.778,28.889,26.667,26.667,26.667,26.667,26.667,26.667,26.667,26.667,26.667,26.111,27.222,27.778,26.667,26.667,26.667,26.667,26.667,27.778,28.333,28.333,28.333,
26.667,26.667,26.667,26.667,26.667,26.667,26.667,26.667,26.667,26.667,26.667,26.667,26.111,26.111,26.667,26.667,26.667,26.667,26.667,26.667,26.667,26.667,26.667,26.667,
26.667,26.667,26.667,26.667,26.667,26.667,26.667,26.667,26.667,26.667,26.667,26.667,26.111,26.111,26.667,26.667,26.667,26.667,26.667,26.667,26.667,26.667,26.667,26.667,

23.864,23.864,28.977,31.818,31.818,32.386,30.114,32.386,34.659,34.091,35.227,29.545,28.977,28.977,28.977,28.409,28.409,28.409,28.409,28.409,28.409,28.409,28.409,28.409,
23.864,23.864,28.977,31.818,31.818,32.386,30.114,32.386,34.659,34.091,35.227,29.545,28.977,28.977,28.977,28.409,28.409,28.409,28.409,28.409,28.409,28.409,28.409,28.409,
23.864,23.864,28.977,31.818,31.818,32.386,30.114,32.386,34.659,34.091,35.227,29.545,28.977,28.977,28.977,28.409,28.409,28.409,28.409,28.409,28.409,28.409,28.409,28.409,
23.864,23.864,28.977,31.818,31.818,32.386,30.114,32.386,34.659,34.091,35.227,29.545,28.977,28.977,28.977,28.409,28.409,28.409,28.409,28.409,28.409,28.409,28.409,28.409,
23.864,23.864,29.545,31.818,31.818,32.386,30.114,32.386,34.659,34.091,35.227,29.545,28.977,28.977,28.977,29.545,29.545,29.545,29.545,29.545,29.545,29.545,29.545,29.545,
23.864,23.864,29.545,31.818,31.818,32.386,30.114,32.386,34.659,33.523,34.091,28.977,28.977,28.977,28.977,29.545,29.545,29.545,29.545,29.545,29.545,29.545,29.545,29.545,
25.0,23.864,29.545,31.818,31.818,32.386,30.114,32.386,34.659,33.523,34.091,28.977,28.977,28.977,28.977,29.545,29.545,29.545,29.545,29.545,29.545,29.545,29.545,29.545,
25.568,24.432,29.545,31.818,31.818,32.386,30.682,32.386,34.659,33.523,34.091,28.977,28.977,28.977,28.977,29.545,29.545,29.545,29.545,29.545,29.545,29.545,29.545,29.545,
26.136,25.0,29.545,31.818,31.818,32.386,30.682,32.386,34.659,33.523,34.091,29.545,28.409,28.977,28.977,29.545,29.545,29.545,29.545,29.545,29.545,29.545,29.545,29.545,
27.273,26.705,28.409,30.682,31.818,32.386,30.682,32.386,34.659,33.523,34.091,29.545,28.409,28.977,28.977,29.545,29.545,29.545,29.545,29.545,29.545,29.545,29.545,29.545,
27.273,26.705,28.409,30.682,31.818,32.386,30.682,32.386,34.659,33.523,34.091,28.409,27.273,27.841,27.841,27.273,27.273,27.273,27.273,27.273,27.273,27.273,27.273,27.273,
27.841,27.841,28.977,30.682,31.818,32.386,30.682,32.386,34.659,33.523,34.091,28.409,27.273,27.841,27.841,27.273,27.273,27.273,27.273,27.273,27.273,27.273,27.273,27.273,
29.545,29.545,28.977,30.682,31.818,32.386,30.682,32.386,34.659,33.523,34.091,28.409,27.273,27.841,27.841,27.273,27.273,27.273,27.273,27.273,27.273,27.273,27.273,27.273,
29.545,30.114,29.545,30.682,31.818,32.386,30.682,32.386,34.659,33.523,32.386,28.409,27.273,27.841,27.841,27.273,27.273,27.273,27.273,27.273,27.273,27.273,27.273,27.273,
29.545,30.682,30.114,30.682,31.818,32.386,30.682,32.386,34.659,33.523,32.386,28.409,27.273,27.841,27.841,27.273,27.273,27.273,27.273,27.273,27.273,27.273,27.273,27.273,
29.545,30.682,30.114,30.682,31.818,32.386,30.682,32.386,34.659,33.523,32.386,28.409,27.273,27.841,27.841,27.273,27.273,27.273,27.273,27.273,27.273,27.273,27.273,27.273,
29.545,30.114,30.114,30.682,31.818,32.386,30.682,32.386,34.659,33.523,32.386,28.409,27.273,27.841,27.841,27.273,27.273,27.273,27.273,27.273,27.273,27.273,27.273,27.273,
29.545,29.545,30.114,30.682,31.818,32.386,30.682,32.386,34.659,33.523,32.386,28.409,26.705,27.273,27.273,27.273,27.273,27.273,27.273,27.273,27.273,27.273,27.273,27.273,
29.545,29.545,30.114,30.682,31.818,32.386,30.682,32.386,34.659,33.523,32.386,29.545,27.841,28.409,28.409,28.409,28.409,28.409,28.409,28.409,28.409,28.409,28.409,28.409,
29.545,29.545,30.114,30.682,31.818,32.386,30.682,32.386,34.659,33.523,32.386,29.545,27.841,28.409,28.409,28.409,28.409,28.409,28.409,28.409,28.409,28.409,28.409,28.409,
30.682,29.545,30.114,30.682,31.818,32.386,30.682,32.386,34.659,33.523,32.386,29.545,28.409,28.409,28.409,28.409,28.409,28.409,28.409,28.409,28.409,28.409,28.409,28.409,
30.682,30.682,30.114,30.682,31.818,32.386,30.682,32.386,34.659,33.523,32.386,28.977,27.841,27.841,27.841,27.841,27.841,27.841,27.841,27.841,27.841,27.841,27.841,27.841,
30.114,30.114,29.545,30.114,31.25,31.818,30.682,32.386,34.659,33.523,32.386,28.977,27.841,27.841,27.841,27.841,27.841,27.841,27.841,27.841,27.841,27.841,27.841,27.841,
30.682,30.682,30.114,30.682,31.818,32.386,32.955,34.659,34.659,33.523,32.955,29.545,27.841,27.841,27.841,27.841,27.841,27.841,27.841,27.841,27.841,27.841,27.841,27.841,
30.682,30.682,30.114,30.682,31.818,32.386,32.955,34.659,34.659,33.523,32.955,30.114,27.273,27.273,27.273,27.273,27.273,27.273,27.273,27.273,27.273,27.273,27.273,27.273,
30.682,30.682,30.114,30.682,31.818,32.386,33.523,35.227,35.227,34.091,33.523,30.114,27.273,27.273,27.273,27.273,27.273,27.273,27.273,27.273,27.273,27.273,27.273,27.273,
30.682,30.682,30.682,31.25,30.114,30.114,31.25,32.955,32.955,32.955,33.523,30.114,27.273,27.273,27.273,27.273,27.273,27.273,27.273,27.273,27.273,27.273,27.273,27.273,
31.818,30.682,30.682,31.25,30.114,30.114,31.25,32.955,32.955,32.955,33.523,30.114,27.273,27.273,27.273,27.273,27.273,27.273,27.273,27.273,27.273,27.273,27.273,27.273,
30.682,30.682,30.682,31.25,30.114,30.114,31.25,32.955,32.955,32.955,33.523,28.977,27.273,27.273,27.273,27.273,27.273,27.273,27.273,27.273,27.273,27.273,27.273,27.273,
30.682,29.545,29.545,30.114,30.114,30.114,29.545,31.25,31.25,31.25,31.818,28.977,27.273,27.273,27.273,27.273,27.273,27.273,27.273,27.273,27.273,27.273,27.273,27.273,
31.818,30.114,30.114,30.114,28.977,28.977,29.545,31.25,31.25,31.25,31.818,28.977,27.273,27.273,27.273,27.273,27.273,27.273,27.273,27.273,27.273,27.273,27.273,27.273,
31.818,30.682,31.25,31.25,30.114,29.545,29.545,31.25,31.25,31.25,31.818,28.977,27.841,27.841,27.841,27.841,27.841,27.841,27.841,27.841,27.841,27.841,27.841,27.841,
31.818,30.682,30.114,30.114,29.545,28.977,28.977,30.114,30.114,30.114,30.682,28.977,27.841,27.841,27.841,27.841,27.841,27.841,27.841,27.841,27.841,27.841,27.841,27.841,
31.25,30.114,27.841,27.841,28.409,27.841,27.841,28.977,28.977,28.977,29.545,28.977,27.841,27.841,27.841,27.841,27.841,27.841,27.841,27.841,27.841,27.841,27.841,27.841,
31.25,28.977,27.841,27.841,28.409,27.841,27.841,28.977,28.977,28.977,29.545,28.977,27.841,27.841,27.841,27.841,27.841,27.841,27.841,27.841,27.841,27.841,27.841,27.841,
30.114,28.977,27.841,27.841,28.409,27.841,27.841,28.977,28.977,28.977,29.545,30.114,28.977,28.977,28.977,28.977,28.977,28.977,28.977,28.977,28.977,28.977,28.977,28.977,
30.114,28.977,27.841,27.841,27.841,28.409,28.409,28.409,28.409,28.409,28.977,29.545,29.545,29.545,29.545,29.545,29.545,29.545,29.545,29.545,29.545,29.545,29.545,29.545,
30.682,29.545,28.409,28.409,28.409,28.409,28.409,28.409,28.409,28.977,30.114,31.25,31.25,31.25,31.25,31.25,31.25,31.25,31.25,31.25,31.25,31.25,31.25,31.25,
30.682,29.545,28.409,28.409,28.409,28.409,28.409,28.409,28.409,28.977,30.114,31.25,31.25,31.25,31.25,31.25,31.25,31.25,31.25,31.25,31.25,31.25,31.25,31.25,
30.682,29.545,28.409,28.409,28.409,28.409,28.409,28.409,28.409,28.977,30.114,31.25,31.25,31.25,31.25,31.25,31.25,31.25,31.25,31.25,31.25,31.25,31.25,31.25,
30.682,29.545,28.409,28.409,28.409,28.409,28.409,28.409,28.409,28.977,30.114,31.25,31.25,31.25,31.25,31.25,31.25,31.25,31.25,31.25,31.25,31.25,31.25,31.25,
30.682,29.545,28.409,28.409,28.409,28.409,28.409,28.409,28.409,28.977,30.114,31.25,31.25,31.25,31.25,31.25,31.25,31.25,31.25,31.25,31.25,31.25,31.25,31.25,
30.682,29.545,28.409,28.409,28.409,28.409,28.409,28.409,28.409,28.977,30.114,31.25,31.25,31.25,31.25,31.25,31.25,31.25,31.25,31.25,31.25,31.25,31.25,31.25,
31.25,30.114,28.977,28.977,28.977,28.977,28.977,28.977,28.977,28.977,30.114,31.25,31.25,31.25,31.25,31.25,31.25,31.25,31.25,31.25,31.25,31.25,31.25,31.25,
31.818,30.114,28.977,28.977,28.977,28.977,28.977,28.977,28.977,28.977,30.114,31.25,31.25,31.25,31.25,31.25,31.25,31.25,31.25,31.25,31.25,31.25,31.25,31.25,
31.818,30.114,28.977,28.977,28.977,28.977,28.977,28.977,28.977,28.977,30.114,31.25,31.25,31.25,31.25,31.25,31.25,31.25,31.25,31.25,31.25,31.25,31.25,31.25,
31.818,29.545,30.114,30.114,30.114,30.114,30.114,30.114,30.114,30.114,30.114,31.25,31.25,31.25,31.25,31.25,31.25,31.25,31.25,31.25,31.25,31.25,31.25,31.25,
31.25,30.682,30.114,30.114,30.114,30.114,30.114,30.114,30.114,30.114,30.114,31.25,31.25,31.25,31.25,31.25,31.25,31.25,31.25,31.25,31.25,31.25,31.25,31.25,
31.25,30.114,30.114,30.114,30.114,30.114,30.114,30.114,30.114,30.114,30.114,31.25,31.25,31.25,31.25,31.25,31.25,31.25,31.25,31.25,31.25,31.25,31.25,31.25,
30.114,30.114,30.114,30.114,30.114,30.114,30.114,30.114,30.114,30.114,30.114,31.25,31.25,31.25,31.25,31.25,31.25,31.25,31.25,31.25,31.25,31.25,31.25,31.25,

34.615,36.538,37.179,35.897,33.333,33.333,34.615,34.615,33.974,33.333,33.974,33.974,33.974,33.974,33.974,31.41,30.128,30.128,30.128,30.128,30.128,30.128,30.769,34.615,
34.615,36.538,37.179,35.897,33.333,33.333,34.615,34.615,33.974,33.333,33.974,33.974,33.974,33.974,33.974,31.41,30.128,30.128,30.128,30.128,30.128,30.128,30.769,34.615,
34.615,36.538,37.179,35.897,33.333,33.333,34.615,34.615,33.974,33.333,33.974,33.974,33.974,33.974,33.974,31.41,30.128,30.128,30.128,30.128,30.128,30.128,30.769,34.615,
34.615,36.538,37.179,35.897,33.333,33.333,34.615,34.615,33.974,33.333,33.974,33.974,33.974,33.974,33.974,31.41,30.128,30.128,30.128,30.128,30.128,30.128,30.769,34.615,
34.615,36.538,37.179,35.897,33.333,33.333,32.692,33.333,32.051,33.333,33.974,33.974,33.974,33.974,33.974,31.41,30.128,30.128,30.128,30.128,30.128,30.128,30.769,34.615,
34.615,36.538,37.179,35.897,33.333,32.051,31.41,33.333,32.051,33.333,33.974,33.974,33.974,33.974,33.974,31.41,30.128,30.128,30.128,30.128,30.128,30.128,30.769,34.615,
34.615,36.538,37.179,35.897,33.333,32.051,31.41,33.333,32.051,33.333,33.974,33.974,33.974,33.974,33.974,31.41,30.128,30.128,30.128,30.128,30.128,30.128,30.769,34.615,
34.615,36.538,37.179,35.897,33.333,32.051,31.41,32.692,32.692,33.974,34.615,34.615,34.615,34.615,34.615,32.051,30.769,30.769,30.769,30.769,30.769,30.769,31.41,35.256,
34.615,36.538,37.179,35.897,33.333,32.692,32.051,32.692,32.692,33.974,34.615,34.615,34.615,34.615,34.615,32.051,30.769,30.769,30.769,30.769,30.769,30.769,31.41,35.256,
34.615,36.538,37.179,35.897,32.692,31.41,32.051,32.692,32.692,35.256,35.897,35.897,35.897,35.897,35.897,33.974,32.692,32.692,32.692,32.692,32.692,32.692,33.333,35.897,
33.974,36.538,36.538,35.256,31.41,30.769,32.051,32.692,32.692,35.256,35.897,35.897,35.897,35.897,35.897,33.974,32.692,32.692,32.692,32.692,32.692,32.692,33.333,35.897,
33.974,34.615,34.615,33.333,29.487,30.769,32.051,32.692,32.692,35.256,35.897,35.897,35.897,35.897,35.897,33.974,32.692,32.692,32.692,32.692,32.692,32.692,33.333,35.897,
34.615,34.615,34.615,32.051,28.846,30.128,30.769,31.41,31.41,33.974,34.615,34.615,35.897,35.897,35.897,33.974,32.692,32.692,32.692,32.692,32.692,32.692,33.333,35.897,
34.615,34.615,33.974,32.051,28.846,29.487,30.769,31.41,31.41,33.974,34.615,34.615,35.897,35.897,35.897,33.974,32.692,32.692,32.692,32.692,32.692,32.692,33.333,35.897,
33.974,33.333,33.974,32.051,28.846,29.487,30.769,31.41,31.41,33.974,34.615,34.615,35.897,35.897,35.897,33.974,32.692,32.692,32.692,32.692,32.692,32.692,33.333,35.897,
33.974,33.333,33.974,32.051,28.846,29.487,31.41,32.051,31.41,33.974,34.615,34.615,35.897,35.897,35.897,33.974,32.692,32.692,32.692,32.692,32.692,32.692,33.333,35.897,
32.051,32.692,33.333,31.41,28.846,29.487,31.41,32.051,31.41,33.974,34.615,34.615,35.897,35.897,35.897,33.974,32.692,32.692,32.692,32.692,32.692,32.692,33.333,35.897,
32.692,32.692,33.333,31.41,28.846,27.564,29.487,30.128,29.487,32.051,32.692,32.692,33.974,33.974,33.974,33.974,32.692,32.692,32.692,32.692,32.692,32.692,33.333,35.897,
32.692,32.692,33.333,31.41,28.205,27.564,29.487,30.128,29.487,32.051,32.692,32.692,33.974,33.974,34.615,34.615,33.974,33.974,33.974,33.974,33.974,33.974,33.974,35.897,
32.051,32.051,32.692,32.051,28.205,27.564,29.487,30.128,29.487,32.051,32.692,32.692,33.974,33.974,34.615,34.615,33.974,33.974,33.974,33.974,33.974,33.974,33.974,35.897,
32.051,32.051,32.692,32.051,28.205,28.205,29.487,30.128,30.128,32.051,32.692,32.692,33.974,33.974,34.615,34.615,33.974,33.974,33.974,33.974,33.974,33.974,33.974,35.897,
31.41,32.051,33.333,32.692,28.846,28.846,30.128,30.128,30.128,32.051,32.692,32.692,33.974,33.974,34.615,34.615,33.974,33.974,33.974,33.974,33.974,33.974,33.974,35.897,
31.41,32.692,33.333,32.692,28.846,28.846,31.41,31.41,31.41,32.051,32.692,32.692,33.974,33.974,34.615,34.615,33.974,33.974,33.974,33.974,33.974,33.974,33.974,35.897,
31.41,32.692,33.333,32.692,28.846,30.128,31.41,31.41,31.41,32.051,32.692,32.692,33.974,33.974,34.615,34.615,33.974,33.974,33.974,33.974,33.974,33.974,33.974,35.897,
31.41,32.692,33.333,32.692,28.846,30.128,31.41,31.41,31.41,32.051,32.692,32.692,33.974,33.974,34.615,34.615,33.974,33.974,33.974,33.974,33.974,33.974,33.974,35.897,
31.41,32.051,32.692,32.051,29.487,30.128,31.41,31.41,31.41,32.051,32.692,32.692,33.974,33.974,34.615,34.615,33.974,33.974,33.974,33.974,33.974,33.974,33.974,35.897,
32.051,31.41,31.41,31.41,29.487,30.128,31.41,31.41,31.41,32.051,32.692,32.692,33.974,33.974,34.615,34.615,33.974,33.974,33.974,33.974,33.974,33.974,33.974,35.897,
32.051,31.41,31.41,31.41,29.487,30.128,31.41,31.41,31.41,32.051,32.692,32.692,33.974,33.974,34.615,34.615,33.974,33.974,33.974,33.974,33.974,33.974,33.974,35.897,
32.051,30.769,30.769,30.769,28.846,30.128,31.41,31.41,31.41,32.051,32.692,32.692,33.974,33.974,34.615,34.615,33.974,33.974,33.974,33.974,33.974,33.974,33.974,35.897,
32.051,30.769,30.769,30.769,28.846,30.128,31.41,31.41,31.41,32.051,32.692,32.692,33.333,33.333,33.974,33.974,33.974,33.974,33.974,33.974,33.974,33.974,33.974,35.897,
32.051,30.769,30.769,30.769,28.846,30.128,31.41,31.41,31.41,32.051,32.692,32.692,33.333,33.333,33.974,33.974,33.974,33.974,33.974,33.974,33.974,33.974,33.974,35.897,
30.769,30.769,30.769,30.769,28.846,30.128,31.41,31.41,31.41,32.051,32.692,32.692,33.333,33.333,33.974,33.974,33.974,33.974,33.974,33.974,33.974,33.974,33.974,35.897,
30.769,30.769,30.769,30.769,28.846,30.128,31.41,31.41,31.41,32.051,32.692,32.692,33.333,33.333,33.974,33.974,33.974,33.974,33.974,33.974,33.974,33.974,33.974,35.897,
29.487,30.128,30.769,30.769,28.846,30.128,31.41,31.41,31.41,32.051,32.692,32.692,33.333,33.333,33.974,33.974,33.974,33.974,33.974,33.974,33.974,33.974,33.974,35.897,
29.487,30.128,30.769,30.769,30.769,30.128,33.333,33.333,33.333,33.974,34.615,34.615,35.256,35.256,35.897,35.897,35.897,35.897,35.897,35.897,35.897,35.897,35.897,35.897,
29.487,30.128,31.41,31.41,31.41,32.692,33.333,33.333,33.333,33.974,34.615,34.615,35.256,35.256,35.897,35.897,35.897,35.897,35.897,35.897,35.897,35.897,35.897,35.897,
29.487,30.128,31.41,31.41,31.41,32.692,33.333,33.333,33.333,33.974,34.615,34.615,35.256,35.256,35.897,35.897,35.897,35.897,35.897,35.897,35.897,35.897,35.897,35.897,
29.487,30.128,31.41,32.051,32.051,33.333,33.333,33.333,33.333,33.974,34.615,34.615,35.256,35.256,35.897,35.897,35.897,35.897,35.897,35.897,35.897,35.897,35.897,35.897,
30.128,29.487,30.128,32.051,32.692,33.974,33.333,33.333,33.333,33.974,34.615,34.615,35.256,35.256,35.897,35.897,35.897,35.897,35.897,35.897,35.897,35.897,35.897,35.897,
30.128,29.487,30.128,32.051,32.692,33.974,33.333,33.333,33.333,33.974,34.615,34.615,35.256,35.256,35.897,35.897,35.897,35.897,35.897,35.897,35.897,35.897,35.897,33.974,
30.128,29.487,30.769,32.692,33.333,34.615,33.974,33.974,33.974,34.615,35.256,35.256,35.897,35.897,35.897,35.897,35.897,35.897,35.897,35.897,35.897,35.897,35.897,33.974,
32.692,31.41,33.333,35.256,34.615,35.897,35.256,35.256,35.256,35.256,35.897,35.897,35.897,35.897,35.897,35.897,35.897,35.897,35.897,35.897,35.897,35.897,35.897,33.974,
33.333,32.692,33.333,35.256,34.615,35.897,35.256,35.256,35.256,35.256,35.897,35.897,35.897,35.897,35.897,35.897,35.897,35.897,35.897,35.897,35.897,35.897,35.897,33.974,
33.974,33.333,33.333,35.256,34.615,35.897,35.256,35.256,35.256,35.256,35.897,35.897,35.897,35.897,35.897,35.897,35.897,35.897,35.897,35.897,35.897,35.897,35.897,33.974,
33.974,33.333,33.333,35.256,34.615,35.897,35.256,35.256,35.256,35.256,35.897,35.897,35.897,35.897,35.897,35.897,35.897,35.897,35.897,35.897,35.897,35.897,35.897,33.974,
33.974,33.333,33.333,35.256,34.615,35.897,35.256,35.256,35.256,35.256,35.897,35.897,35.897,35.897,35.897,35.897,35.897,35.897,35.897,35.897,35.897,35.897,35.897,33.974,
34.615,33.974,33.974,35.897,34.615,35.897,35.256,35.256,35.256,35.256,35.897,35.897,35.897,35.897,35.897,35.897,35.897,35.897,35.897,35.897,35.897,35.897,35.897,34.615,
34.615,34.615,34.615,36.538,35.256,36.538,35.256,35.256,35.256,35.256,35.897,35.897,35.897,35.897,35.897,35.897,35.897,35.897,35.897,35.897,35.897,35.897,35.897,34.615,
34.615,34.615,34.615,36.538,35.256,36.538,35.256,35.256,35.256,35.256,35.897,35.897,35.897,35.897,35.897,35.897,35.897,35.897,35.897,35.897,35.897,35.897,35.897,34.615,
34.615,34.615,34.615,36.538,36.538,36.538,35.256,35.256,35.256,35.256,35.897,35.897,35.897,35.897,35.897,35.897,35.897,35.897,35.897,35.897,35.897,35.897,35.897,34.615,

24.852,23.077,24.852,28.994,27.811,29.586,30.769,33.728,30.178,30.178,30.769,32.544,32.544,32.544,33.136,32.544,31.953,34.32,35.503,33.136,33.728,31.361,29.586,30.769,
24.852,23.077,24.852,28.994,27.811,29.586,30.769,33.728,30.769,30.769,31.361,32.544,32.544,32.544,33.136,32.544,31.953,34.32,35.503,33.136,33.728,31.361,29.586,30.769,
24.852,23.669,25.444,28.994,27.811,29.586,30.769,33.728,30.769,30.769,31.361,32.544,32.544,32.544,33.136,32.544,31.953,34.32,35.503,33.136,33.728,31.361,29.586,30.769,
24.852,23.669,25.444,28.994,27.811,29.586,31.361,33.728,30.769,30.769,31.361,32.544,32.544,32.544,33.136,33.136,31.953,34.32,35.503,33.136,33.728,31.953,30.178,31.361,
24.852,23.669,25.444,28.994,27.811,29.586,31.361,33.728,30.769,30.769,31.361,32.544,32.544,32.544,33.136,33.136,31.953,34.32,35.503,33.136,33.728,31.953,30.178,31.361,
25.444,23.669,25.444,28.994,27.811,29.586,31.361,33.728,30.769,30.769,31.361,32.544,32.544,32.544,33.136,33.136,31.953,34.32,35.503,33.136,33.728,31.953,30.178,31.361,
25.444,24.852,27.219,30.769,29.586,30.769,31.361,33.728,30.769,30.769,31.361,32.544,32.544,32.544,33.136,33.136,31.953,34.32,35.503,33.136,33.728,31.953,30.178,31.361,
26.627,24.852,27.219,30.769,30.769,31.953,32.544,33.728,30.769,30.769,31.361,32.544,32.544,32.544,33.136,33.136,31.953,34.32,35.503,33.136,33.728,31.953,30.178,31.361,
26.627,26.036,27.219,30.769,30.769,32.544,33.136,33.728,30.769,30.769,31.361,32.544,32.544,32.544,33.136,33.136,31.953,34.32,35.503,33.136,33.728,31.953,30.178,31.361,
26.036,26.036,26.627,31.361,29.586,32.544,33.136,33.728,30.769,30.769,31.361,32.544,32.544,32.544,33.136,33.136,31.953,34.32,35.503,33.136,33.728,31.953,30.178,31.361,
26.036,25.444,26.036,30.769,28.994,32.544,33.136,33.728,31.953,30.769,31.361,32.544,32.544,32.544,33.136,33.136,31.953,34.32,35.503,33.136,33.728,31.953,30.178,31.361,
26.036,25.444,26.036,30.769,30.769,33.136,33.728,34.32,32.544,31.361,31.953,33.136,33.136,33.136,33.136,33.136,32.544,34.32,35.503,33.136,33.728,31.953,30.178,31.361,
26.627,25.444,28.994,31.361,31.361,33.136,33.728,34.32,32.544,31.361,31.953,33.136,33.136,33.136,33.136,33.136,32.544,34.32,35.503,33.136,33.728,31.953,30.178,31.361,
28.402,26.036,28.994,31.361,32.544,34.32,34.911,34.32,32.544,31.361,31.953,33.136,33.136,33.136,33.136,33.136,32.544,34.32,35.503,33.136,33.728,31.953,30.178,31.361,
28.402,26.036,28.994,33.136,31.953,34.32,34.911,34.32,32.544,31.361,31.953,33.136,33.136,33.136,33.136,33.136,32.544,34.32,35.503,33.136,33.728,31.953,30.178,31.361,
28.402,27.219,30.178,33.136,31.953,34.32,34.911,34.32,32.544,31.361,31.953,33.136,33.136,33.136,33.136,33.136,32.544,34.32,35.503,33.136,33.728,31.953,30.178,31.361,
28.994,27.811,30.178,33.136,31.953,34.32,34.911,34.32,32.544,31.361,31.953,33.136,33.136,33.136,33.136,33.136,32.544,34.32,35.503,33.136,33.728,31.953,30.178,31.361,
30.178,27.811,30.178,33.136,31.953,34.32,34.911,34.32,32.544,31.361,31.953,33.136,33.136,33.136,33.136,33.136,32.544,34.32,35.503,33.136,33.728,31.953,30.178,31.361,
30.178,30.178,30.178,33.136,31.953,34.32,34.911,34.32,32.544,31.361,31.953,33.136,33.136,33.136,33.136,33.136,32.544,34.32,35.503,33.136,33.728,31.953,30.178,31.361,
30.178,30.178,31.361,33.728,32.544,34.32,34.32,33.728,32.544,31.361,31.953,33.136,33.136,33.136,33.136,33.136,32.544,34.32,35.503,33.136,33.728,31.953,30.178,31.361,
31.953,30.178,31.361,33.728,32.544,33.136,33.728,34.32,33.136,32.544,33.136,34.32,34.32,34.32,34.32,34.32,33.728,34.32,35.503,33.136,33.728,31.953,30.178,31.361,
31.953,30.178,31.953,34.32,32.544,33.136,33.728,34.32,33.136,32.544,33.136,34.32,34.32,34.32,34.32,34.32,33.728,34.32,35.503,33.136,33.728,31.953,30.178,31.361,
31.953,30.178,31.361,34.32,32.544,33.136,33.728,34.32,33.136,32.544,33.136,34.32,34.32,34.32,34.32,34.32,33.728,34.32,35.503,33.136,33.728,31.953,30.178,31.361,
31.953,30.178,33.728,34.32,32.544,33.136,33.728,34.32,33.136,32.544,33.136,34.32,34.32,34.32,34.32,34.32,33.728,34.32,35.503,34.32,33.728,31.953,30.178,31.361,
31.361,29.586,33.728,34.32,32.544,33.136,33.728,34.32,33.136,32.544,33.136,34.32,34.32,34.32,34.32,34.32,33.728,34.32,35.503,34.32,33.728,31.953,30.178,31.361,
31.361,29.586,33.728,34.32,32.544,33.136,33.728,34.32,33.136,33.136,33.728,34.32,34.32,34.32,34.32,34.32,33.728,34.32,35.503,34.32,33.728,31.953,30.178,31.361,
31.953,29.586,33.728,34.32,33.136,33.136,33.728,34.32,33.136,33.136,33.728,34.32,34.32,34.32,34.32,34.32,33.728,34.32,35.503,34.32,33.728,31.953,30.178,31.361,
31.953,29.586,33.728,34.32,33.136,33.136,33.728,34.32,33.136,33.136,33.728,34.32,34.32,34.32,34.32,34.32,33.728,34.32,35.503,34.32,33.728,31.953,30.178,31.361,
31.953,29.586,33.728,34.32,33.136,33.136,33.728,34.32,33.728,33.728,33.728,34.32,34.32,34.32,34.32,34.32,33.728,34.32,35.503,34.32,33.728,31.953,30.178,31.361,
31.953,29.586,33.728,34.32,33.136,33.136,33.728,34.32,33.728,33.728,33.728,34.32,34.32,34.32,34.32,34.32,33.728,34.32,35.503,34.32,33.728,31.953,30.178,31.361,
31.953,30.178,33.728,34.32,33.136,33.136,33.728,34.32,33.728,33.728,33.728,34.32,34.32,34.32,34.32,34.32,33.728,34.32,35.503,34.32,33.728,31.953,30.178,31.361,
31.361,30.178,33.728,34.32,33.728,33.728,34.32,34.32,33.136,33.136,33.136,33.728,33.728,33.728,33.728,33.728,33.728,34.32,35.503,34.32,33.728,31.953,30.178,31.361,
31.361,30.178,33.728,34.32,33.728,33.728,34.32,34.32,33.136,33.136,33.136,33.728,33.728,33.728,33.728,33.728,33.728,34.32,35.503,34.32,33.728,31.953,30.178,31.361,
31.361,30.178,33.728,34.32,33.728,33.728,34.32,34.32,33.136,33.136,33.136,34.32,34.32,34.32,34.32,34.32,34.32,34.911,35.503,34.32,33.728,31.953,30.178,31.361,
30.769,30.178,33.728,34.32,33.728,33.728,34.32,34.32,34.32,34.32,34.32,34.32,34.32,34.32,34.32,34.32,34.32,34.911,35.503,34.32,33.728,31.953,30.178,31.361,
29.586,30.178,32.544,34.32,33.728,33.728,34.32,34.32,34.32,34.32,34.32,34.32,34.32,34.32,34.32,34.32,34.32,34.911,35.503,34.32,33.728,31.953,30.178,31.361,
29.586,30.178,32.544,34.911,33.728,33.728,34.32,34.32,34.32,34.32,34.32,34.32,34.32,34.32,34.32,34.32,33.136,33.728,33.136,33.136,32.544,30.769,30.178,31.361,
29.586,31.361,33.136,35.503,34.32,33.728,34.32,34.32,34.32,34.32,34.32,34.32,34.32,34.32,34.32,34.32,33.136,33.728,33.136,33.136,32.544,30.769,30.178,31.361,
29.586,31.361,33.136,35.503,34.911,34.32,34.911,34.911,34.911,34.911,34.911,34.911,34.911,34.911,34.911,34.911,33.728,34.32,33.728,33.136,32.544,30.769,30.178,31.361,
29.586,31.361,33.136,35.503,34.911,34.32,34.911,34.911,35.503,35.503,35.503,35.503,35.503,35.503,35.503,35.503,34.32,34.32,33.728,33.136,32.544,30.769,30.178,31.361,
29.586,31.361,33.136,35.503,35.503,34.911,35.503,35.503,35.503,35.503,35.503,35.503,35.503,35.503,35.503,35.503,34.32,34.32,33.136,32.544,31.953,30.769,30.178,31.361,
30.178,31.953,33.136,35.503,35.503,35.503,36.095,36.095,36.095,36.095,36.095,36.095,36.095,36.095,36.095,36.095,34.911,33.728,31.953,30.769,30.178,30.178,30.178,31.361,
30.769,32.544,33.728,36.095,36.686,36.686,37.278,36.095,35.503,35.503,35.503,35.503,35.503,35.503,35.503,35.503,34.32,33.136,31.361,30.178,30.178,30.178,30.178,31.361,
30.769,32.544,32.544,36.095,34.32,34.32,34.911,34.32,30.769,30.769,30.769,31.361,31.361,31.361,31.361,31.361,30.178,28.994,28.994,30.178,30.178,30.178,30.178,31.361,
30.769,32.544,33.136,33.728,34.32,34.32,32.544,31.953,30.178,30.178,30.178,30.769,30.769,30.769,30.769,30.769,30.178,28.994,28.994,30.178,30.178,30.178,30.178,31.361,
31.953,30.769,33.136,33.728,34.32,34.32,32.544,31.953,29.586,29.586,29.586,29.586,29.586,29.586,29.586,29.586,29.586,28.402,28.402,30.769,30.769,30.769,30.769,31.361,
31.953,30.769,33.136,28.402,28.994,28.994,28.994,27.219,26.036,26.036,26.036,26.036,26.036,26.036,26.036,26.036,26.036,26.627,28.402,31.361,31.361,31.361,31.361,31.361,
30.769,30.769,27.811,27.811,27.811,27.811,27.811,27.219,26.036,26.036,26.036,26.036,26.036,26.036,26.036,26.036,26.036,26.627,28.402,31.361,31.361,31.361,31.361,31.361,
25.444,25.444,26.036,26.036,26.036,26.036,26.036,26.036,26.036,26.036,26.036,26.036,26.036,26.036,26.036,26.036,26.036,26.627,28.402,30.178,30.178,30.178,30.178,30.178,
26.036,26.036,26.036,26.036,26.036,26.036,26.036,26.036,25.444,25.444,25.444,25.444,25.444,25.444,25.444,25.444,25.444,26.036,28.402,30.178,30.178,30.178,30.178,30.178,

38.788,41.212,42.424,42.424,42.424,44.848,44.848,44.848,44.848,44.848,44.848,45.455,45.455,46.061,46.061,46.061,46.061,46.061,44.242,43.636,44.848,45.455,44.242,44.242,
38.788,41.212,42.424,42.424,42.424,44.848,44.848,44.848,44.848,44.848,44.848,45.455,45.455,46.061,46.061,46.061,46.061,46.061,44.242,43.636,44.848,45.455,44.242,44.242,
38.788,41.212,42.424,42.424,42.424,44.848,45.455,45.455,45.455,45.455,45.455,45.455,45.455,46.061,46.061,46.061,46.061,46.061,44.242,43.636,44.848,45.455,44.242,44.242,
38.788,41.212,43.03,43.636,43.636,45.455,45.455,45.455,45.455,45.455,45.455,46.061,46.061,46.667,46.667,46.667,46.667,46.667,44.848,44.242,44.848,45.455,44.242,44.242,
39.394,41.212,43.636,43.636,43.636,45.455,45.455,45.455,45.455,45.455,45.455,46.061,46.061,46.667,46.667,46.667,46.667,46.667,44.848,44.242,44.848,45.455,44.242,44.242,
40.0,41.212,43.636,43.636,43.636,45.455,45.455,45.455,45.455,45.455,45.455,46.061,46.061,46.667,46.667,46.667,46.667,46.667,44.848,44.242,44.848,45.455,44.242,44.242,
40.606,41.212,43.636,43.636,43.636,45.455,45.455,45.455,45.455,45.455,45.455,46.061,46.061,46.667,46.667,46.667,46.667,46.667,44.848,44.242,44.848,45.455,44.242,44.242,
41.212,43.03,44.242,43.636,43.636,45.455,45.455,45.455,45.455,45.455,45.455,46.061,46.061,46.667,46.667,46.667,46.667,46.667,44.848,44.242,44.848,45.455,44.242,44.242,
41.212,43.03,44.242,43.636,43.636,45.455,45.455,45.455,45.455,45.455,45.455,46.061,46.061,46.667,46.667,46.667,46.667,46.667,44.848,44.242,44.848,45.455,44.242,44.242,
42.424,43.03,44.242,43.636,43.636,45.455,45.455,45.455,46.061,46.061,46.061,46.667,46.667,47.273,47.273,47.273,47.273,47.273,45.455,44.848,45.455,45.455,44.242,44.242,
41.212,43.03,44.242,43.636,43.636,45.455,45.455,45.455,46.061,46.061,46.061,46.667,46.667,47.273,47.273,47.273,47.273,47.273,45.455,44.848,45.455,45.455,44.242,44.242,
41.212,43.03,44.242,43.636,44.242,46.061,46.061,46.061,46.061,46.061,46.061,46.667,46.667,47.273,47.273,47.273,47.273,47.273,45.455,44.848,45.455,45.455,44.242,44.242,
42.424,44.242,45.455,43.636,44.242,46.061,46.061,46.061,46.061,46.061,46.061,46.667,46.667,47.273,47.273,47.273,47.273,47.273,45.455,44.848,45.455,45.455,44.242,44.242,
42.424,44.242,45.455,43.636,44.242,46.061,46.061,46.061,46.061,46.061,46.061,46.667,46.667,47.273,47.273,47.273,47.273,47.273,45.455,44.848,45.455,45.455,44.242,44.242,
42.424,44.242,45.455,43.636,44.242,46.061,46.061,46.061,46.061,46.061,46.061,46.667,46.667,47.273,47.273,47.273,47.273,47.273,45.455,44.848,45.455,45.455,44.242,44.242,
42.424,44.242,45.455,43.636,44.242,46.061,46.061,46.061,46.061,46.061,46.061,46.667,46.667,47.273,47.273,47.273,47.273,47.273,45.455,44.848,45.455,45.455,44.242,44.242,
43.03,44.848,45.455,45.455,45.455,46.061,46.061,46.061,46.061,46.061,46.061,46.667,46.667,47.273,47.273,47.273,47.273,47.273,45.455,44.848,45.455,45.455,44.242,44.242,
43.03,46.061,46.667,46.061,46.061,46.667,46.667,46.667,46.667,46.667,46.667,46.667,46.667,47.273,47.273,47.273,47.273,47.273,45.455,44.848,45.455,45.455,44.242,44.242,
43.03,47.273,46.667,46.061,46.061,46.667,46.667,46.667,46.667,46.667,46.667,46.667,46.667,47.273,47.273,47.273,47.273,47.273,45.455,44.848,45.455,45.455,44.242,44.242,
44.242,47.273,46.667,46.061,46.061,46.667,46.667,46.667,46.667,46.667,46.667,46.667,46.667,47.273,47.273,47.273,47.273,47.273,45.455,44.848,45.455,45.455,44.242,44.242,
44.848,47.273,46.667,46.061,46.061,46.667,46.061,46.061,46.061,46.061,46.061,46.061,46.061,46.667,46.667,46.667,46.667,46.667,44.848,44.242,44.848,44.848,44.242,44.242,
46.061,47.273,46.667,46.061,46.061,46.667,46.061,46.061,46.061,46.061,46.061,44.848,44.848,45.455,45.455,45.455,45.455,45.455,44.848,44.242,44.848,44.848,44.242,44.242,
46.667,47.273,46.667,46.061,46.061,46.667,46.061,46.061,46.061,46.061,46.061,44.848,44.848,45.455,45.455,45.455,45.455,45.455,44.848,44.242,44.848,44.848,44.242,44.242,
47.273,47.273,46.667,46.061,46.061,46.667,46.061,46.061,46.061,46.061,46.061,44.848,44.848,45.455,45.455,45.455,45.455,45.455,44.848,44.242,44.848,44.848,44.242,44.242,
47.273,47.273,46.667,46.061,46.061,46.667,46.061,46.061,46.061,46.061,46.061,44.848,44.848,45.455,45.455,45.455,45.455,45.455,44.848,44.242,44.848,44.848,44.242,44.242,
47.273,47.273,46.667,46.061,46.061,46.667,46.061,46.061,46.061,46.061,46.061,44.848,44.848,45.455,45.455,45.455,45.455,45.455,44.848,44.242,44.848,44.848,44.242,44.242,
47.273,47.273,46.667,46.061,46.061,46.061,46.061,46.061,46.061,46.061,46.061,44.242,44.242,44.848,44.848,44.848,44.848,44.848,44.242,43.636,44.848,44.848,44.242,44.242,
47.273,47.273,46.667,46.061,46.061,46.061,46.061,46.061,46.061,46.061,46.061,44.242,43.03,43.03,43.03,43.03,43.03,43.03,43.03,43.03,44.242,44.242,44.242,44.242,
47.273,47.273,46.667,46.061,46.061,46.061,46.061,46.061,46.061,46.061,46.061,44.242,43.03,43.03,43.03,43.03,43.03,43.03,43.03,43.03,44.242,44.242,44.242,44.242,
47.273,47.273,46.667,46.061,46.061,46.061,46.061,46.061,46.061,46.061,46.061,44.242,43.03,43.03,43.03,43.03,43.03,43.03,43.03,43.03,44.242,44.242,44.242,44.242,
47.273,47.273,46.667,46.061,46.061,46.061,46.061,46.061,46.061,46.061,46.061,44.242,43.03,43.03,43.03,43.03,43.03,43.03,43.03,43.03,44.242,44.242,44.242,44.242,
47.273,47.273,46.667,46.061,46.061,46.061,46.061,46.061,46.061,46.061,46.061,44.242,43.03,43.03,43.03,43.03,43.03,43.03,43.03,43.03,44.242,44.242,44.242,44.242,
47.273,47.273,46.667,46.061,46.061,46.061,46.061,46.061,46.061,46.061,46.061,44.242,43.03,43.03,43.03,43.03,43.03,43.03,43.03,43.03,44.242,44.242,44.242,44.242,
47.273,47.273,47.273,46.061,46.061,46.061,46.061,46.061,46.061,46.061,46.061,44.242,43.03,43.03,43.03,43.03,43.03,43.03,43.03,43.03,44.242,44.242,44.242,44.242,
47.273,47.273,47.273,46.061,46.061,46.061,46.061,46.061,46.061,46.061,46.061,44.242,43.03,43.03,43.03,43.03,43.03,43.03,43.03,43.03,44.242,44.242,44.242,44.242,
47.273,47.273,47.273,46.061,46.061,46.061,46.061,46.061,46.061,46.061,46.061,44.242,43.03,43.03,43.03,43.03,43.03,43.03,43.03,43.03,44.242,44.242,44.242,44.242,
47.273,47.273,47.273,46.061,46.061,46.061,46.061,46.061,46.061,46.061,46.061,44.242,43.03,43.03,43.03,43.03,43.03,43.03,43.03,43.03,44.242,44.242,44.242,44.242,
47.273,47.273,47.273,46.061,46.061,46.061,46.061,46.061,46.061,46.061,46.061,44.242,43.03,43.03,43.03,43.03,43.03,43.03,43.03,43.03,44.242,44.242,44.242,44.242,
47.273,47.273,47.273,46.061,46.061,46.061,46.061,46.061,46.061,46.061,46.061,44.242,43.03,43.03,43.03,43.03,43.03,43.03,43.03,43.03,44.242,44.242,44.242,44.242,
47.273,47.273,47.273,46.061,46.061,46.061,46.061,46.061,46.061,46.061,46.061,44.242,43.03,43.03,43.03,43.03,43.03,43.03,43.03,43.03,44.242,44.242,44.242,44.242,
47.273,47.273,47.273,46.061,46.061,46.061,46.061,46.061,46.061,46.061,46.061,45.455,44.242,44.242,44.242,44.242,44.242,44.242,44.242,44.242,44.242,44.242,44.242,44.242,
47.273,47.273,47.273,46.061,46.061,46.061,46.061,46.061,46.061,46.061,46.061,45.455,44.242,44.242,44.242,44.242,44.242,44.242,44.242,44.242,44.242,44.242,44.242,44.242,
47.273,47.273,47.273,46.061,46.061,46.061,46.061,46.061,46.061,46.061,46.061,45.455,44.242,44.242,44.242,44.242,44.242,44.242,44.242,44.242,44.242,44.242,44.242,44.242,
47.273,47.273,47.273,46.061,46.061,46.061,46.061,46.061,46.061,46.061,46.061,45.455,44.242,44.242,44.242,44.242,44.242,44.242,44.242,44.242,44.242,44.242,44.242,44.242,
47.273,47.273,47.273,46.061,46.061,46.061,46.061,46.061,46.061,46.061,46.061,45.455,44.242,44.242,44.242,44.242,44.242,44.242,44.242,44.242,44.242,44.242,44.242,44.242,
46.061,46.061,46.061,46.061,46.061,46.061,46.061,46.061,46.061,46.061,46.061,45.455,44.242,44.242,44.242,44.242,44.242,44.242,44.242,44.242,44.242,44.242,44.242,44.242,
46.061,46.061,46.061,46.061,46.061,46.061,46.061,46.061,46.061,46.061,46.061,45.455,44.242,44.242,44.242,44.242,44.242,44.242,44.242,44.242,44.242,44.242,44.242,44.242,
46.061,46.061,46.061,46.061,46.061,46.061,46.061,46.061,46.061,46.061,46.061,45.455,44.242,44.242,44.242,44.242,44.242,44.242,44.242,44.242,44.242,44.242,44.242,44.242,
46.061,46.061,46.061,46.061,46.061,46.061,46.061,46.061,46.061,46.061,46.061,45.455,44.242,44.242,44.242,44.242,44.242,44.242,44.242,44.242,44.242,44.242,44.242,44.242,
46.061,46.061,46.061,46.061,46.061,46.061,46.061,46.061,46.061,46.061,46.061,45.455,44.242,44.242,44.242,44.242,44.242,44.242,44.242,44.242,44.242,44.242,44.242,44.242,

28.571,29.193,29.193,29.814,31.056,31.056,30.435,31.056,32.298,31.677,33.54,33.54,33.54,32.298,32.919,34.161,32.919,35.404,33.54,34.783,36.025,36.025,36.025,36.025,
28.571,29.193,29.193,29.814,31.056,31.056,30.435,31.056,32.298,31.677,33.54,33.54,33.54,32.298,32.919,34.161,32.919,35.404,33.54,34.783,36.025,36.025,36.025,36.025,
28.571,29.193,29.193,29.814,31.056,31.056,30.435,31.056,32.298,31.677,33.54,33.54,33.54,32.298,32.919,34.161,32.919,35.404,33.54,34.783,36.025,36.025,36.025,36.025,
28.571,29.193,29.193,29.814,31.056,31.056,30.435,31.056,32.298,31.677,33.54,33.54,33.54,33.54,34.161,35.404,34.161,36.646,34.783,36.025,36.025,36.025,36.025,36.025,
28.571,29.193,29.193,29.814,31.056,31.056,30.435,31.056,32.298,31.677,33.54,33.54,33.54,33.54,34.161,35.404,34.161,36.646,34.783,36.025,36.025,36.025,36.025,36.025,
28.571,29.193,29.193,29.814,31.056,31.056,30.435,31.056,32.298,31.677,33.54,33.54,33.54,33.54,34.161,35.404,34.161,36.646,34.783,36.025,36.025,36.025,36.025,36.025,
28.571,29.193,29.193,29.814,31.056,32.298,32.298,32.919,34.161,33.54,35.404,35.404,35.404,35.404,36.025,36.025,34.783,36.646,36.646,37.888,37.888,37.888,37.888,37.888,
28.571,29.193,29.193,29.814,31.056,32.919,32.919,33.54,34.161,33.54,35.404,36.025,36.025,36.025,36.025,36.025,34.783,36.646,36.646,37.888,37.888,37.888,37.888,37.888,
28.571,29.193,28.571,28.571,29.814,32.298,32.919,33.54,34.161,33.54,35.404,36.025,36.025,36.025,36.025,36.025,34.783,36.646,36.646,37.888,37.888,37.888,37.888,37.888,
28.571,29.814,28.571,28.571,29.814,32.298,32.919,33.54,34.161,33.54,35.404,36.025,36.025,36.025,36.025,36.025,34.783,36.646,36.646,37.888,37.888,37.888,37.888,37.888,
28.571,29.814,28.571,28.571,29.814,32.298,33.54,33.54,34.161,33.54,35.404,36.025,36.025,36.025,36.025,36.025,34.783,36.646,36.646,37.888,37.888,37.888,37.888,37.888,
28.571,29.193,29.814,29.193,29.814,32.298,33.54,33.54,34.161,33.54,35.404,36.025,36.025,36.025,36.025,36.025,34.783,36.646,36.646,37.888,37.888,37.888,37.888,37.888,
27.95,28.571,31.677,31.056,31.056,33.54,34.783,35.404,36.025,35.404,35.404,36.025,36.025,36.025,36.025,36.025,34.783,36.646,36.646,37.888,37.888,37.888,37.888,37.888,
28.571,29.193,32.298,32.298,32.298,33.54,34.783,35.404,36.025,35.404,35.404,36.025,36.025,36.025,36.025,36.025,34.783,36.646,36.646,37.888,37.888,37.888,37.888,37.888,
29.193,29.193,32.298,32.298,32.298,33.54,34.783,35.404,36.025,35.404,35.404,36.025,36.025,36.025,36.025,36.025,34.783,36.646,36.646,37.888,37.888,37.888,37.888,37.888,
29.814,29.193,32.298,32.298,32.298,33.54,34.783,35.404,36.025,35.404,35.404,36.025,36.025,36.025,36.025,36.025,36.025,37.888,37.888,37.888,37.888,37.888,37.888,37.888,
29.814,29.193,32.298,32.919,32.919,34.161,34.783,35.404,36.025,36.025,36.025,36.025,36.025,36.025,36.025,36.025,36.025,37.888,37.888,37.888,37.888,37.888,37.888,37.888,
29.814,29.814,32.298,32.919,32.919,34.161,35.404,35.404,36.025,36.025,36.025,36.025,36.025,36.025,36.025,36.025,36.025,37.888,37.888,37.888,37.888,37.888,37.888,37.888,
29.193,29.814,32.298,32.919,33.54,34.783,36.646,36.646,37.267,37.267,37.267,37.267,37.267,37.267,37.267,37.267,37.267,37.267,37.267,37.267,37.267,37.267,37.267,37.267,
29.193,29.814,32.298,32.919,33.54,34.783,36.646,36.646,37.267,37.267,37.267,37.267,37.267,37.267,37.267,37.267,37.267,37.267,37.267,37.267,37.267,37.267,37.267,37.267,
29.193,30.435,32.298,33.54,33.54,34.783,36.646,36.646,37.267,37.267,37.267,37.267,37.267,37.267,37.267,37.267,37.267,37.267,37.267,37.267,37.267,37.267,37.267,37.267,
29.193,30.435,32.298,33.54,33.54,34.783,36.646,36.646,37.267,37.267,37.267,37.267,37.267,37.267,37.267,37.267,37.267,37.267,37.267,37.267,37.267,37.267,37.267,37.267,
29.193,31.056,32.919,33.54,33.54,34.783,36.646,36.646,37.267,37.267,37.267,37.267,37.267,37.267,37.267,37.267,37.267,37.267,37.267,37.267,37.267,37.267,37.267,37.267,
29.814,31.056,33.54,33.54,33.54,34.161,36.025,36.025,36.646,36.646,36.646,36.646,36.646,36.646,36.646,36.646,36.646,36.646,36.646,36.646,36.646,36.646,36.646,36.646,
30.435,31.056,32.919,32.919,32.919,33.54,35.404,35.404,36.025,36.025,36.025,36.025,36.025,36.025,36.025,36.025,36.025,36.025,36.025,36.025,36.025,36.025,36.025,36.025,
30.435,31.677,32.298,32.919,32.919,33.54,35.404,35.404,36.025,36.025,36.025,36.025,36.025,36.025,36.025,36.025,36.025,36.025,36.025,36.025,36.025,36.025,36.025,36.025,
30.435,31.677,32.298,32.919,32.919,33.54,35.404,35.404,36.025,36.025,36.025,36.025,36.025,36.025,36.025,36.025,36.025,36.025,36.025,36.025,36.025,36.025,36.025,36.025,
31.056,31.677,32.298,32.919,32.919,33.54,35.404,35.404,36.025,36.025,36.025,36.025,36.025,36.025,36.025,36.025,36.025,36.025,36.025,36.025,36.025,36.025,36.025,36.025,
31.677,31.677,32.298,32.919,32.919,33.54,35.404,35.404,36.025,36.025,36.025,36.025,36.025,36.025,36.025,36.025,36.025,36.025,36.025,36.025,36.025,36.025,36.025,36.025,
31.677,32.298,32.919,32.919,32.919,33.54,35.404,35.404,36.025,36.025,36.025,36.025,36.025,36.025,36.025,36.025,36.025,36.025,36.025,36.025,36.025,36.025,36.025,36.025,
31.677,34.783,34.783,35.404,35.404,35.404,35.404,35.404,36.025,36.025,36.025,36.025,36.025,36.025,36.025,36.025,36.025,36.025,36.025,36.025,36.025,36.025,36.025,36.025,
31.677,34.783,34.783,35.404,35.404,35.404,35.404,35.404,36.025,36.025,36.025,36.025,36.025,36.025,36.025,36.025,36.025,36.025,36.025,36.025,36.025,36.025,36.025,36.025,
31.677,35.404,35.404,35.404,35.404,35.404,35.404,35.404,36.025,36.025,36.025,36.025,36.025,36.025,36.025,36.025,36.025,36.025,36.025,36.025,36.025,36.025,36.025,36.025,
33.54,35.404,35.404,35.404,35.404,35.404,35.404,35.404,36.025,36.025,36.025,36.025,36.025,36.025,36.025,36.025,36.025,36.025,36.025,36.025,36.025,36.025,36.025,36.025,
35.404,35.404,35.404,35.404,35.404,35.404,35.404,35.404,36.025,36.025,36.025,36.025,36.025,36.025,36.025,36.025,36.025,36.025,36.025,36.025,36.025,36.025,36.025,36.025,
35.404,35.404,35.404,35.404,35.404,35.404,35.404,35.404,36.025,36.025,36.025,36.025,36.025,36.025,36.025,36.025,36.025,36.025,36.025,36.025,36.025,36.025,36.025,36.025,
35.404,35.404,35.404,35.404,35.404,35.404,35.404,35.404,36.025,36.025,36.025,36.025,36.025,36.025,36.025,36.025,36.025,36.025,36.025,36.025,36.025,36.025,36.025,36.025,
35.404,35.404,35.404,35.404,35.404,35.404,35.404,35.404,36.025,36.025,36.025,36.025,36.025,36.025,36.025,36.025,36.025,36.025,36.025,36.025,36.025,36.025,36.025,36.025,
35.404,35.404,35.404,35.404,35.404,35.404,35.404,35.404,36.025,36.025,36.025,36.025,36.025,36.025,36.025,36.025,36.025,36.025,36.025,36.025,36.025,36.025,36.025,36.025,
35.404,35.404,35.404,35.404,35.404,35.404,35.404,35.404,36.025,36.025,36.025,36.025,36.025,36.025,36.025,36.025,36.025,36.025,36.025,36.025,36.025,36.025,36.025,36.025,
35.404,35.404,35.404,35.404,35.404,35.404,35.404,35.404,36.025,36.025,36.025,36.025,36.025,36.025,36.025,36.025,36.025,36.025,36.025,36.025,36.025,36.025,36.025,36.025,
35.404,35.404,35.404,35.404,35.404,35.404,35.404,35.404,36.025,36.025,36.025,36.025,36.025,36.025,36.025,36.025,36.025,36.025,36.025,36.025,36.025,36.025,36.025,36.025,
35.404,35.404,35.404,35.404,35.404,35.404,35.404,35.404,36.025,36.025,36.025,36.025,36.025,36.025,36.025,36.025,36.025,36.025,36.025,36.025,36.025,36.025,36.025,36.025,
35.404,35.404,35.404,35.404,35.404,35.404,35.404,35.404,36.025,36.025,36.025,36.025,36.025,36.025,36.025,36.025,36.025,36.025,36.025,36.025,36.025,36.025,36.025,36.025,
35.404,35.404,35.404,35.404,35.404,35.404,35.404,35.404,36.025,36.025,36.025,36.025,36.025,36.025,36.025,36.025,36.025,36.025,36.025,36.025,36.025,36.025,36.025,36.025,
35.404,35.404,35.404,35.404,35.404,35.404,35.404,35.404,36.025,36.025,36.025,36.025,36.025,36.025,36.025,36.025,36.025,36.025,36.025,36.025,36.025,36.025,36.025,36.025,
35.404,35.404,35.404,35.404,35.404,35.404,35.404,35.404,36.025,36.025,36.025,36.025,36.025,36.025,36.025,36.025,36.025,36.025,36.025,36.025,36.025,36.025,36.025,36.025,
35.404,35.404,35.404,35.404,35.404,35.404,35.404,35.404,36.025,36.025,36.025,36.025,36.025,36.025,36.025,36.025,36.025,36.025,36.025,36.025,36.025,36.025,36.025,36.025,
35.404,35.404,35.404,35.404,35.404,35.404,35.404,35.404,36.025,36.025,36.025,36.025,36.025,36.025,36.025,36.025,36.025,36.025,36.025,36.025,36.025,36.025,36.025,36.025,
35.404,35.404,35.404,35.404,35.404,35.404,35.404,35.404,36.025,36.025,36.025,36.025,36.025,36.025,36.025,36.025,36.025,36.025,36.025,36.025,36.025,36.025,36.025,36.025,

22.699,22.699,22.699,23.926,25.767,23.313,26.38,25.767,23.313,20.859,20.245,22.699,21.472,20.245,22.086,20.859,21.472,23.313,21.472,22.699,24.54,25.767,28.221,28.221,
22.699,22.699,22.699,23.926,25.767,23.313,26.38,25.767,23.313,20.859,20.245,22.699,21.472,20.245,22.086,20.859,21.472,23.313,21.472,22.699,24.54,25.767,28.221,28.221,
22.699,22.699,22.699,23.926,25.767,23.313,26.38,25.767,23.313,20.859,20.245,22.699,21.472,20.245,22.086,20.859,21.472,23.313,21.472,22.699,24.54,25.767,28.221,28.221,
22.699,22.699,22.699,23.926,25.767,23.313,26.38,25.767,23.313,20.859,20.245,22.699,21.472,20.245,22.086,20.859,21.472,23.313,21.472,22.699,24.54,25.767,28.221,28.221,
22.699,22.699,22.699,23.926,25.767,23.313,26.38,25.767,23.313,20.859,20.245,22.699,21.472,20.245,22.086,20.859,21.472,23.313,21.472,22.699,24.54,25.767,28.221,28.221,
22.699,22.699,22.699,23.926,25.767,23.313,26.38,25.767,23.313,20.859,20.245,22.699,21.472,21.472,22.086,20.859,21.472,23.313,21.472,22.699,24.54,25.767,28.221,28.221,
22.699,22.699,22.699,23.926,25.767,23.313,26.38,25.767,23.926,20.859,20.245,22.699,21.472,21.472,22.086,20.859,20.859,21.472,20.245,22.086,23.926,25.153,27.607,27.607,
22.699,22.699,22.699,23.926,25.767,23.313,26.38,25.153,23.926,20.859,20.245,22.699,21.472,21.472,22.086,20.859,20.859,21.472,20.245,22.086,23.926,25.153,27.607,27.607,
22.699,22.699,22.699,23.926,25.767,23.313,26.38,25.153,23.926,20.859,20.245,22.699,21.472,21.472,22.086,20.859,20.859,21.472,20.245,22.086,23.926,25.153,27.607,27.607,
22.699,22.699,23.313,22.699,25.767,23.313,26.38,25.153,23.926,20.859,20.245,22.699,21.472,21.472,22.086,20.859,20.859,22.086,20.859,22.699,23.926,25.153,27.607,27.607,
23.313,22.699,23.313,22.699,25.767,22.699,26.38,25.153,23.926,20.859,20.245,22.699,21.472,21.472,22.086,20.859,20.859,22.086,20.859,22.699,23.926,25.153,27.607,27.607,
23.313,22.086,23.313,22.699,25.767,22.699,26.38,25.153,23.926,20.859,20.245,22.699,21.472,21.472,22.086,20.859,20.859,22.086,20.859,22.699,23.926,25.153,27.607,27.607,
23.313,22.699,23.313,22.699,25.767,22.699,26.38,25.153,23.926,20.859,20.245,22.699,21.472,21.472,22.699,21.472,21.472,22.086,20.859,22.699,23.926,25.153,27.607,27.607,
22.086,22.086,23.313,22.699,25.767,22.699,26.38,25.153,23.926,20.859,20.245,22.699,21.472,21.472,22.699,21.472,21.472,22.086,20.859,22.699,23.926,25.153,27.607,27.607,
22.086,22.086,23.313,22.699,25.767,22.699,26.38,25.153,23.926,20.859,20.245,22.699,21.472,21.472,22.699,21.472,21.472,22.086,20.859,22.699,23.926,25.153,27.607,27.607,
21.472,22.086,23.313,22.699,25.767,22.699,26.38,25.153,23.926,20.859,20.245,22.086,21.472,21.472,22.699,21.472,21.472,22.086,20.859,22.699,23.926,25.153,27.607,27.607,
22.086,22.086,23.313,22.699,25.767,22.699,26.38,25.153,23.926,20.859,20.245,22.086,21.472,21.472,22.699,21.472,21.472,22.086,20.859,22.699,23.926,25.153,27.607,27.607,
22.086,22.086,23.313,22.699,25.767,22.699,26.38,25.153,23.926,20.859,20.245,22.086,21.472,21.472,22.699,21.472,21.472,22.086,20.859,22.699,23.926,25.153,27.607,27.607,
22.086,22.086,23.313,22.699,25.767,22.699,26.38,25.153,23.926,20.859,20.245,22.086,21.472,21.472,22.699,21.472,21.472,22.086,20.859,22.699,23.926,25.153,27.607,27.607,
22.086,22.086,23.313,23.313,25.767,22.699,26.38,25.153,23.926,22.086,21.472,23.313,22.699,22.086,22.699,21.472,21.472,22.086,20.859,22.699,23.926,25.153,27.607,27.607,
22.086,22.086,23.313,23.313,25.767,22.699,26.38,25.153,23.926,22.086,21.472,23.313,22.699,22.086,22.699,21.472,21.472,22.086,20.859,22.699,23.926,25.153,27.607,27.607,
21.472,22.086,23.313,23.313,25.767,22.699,26.38,25.153,23.926,22.086,21.472,23.313,22.699,22.086,22.699,21.472,21.472,22.086,20.859,22.699,23.926,25.153,27.607,27.607,
22.086,22.699,23.926,23.926,25.767,22.699,26.38,25.153,23.926,22.086,21.472,23.313,23.313,23.313,23.926,22.699,22.086,22.086,20.859,22.699,23.926,25.153,27.607,27.607,
22.086,22.699,23.926,23.926,25.767,22.699,26.38,25.153,23.926,22.086,21.472,23.313,23.313,23.313,23.926,22.699,22.086,22.086,20.859,22.699,23.926,25.153,27.607,27.607,
22.086,22.699,23.926,23.926,25.767,22.699,26.38,25.153,23.926,22.086,21.472,23.313,23.313,23.313,23.926,22.699,22.086,22.086,21.472,22.699,23.926,25.153,27.607,27.607,
22.086,22.699,23.926,24.54,26.38,23.926,26.38,25.153,23.926,22.086,21.472,23.313,23.313,23.313,23.926,22.699,22.086,22.086,21.472,22.699,23.926,25.153,28.221,28.221,
22.086,23.926,23.926,24.54,26.38,23.926,26.38,25.153,23.926,22.086,21.472,23.313,23.313,23.313,23.926,22.699,22.086,22.086,21.472,22.699,23.926,25.153,28.221,28.221,
22.086,23.926,23.926,25.153,26.994,23.926,26.38,24.54,23.313,21.472,21.472,23.313,23.313,23.313,23.926,22.699,22.086,22.086,21.472,22.699,23.926,25.153,28.221,28.221,
22.086,23.926,23.926,25.153,26.38,23.313,26.38,24.54,23.313,21.472,21.472,23.313,23.313,23.313,23.926,22.699,22.086,22.086,21.472,22.699,23.926,25.153,28.221,28.221,
22.086,23.926,24.54,25.153,26.38,23.313,26.38,24.54,23.313,21.472,21.472,23.313,23.313,23.313,23.926,22.699,22.086,22.086,21.472,22.699,23.926,25.153,28.221,28.221,
22.086,23.926,24.54,25.153,26.38,23.313,26.38,24.54,23.313,21.472,21.472,23.313,23.313,23.313,23.926,22.699,22.086,22.699,22.699,23.926,23.926,25.153,28.221,28.221,
21.472,23.313,23.926,23.926,25.767,23.313,26.38,24.54,23.313,21.472,21.472,23.313,23.926,23.926,23.926,22.699,22.699,22.699,22.699,23.926,23.926,25.153,28.221,28.221,
22.086,23.313,23.926,23.926,25.767,24.54,26.38,24.54,23.926,22.086,22.086,23.313,23.313,23.926,23.926,22.699,22.699,22.699,22.699,23.926,23.926,25.153,28.221,28.221,
22.086,23.313,24.54,23.313,25.153,23.926,26.994,25.153,24.54,22.699,22.699,23.313,23.313,23.926,23.926,22.699,22.699,22.699,22.699,23.926,23.926,25.153,28.221,28.221,
22.699,23.313,24.54,23.313,24.54,23.926,26.994,25.153,24.54,22.699,22.699,23.313,23.313,23.926,23.926,22.699,22.699,22.699,22.699,23.926,23.926,25.153,28.221,28.221,
22.699,23.313,23.926,23.313,23.926,23.313,24.54,24.54,23.926,23.926,23.926,24.54,23.313,23.926,23.926,22.699,22.699,22.699,22.699,23.926,23.926,25.153,28.221,28.221,
23.313,23.313,24.54,23.313,23.926,23.313,25.153,25.153,23.926,23.926,23.926,23.926,23.313,23.926,23.926,22.699,22.699,22.699,22.699,23.926,23.926,25.153,28.221,28.221,
23.313,22.699,23.926,22.699,23.313,22.699,24.54,24.54,23.313,23.313,23.313,23.313,23.313,23.926,23.926,22.699,22.699,22.699,22.699,23.926,23.926,25.153,28.221,28.221,
23.313,23.313,24.54,22.699,22.086,22.086,24.54,24.54,23.313,23.313,23.313,23.313,23.313,23.926,23.926,22.699,22.699,22.699,22.699,23.926,23.926,25.153,28.221,28.221,
23.313,23.313,24.54,22.699,22.086,22.086,24.54,24.54,23.313,23.313,23.313,23.313,23.313,23.926,23.926,22.699,22.699,22.699,22.699,23.926,23.926,25.153,28.221,28.221,
23.926,24.54,25.153,23.313,22.086,22.086,24.54,24.54,23.313,23.313,23.313,23.313,23.313,23.926,23.926,22.699,22.699,22.699,22.699,23.926,23.926,25.153,28.221,28.221,
23.926,24.54,25.153,23.313,22.086,22.086,24.54,24.54,23.313,23.313,23.313,23.313,23.313,23.926,23.926,23.926,23.926,23.926,23.926,23.926,23.926,26.38,28.221,28.221,
23.926,24.54,25.153,23.926,22.699,22.086,23.926,24.54,23.313,23.313,23.313,23.313,23.313,23.926,23.926,23.926,23.926,23.926,23.926,23.926,23.926,26.38,28.221,28.221,
24.54,24.54,25.153,23.926,22.699,22.086,24.54,24.54,23.313,23.313,23.313,23.313,23.313,23.926,23.926,23.926,23.926,23.926,23.926,23.926,23.926,26.38,28.221,28.221,
23.926,25.153,24.54,23.926,22.699,22.086,24.54,24.54,23.313,23.313,23.313,23.313,23.313,23.926,23.926,23.926,23.926,23.926,23.926,23.926,23.926,26.38,26.994,26.994,
22.699,23.313,23.926,23.926,22.699,22.086,24.54,24.54,23.313,23.313,23.313,23.313,23.313,23.926,23.926,23.926,23.926,23.926,23.926,23.926,23.926,25.153,25.767,25.767,
22.699,23.313,23.926,23.926,22.699,22.086,24.54,24.54,23.313,23.313,23.313,23.313,23.313,23.926,23.926,23.926,23.926,23.926,23.926,23.926,23.926,24.54,25.153,25.153,
23.313,24.54,24.54,23.313,21.472,20.859,24.54,23.926,22.699,20.859,20.859,20.859,20.859,22.086,22.086,22.086,22.086,22.086,22.086,22.086,22.086,23.313,23.313,23.313,
22.086,23.313,22.086,21.472,20.859,20.245,21.472,22.699,22.086,21.472,21.472,21.472,21.472,21.472,21.472,21.472,21.472,21.472,21.472,21.472,21.472,22.086,22.086,22.086,
20.859,21.472,22.086,22.086,22.086,22.086,22.086,22.699,22.699,22.086,22.086,22.086,22.086,22.086,22.086,22.086,22.086,22.086,22.086,22.086,22.086,22.086,22.086,22.086,

