31.481,31.019,30.093,30.093,28.241,29.167,27.778,27.315,26.389,28.704,30.093,29.167,30.093,32.407,26.852,25.0,24.074,24.537,25.0,25.0,25.0,25.0,25.0,25.0,
31.481,31.019,30.093,30.093,28.241,29.167,27.778,27.315,26.389,28.704,30.093,29.167,30.093,32.407,26.852,25.0,24.074,24.537,25.0,25.0,25.0,25.0,25.0,25.0,
31.481,31.019,30.093,30.093,28.241,29.167,27.778,27.315,26.389,28.704,30.093,29.167,30.093,32.407,26.852,25.0,24.074,24.537,25.0,25.0,25.0,25.0,25.0,25.0,
31.481,31.019,30.093,30.093,28.241,29.167,27.778,27.315,26.389,28.704,30.093,29.167,30.093,32.407,26.852,25.0,24.074,24.537,25.0,25.0,25.0,25.0,25.0,25.0,
31.944,31.481,30.556,30.093,28.241,29.167,27.778,27.315,26.389,28.704,30.093,28.704,30.093,32.407,26.852,25.0,24.074,24.537,25.0,25.0,25.0,25.0,25.0,25.0,
31.944,30.556,29.63,29.167,27.315,28.241,27.778,27.778,26.389,28.704,30.093,28.704,30.093,32.407,26.852,25.0,24.074,24.537,25.0,25.0,25.0,25.0,25.0,25.0,
32.87,31.481,29.63,30.093,27.778,28.704,28.704,28.704,27.315,29.63,30.556,28.704,30.093,32.407,25.926,24.074,23.148,24.537,25.0,25.0,25.0,25.0,25.0,25.0,
32.87,31.481,29.167,29.63,27.315,28.241,28.704,28.704,27.315,29.63,30.556,28.704,30.093,32.407,25.926,23.611,22.685,24.537,25.0,25.0,25.0,25.0,25.0,25.0,
32.87,31.481,29.167,29.63,27.315,28.241,28.704,28.704,27.315,29.63,30.556,28.704,30.093,32.407,25.926,23.611,22.685,24.537,25.0,25.0,25.0,25.0,25.0,25.0,
31.019,30.556,29.167,29.63,27.778,28.241,28.704,28.704,27.315,29.63,30.556,28.704,30.093,32.407,25.926,23.611,22.685,24.537,25.0,25.0,25.0,25.0,25.0,25.0,
31.481,30.556,29.167,29.63,27.778,28.241,28.704,28.704,27.315,29.63,30.556,28.704,30.093,32.407,25.926,23.611,22.685,24.537,25.0,25.0,25.0,25.0,25.0,25.0,
31.481,31.019,29.167,29.63,27.778,28.241,28.704,28.704,27.778,30.093,30.556,28.704,30.556,32.87,26.389,24.074,22.685,24.537,25.0,25.0,25.0,25.0,25.0,25.0,
31.481,31.481,29.167,29.63,27.778,28.241,28.704,28.704,27.778,30.093,31.944,28.704,30.556,32.87,26.389,24.074,22.685,24.537,25.0,25.0,25.0,25.0,25.0,25.0,
31.019,31.019,29.167,29.63,26.852,28.241,28.704,28.704,27.778,30.093,33.333,28.704,29.63,31.481,25.0,23.611,22.685,24.537,25.0,25.0,25.0,25.0,25.0,25.0,
31.019,31.481,29.63,29.63,26.852,28.241,28.704,28.704,27.778,29.63,32.87,28.241,29.167,31.019,25.0,23.611,22.685,24.537,25.0,25.0,25.0,25.0,25.0,25.0,
31.019,31.481,29.63,29.63,26.389,27.778,28.241,28.241,27.315,29.167,32.407,27.778,28.704,30.556,25.0,23.611,22.685,24.537,25.0,25.0,25.0,25.0,25.0,25.0,
30.556,31.481,29.63,29.63,26.389,27.778,28.704,28.704,27.778,29.167,32.407,27.778,28.704,30.556,25.0,23.148,22.685,24.537,25.0,25.0,25.0,25.0,25.0,25.0,
31.019,31.481,29.63,29.63,27.315,28.704,29.63,29.63,27.778,29.167,32.407,27.778,28.704,30.556,25.0,23.148,22.685,24.537,25.0,25.0,25.0,25.0,25.0,25.0,
31.019,31.481,29.63,29.63,27.315,28.704,29.63,29.63,27.778,29.167,32.407,27.315,28.704,30.556,25.0,23.148,22.685,24.537,25.0,25.0,25.0,25.0,25.0,25.0,
31.481,31.481,29.63,29.63,27.315,28.704,29.63,29.63,27.778,29.167,32.407,27.315,28.704,30.556,25.0,23.148,22.685,24.537,25.0,25.0,25.0,25.0,25.0,25.0,
31.019,31.481,29.167,29.167,26.852,27.778,29.63,29.63,27.778,29.167,32.407,27.315,28.704,30.556,25.0,23.611,23.148,24.537,25.0,25.0,25.0,25.0,25.0,25.0,
31.019,31.481,29.167,29.167,26.852,27.778,29.63,29.63,26.852,29.167,31.944,27.778,28.241,30.093,24.537,23.611,23.148,24.537,25.0,25.0,25.0,25.0,25.0,25.0,
31.481,31.481,29.167,28.704,26.852,26.389,30.556,29.63,26.852,29.167,31.944,27.778,28.241,30.093,24.074,23.148,22.685,24.537,25.463,25.463,25.463,25.463,25.463,25.463,
31.481,31.481,28.704,28.241,26.852,26.852,29.63,29.167,26.852,29.167,31.944,27.778,28.241,29.167,24.074,23.148,22.685,24.537,25.463,25.463,25.463,25.463,25.463,25.463,
31.481,31.481,28.704,27.778,26.389,26.389,29.167,28.704,26.852,29.167,31.944,27.778,27.778,29.63,24.074,23.148,22.685,24.537,25.463,25.463,25.463,25.463,25.463,25.463,
31.481,31.481,29.167,27.315,25.463,25.463,28.241,27.778,27.315,28.704,31.944,27.778,27.778,29.63,24.074,23.148,22.685,24.537,25.463,25.463,25.463,25.463,25.463,25.463,
31.019,31.019,28.704,27.315,25.926,26.389,28.704,28.241,27.778,29.167,32.407,28.241,28.241,29.63,24.074,23.148,22.685,24.537,25.463,25.463,25.463,25.463,25.463,25.463,
31.019,31.019,28.241,27.315,25.463,25.926,28.241,28.241,27.778,29.167,32.407,27.778,28.241,29.63,24.074,23.148,22.685,24.537,25.463,25.463,25.463,25.463,25.463,25.463,
30.556,30.556,28.241,26.852,25.926,25.926,28.704,28.241,27.778,29.167,32.407,27.778,28.241,29.63,24.074,23.148,22.685,24.537,25.463,25.463,25.463,25.463,25.463,25.463,
30.556,30.093,28.241,25.926,25.0,25.463,28.241,28.241,27.778,29.167,32.407,27.778,28.241,29.63,24.074,23.148,22.685,24.537,25.463,25.463,25.463,25.463,25.463,25.463,
30.093,30.093,28.241,26.389,25.463,25.926,28.241,28.241,27.778,29.167,32.407,27.778,28.241,29.63,25.0,24.074,23.611,25.463,25.463,25.463,25.463,25.463,25.463,25.463,
29.63,30.093,28.704,25.926,25.463,25.926,27.778,28.241,27.778,29.167,32.407,27.778,28.241,30.093,25.463,24.537,24.074,25.926,25.926,25.926,25.926,25.926,25.926,25.926,
30.093,30.556,28.704,25.926,25.463,25.926,27.315,27.315,27.315,28.704,30.556,27.778,28.241,30.556,25.926,25.0,25.0,25.926,25.926,25.926,25.926,25.926,25.926,25.926,
30.093,30.556,28.704,26.389,25.463,25.0,26.389,27.315,27.315,28.704,31.481,28.704,28.704,30.093,25.926,25.0,25.0,25.926,25.926,25.926,25.926,25.926,25.926,25.926,
29.63,30.093,28.704,26.389,25.463,25.0,26.389,27.778,27.315,28.704,31.481,28.704,28.704,30.093,25.926,25.0,25.0,25.926,25.926,25.926,25.926,25.926,25.926,25.926,
28.704,28.241,28.241,27.315,26.389,26.852,28.704,28.704,29.167,29.63,31.944,29.167,28.704,31.019,30.093,29.167,29.167,29.167,29.167,29.167,29.167,29.167,29.167,29.167,
28.704,28.241,29.167,28.241,27.315,28.241,29.63,29.63,30.093,31.019,33.333,30.556,30.093,31.019,29.167,28.241,28.241,28.241,28.241,28.241,28.241,28.241,28.241,28.241,
30.093,30.556,29.63,28.704,27.778,28.704,30.093,30.093,31.019,31.481,32.407,30.556,30.093,31.019,29.167,28.241,28.241,28.241,28.241,28.241,28.241,28.241,28.241,28.241,
30.093,30.556,29.63,29.167,28.241,29.167,30.093,30.556,31.019,31.481,32.407,30.556,30.093,31.019,29.167,28.241,28.241,28.241,28.241,28.241,28.241,28.241,28.241,28.241,
30.093,30.556,29.167,28.704,27.778,28.704,29.167,29.63,30.556,31.019,31.481,30.556,30.093,31.019,29.167,28.241,28.241,28.241,28.241,28.241,28.241,28.241,28.241,28.241,
31.481,31.944,30.556,29.63,28.704,28.704,29.167,29.63,30.556,31.019,31.481,30.556,30.093,31.019,29.167,28.241,28.241,28.241,28.241,28.241,28.241,28.241,28.241,28.241,
28.704,29.63,29.167,28.241,27.315,27.315,27.778,28.241,30.556,31.019,31.481,30.556,30.093,31.019,29.167,28.241,28.241,28.241,28.241,28.241,28.241,28.241,28.241,28.241,
28.704,28.704,28.241,27.315,26.389,26.389,26.852,27.315,29.63,30.093,30.556,29.63,29.167,30.093,29.167,28.241,28.241,28.241,28.241,28.241,28.241,28.241,28.241,28.241,
28.704,28.704,28.241,27.315,26.389,26.389,26.852,27.315,29.63,30.093,30.556,29.167,28.704,29.63,28.704,28.241,28.241,28.241,28.241,28.241,28.241,28.241,28.241,28.241,
28.241,26.852,26.389,27.315,26.852,26.852,26.852,27.315,29.63,30.093,29.167,29.167,28.704,28.241,26.389,25.463,25.463,25.463,25.463,25.463,25.463,25.463,25.463,25.463,
27.778,28.241,27.778,28.704,28.241,28.241,28.241,28.704,29.63,30.093,29.167,29.167,28.704,28.241,26.389,25.463,25.463,25.463,25.463,25.463,25.463,25.463,25.463,25.463,
27.315,27.778,27.315,27.315,26.852,26.852,26.852,27.315,27.315,27.315,27.315,27.315,27.778,26.389,25.926,25.0,25.0,25.0,25.0,25.0,25.0,25.0,25.0,25.0,
26.852,27.315,26.852,26.852,26.852,26.852,26.852,27.315,27.315,27.315,27.315,27.315,27.778,26.389,25.926,25.0,25.0,25.0,25.0,25.0,25.0,25.0,25.0,25.0,
26.389,26.852,26.389,26.852,26.852,26.852,26.852,27.315,27.315,27.315,27.315,27.315,27.315,26.389,25.926,25.0,25.0,25.0,25.0,25.0,25.0,25.0,25.0,25.0,
26.852,27.315,26.852,27.315,27.315,27.315,27.315,27.315,27.315,27.315,27.315,27.315,27.315,26.389,25.926,25.0,25.0,25.0,25.0,25.0,25.0,25.0,25.0,25.0,

29.012,28.395,29.012,27.16,32.099,29.63,28.395,29.012,25.309,21.605,21.605,22.84,22.222,23.457,24.074,22.222,23.457,22.84,23.457,23.457,23.457,22.84,22.222,22.222,
29.012,28.395,29.012,26.543,31.481,29.012,28.395,29.012,25.309,21.605,21.605,22.84,22.222,23.457,24.074,22.222,23.457,22.84,23.457,23.457,23.457,22.84,22.222,22.222,
29.012,28.395,29.012,26.543,31.481,29.012,28.395,29.012,25.309,21.605,21.605,22.84,22.222,23.457,24.074,22.222,23.457,22.84,23.457,23.457,23.457,22.84,22.222,22.222,
29.012,28.395,29.012,26.543,31.481,29.012,28.395,29.012,24.074,20.37,20.37,21.605,22.222,23.457,24.074,22.222,23.457,21.605,22.222,22.222,22.222,21.605,20.988,20.988,
29.012,28.395,29.012,26.543,31.481,29.012,28.395,29.012,24.074,20.37,20.37,21.605,22.222,23.457,24.074,22.222,22.222,21.605,22.222,22.222,22.222,21.605,20.988,20.988,
29.012,28.395,29.012,26.543,31.481,29.012,28.395,29.012,24.074,20.37,20.37,20.988,21.605,23.457,23.457,21.605,22.222,21.605,22.222,22.222,22.222,21.605,20.988,20.988,
29.012,28.395,29.012,25.309,30.247,27.778,27.16,27.778,22.84,20.37,20.37,20.988,21.605,22.222,23.457,21.605,22.222,20.988,21.605,21.605,21.605,21.605,22.222,22.222,
29.63,29.012,29.63,25.926,30.247,27.778,27.16,27.778,22.84,20.37,20.37,20.988,21.605,22.222,23.457,21.605,22.222,20.988,21.605,21.605,21.605,21.605,22.222,22.222,
29.63,29.63,29.63,25.926,30.247,27.778,27.16,27.778,22.84,20.37,20.37,20.988,20.988,21.605,22.84,21.605,22.222,21.605,21.605,21.605,21.605,21.605,22.222,22.222,
29.63,29.63,29.63,27.16,30.247,28.395,29.012,29.63,22.84,20.37,20.37,20.988,20.988,21.605,22.222,20.988,21.605,20.988,20.988,20.988,20.988,20.988,21.605,21.605,
29.63,29.63,29.012,27.16,30.247,28.395,29.012,29.63,22.84,20.37,20.37,20.988,20.988,21.605,22.222,20.988,21.605,20.988,20.988,20.988,20.988,20.988,21.605,21.605,
29.63,29.63,29.012,27.778,30.247,28.395,29.012,29.63,22.84,20.37,20.37,20.988,20.988,20.988,22.222,20.988,21.605,20.988,20.988,20.988,20.988,20.988,21.605,21.605,
29.63,29.63,30.247,29.012,30.247,27.778,29.012,29.63,22.84,20.37,20.37,20.988,20.988,20.988,22.222,20.988,22.84,23.457,23.457,23.457,23.457,23.457,24.074,24.074,
30.864,30.247,30.247,29.012,30.247,27.778,29.012,29.63,22.84,20.37,20.37,20.988,20.988,20.988,22.222,20.988,22.84,23.457,23.457,23.457,23.457,23.457,24.074,24.074,
30.247,29.63,30.247,29.012,30.247,27.778,29.012,29.63,22.84,20.37,20.37,20.988,21.605,21.605,22.222,20.37,22.222,22.84,24.074,24.074,24.074,24.074,24.074,24.074,
30.247,29.63,30.247,29.63,30.247,27.778,29.012,29.63,22.84,20.988,20.37,20.988,20.988,21.605,22.222,20.37,22.222,22.84,24.074,24.074,24.074,24.074,24.074,24.074,
30.247,29.63,30.247,29.63,30.247,27.778,29.012,29.63,22.84,20.988,20.37,20.988,22.84,23.457,24.074,22.222,24.074,22.84,24.074,24.074,24.074,24.074,24.074,24.074,
30.247,29.63,29.012,29.012,29.63,26.543,27.778,28.395,20.988,20.988,21.605,22.222,22.84,23.457,24.074,23.457,24.074,22.84,24.074,24.074,24.074,24.074,24.074,24.074,
30.864,30.247,29.012,29.012,29.63,26.543,27.778,28.395,20.988,20.988,21.605,22.222,22.84,23.457,24.074,22.84,23.457,22.84,24.074,24.074,24.074,24.074,24.074,25.926,
30.864,30.247,27.778,29.012,29.63,27.16,27.778,27.16,20.988,20.988,21.605,21.605,22.222,22.84,23.457,23.457,23.457,22.84,24.074,24.074,24.074,24.074,24.074,25.926,
30.864,30.864,27.778,29.012,29.63,26.543,27.16,27.16,20.988,20.988,20.988,20.988,21.605,22.222,22.84,22.84,22.84,22.84,24.074,24.074,24.074,24.074,24.074,25.926,
30.864,30.864,27.778,29.012,29.63,26.543,27.16,27.16,21.605,21.605,21.605,21.605,21.605,22.222,22.84,24.074,22.84,22.84,24.074,24.074,24.074,24.074,24.074,25.926,
30.864,30.864,27.778,29.012,30.247,27.16,27.778,27.16,21.605,21.605,21.605,21.605,21.605,22.222,22.84,24.074,22.84,22.84,24.074,24.074,24.074,24.074,24.074,25.926,
30.864,30.247,27.778,29.012,30.247,27.16,27.778,27.16,22.222,21.605,21.605,21.605,21.605,22.222,22.84,24.074,22.84,22.84,24.074,24.074,24.074,24.074,24.074,25.926,
30.864,30.247,27.778,29.012,32.099,29.012,27.778,27.16,22.222,21.605,21.605,21.605,21.605,22.222,22.84,24.074,22.84,22.84,24.074,24.074,24.074,24.074,24.074,25.926,
30.864,30.247,27.778,29.012,32.099,29.012,27.778,27.16,22.222,21.605,21.605,20.988,21.605,22.222,22.84,24.074,22.84,22.84,24.074,24.074,24.074,24.074,24.074,25.926,
30.247,30.247,27.778,29.012,32.099,29.012,27.778,27.16,22.222,21.605,21.605,20.988,21.605,22.222,23.457,24.074,22.84,22.84,24.074,24.074,24.074,24.074,24.074,25.926,
29.63,30.247,27.16,29.012,30.247,29.63,28.395,27.778,22.84,22.222,22.222,21.605,22.222,22.84,24.074,24.074,22.84,22.84,24.074,24.074,24.074,24.074,24.074,25.926,
29.63,30.247,27.16,27.16,30.247,30.864,29.63,29.012,22.84,24.074,24.074,23.457,24.074,24.074,25.926,24.691,24.691,24.691,25.926,25.926,25.926,25.926,25.926,25.926,
29.012,30.247,27.16,27.16,30.247,30.864,29.63,29.012,22.84,24.074,24.074,23.457,24.074,24.074,25.926,24.691,24.691,24.691,25.926,25.926,25.926,25.926,25.926,25.926,
29.012,30.247,27.16,26.543,29.012,29.012,29.012,29.012,22.84,24.074,24.074,23.457,24.074,24.074,25.926,24.691,24.691,24.691,25.926,25.926,25.926,25.926,25.926,25.926,
29.012,30.247,29.63,27.778,27.778,29.012,29.012,29.012,22.84,24.074,24.074,24.074,24.691,24.691,26.543,25.309,25.309,25.309,26.543,26.543,26.543,26.543,26.543,26.543,
29.63,30.247,29.012,27.778,27.778,29.012,29.012,29.012,22.84,24.074,24.074,24.074,24.691,24.691,26.543,25.309,25.309,25.309,26.543,26.543,26.543,26.543,26.543,26.543,
29.63,30.864,29.012,28.395,28.395,29.63,29.63,29.63,27.16,26.543,26.543,26.543,26.543,26.543,26.543,25.309,25.309,25.309,26.543,26.543,26.543,26.543,26.543,26.543,
30.864,29.63,27.778,28.395,28.395,29.63,29.63,29.63,27.16,26.543,26.543,26.543,26.543,26.543,26.543,25.309,25.309,25.309,26.543,26.543,26.543,26.543,26.543,26.543,
30.864,29.012,27.778,28.395,28.395,29.63,29.63,29.63,27.16,26.543,26.543,26.543,26.543,26.543,26.543,25.309,25.309,25.309,26.543,26.543,26.543,26.543,26.543,26.543,
30.864,29.012,27.16,27.778,27.778,29.012,29.012,29.012,27.16,26.543,26.543,26.543,26.543,26.543,26.543,25.309,25.309,25.309,26.543,26.543,26.543,26.543,26.543,26.543,
30.864,29.012,27.16,29.012,29.012,29.012,29.012,29.012,27.778,26.543,26.543,26.543,26.543,26.543,26.543,25.309,25.309,25.309,26.543,26.543,26.543,26.543,26.543,26.543,
30.864,28.395,27.16,29.012,29.012,29.012,29.012,29.012,27.778,26.543,26.543,26.543,26.543,26.543,26.543,26.543,26.543,26.543,26.543,26.543,26.543,26.543,26.543,26.543,
29.012,29.012,27.778,29.012,29.012,29.012,29.012,29.012,27.778,26.543,26.543,26.543,26.543,26.543,26.543,26.543,26.543,26.543,26.543,26.543,26.543,26.543,26.543,26.543,
29.012,29.012,27.778,29.012,29.012,29.012,29.012,29.012,27.778,26.543,26.543,26.543,26.543,26.543,26.543,26.543,26.543,26.543,26.543,26.543,26.543,26.543,26.543,26.543,
29.63,29.012,27.778,29.012,29.012,29.012,29.012,29.012,27.778,26.543,26.543,26.543,26.543,26.543,26.543,26.543,26.543,26.543,26.543,26.543,26.543,26.543,26.543,26.543,
29.63,29.012,27.778,29.012,29.012,29.012,29.012,29.012,27.778,26.543,26.543,26.543,26.543,26.543,26.543,26.543,26.543,26.543,26.543,26.543,26.543,26.543,26.543,26.543,
29.63,29.012,27.778,29.012,29.012,29.012,29.012,29.012,27.778,26.543,26.543,26.543,26.543,26.543,26.543,26.543,26.543,26.543,26.543,26.543,26.543,26.543,26.543,26.543,
29.63,29.012,27.778,29.012,29.012,29.012,29.012,29.012,27.778,26.543,26.543,26.543,26.543,26.543,26.543,26.543,26.543,26.543,26.543,26.543,26.543,26.543,26.543,26.543,
29.63,29.012,27.778,29.012,29.012,29.012,29.012,29.012,27.778,26.543,26.543,26.543,26.543,26.543,26.543,26.543,26.543,26.543,26.543,26.543,26.543,26.543,26.543,26.543,
29.63,29.012,27.778,29.012,29.012,29.012,29.012,29.012,27.778,26.543,26.543,26.543,26.543,26.543,26.543,26.543,26.543,26.543,26.543,26.543,26.543,26.543,26.543,26.543,
29.63,29.012,27.778,29.012,29.012,29.012,29.012,29.012,27.778,26.543,26.543,26.543,26.543,26.543,26.543,26.543,26.543,26.543,26.543,26.543,26.543,26.543,26.543,26.543,
29.63,29.012,27.778,29.012,29.012,29.012,29.012,29.012,27.778,26.543,26.543,26.543,26.543,26.543,26.543,26.543,26.543,26.543,26.543,26.543,26.543,26.543,26.543,26.543,
29.63,29.012,27.778,29.012,29.012,29.012,29.012,29.012,27.778,26.543,26.543,26.543,26.543,26.543,26.543,26.543,26.543,26.543,26.543,26.543,26.543,26.543,26.543,26.543,

31.061,31.818,32.576,37.121,37.121,33.333,37.121,40.152,41.667,41.667,42.424,42.424,42.424,42.424,42.424,43.939,43.939,43.939,43.939,43.939,43.939,43.939,43.939,43.939,
31.061,31.818,32.576,37.121,37.121,33.333,37.879,40.152,43.939,43.939,42.424,42.424,42.424,42.424,42.424,43.939,43.939,43.939,43.939,43.939,43.939,43.939,43.939,43.939,
31.061,31.818,33.333,37.121,37.121,34.848,37.879,40.152,43.939,43.939,43.939,43.939,43.939,43.939,43.939,43.939,43.939,43.939,43.939,43.939,43.939,43.939,43.939,43.939,
30.303,31.818,34.091,37.879,37.879,35.606,38.636,40.152,43.939,43.939,43.939,43.939,43.939,43.939,43.939,43.939,43.939,43.939,43.939,43.939,43.939,43.939,43.939,43.939,
30.303,31.818,34.091,37.879,37.879,35.606,38.636,42.424,43.939,43.939,43.939,43.939,43.939,43.939,43.939,43.939,43.939,43.939,43.939,43.939,43.939,43.939,43.939,43.939,
29.545,31.818,34.848,38.636,38.636,35.606,38.636,42.424,43.939,43.939,43.939,43.939,43.939,43.939,43.939,43.939,43.939,43.939,43.939,43.939,43.939,43.939,43.939,43.939,
28.788,31.818,34.848,37.121,38.636,35.606,38.636,42.424,43.939,43.939,43.939,43.939,43.939,43.939,43.939,43.939,43.939,43.939,43.939,43.939,43.939,43.939,43.939,43.939,
28.788,31.061,34.848,37.121,38.636,37.121,41.667,43.939,43.939,43.939,43.939,43.939,43.939,43.939,43.939,43.939,43.939,43.939,43.939,43.939,43.939,43.939,43.939,43.939,
28.788,31.061,33.333,37.121,40.152,38.636,41.667,43.939,43.939,43.939,43.939,43.939,43.939,43.939,43.939,43.939,43.939,43.939,43.939,43.939,43.939,43.939,43.939,43.939,
28.788,31.061,32.576,36.364,39.394,40.152,41.667,43.939,43.939,43.939,43.939,43.939,43.939,43.939,43.939,43.939,43.939,43.939,43.939,43.939,43.939,43.939,43.939,43.939,
28.788,31.061,32.576,36.364,39.394,40.152,43.182,43.939,43.939,43.939,43.939,43.939,43.939,43.939,43.939,43.939,43.939,43.939,43.939,43.939,43.939,43.939,43.939,43.939,
29.545,31.061,34.091,37.879,39.394,40.152,43.182,43.939,43.939,43.939,43.939,43.939,43.939,43.939,43.939,43.939,43.939,43.939,43.939,43.939,43.939,43.939,43.939,43.939,
29.545,31.061,36.364,37.879,39.394,40.152,43.182,43.939,43.939,43.939,43.939,43.939,43.939,43.939,43.939,43.939,43.939,43.939,43.939,43.939,43.939,43.939,43.939,43.939,
29.545,31.061,36.364,37.879,39.394,40.909,43.939,43.939,43.939,43.939,43.939,43.939,43.939,43.939,43.939,43.939,43.939,43.939,43.939,43.939,43.939,43.939,43.939,43.939,
29.545,31.818,36.364,37.879,39.394,40.909,43.939,43.939,43.939,43.939,43.939,43.939,43.939,43.939,43.939,43.939,43.939,43.939,43.939,43.939,43.939,43.939,43.939,43.939,
29.545,32.576,38.636,38.636,40.152,40.909,43.939,43.939,43.939,43.939,43.939,43.939,43.939,43.939,43.939,43.939,43.939,43.939,43.939,43.939,43.939,43.939,43.939,43.939,
30.303,32.576,38.636,38.636,40.909,40.909,43.939,43.939,43.939,43.939,43.939,43.939,43.939,43.939,43.939,43.939,43.939,43.939,43.939,43.939,43.939,43.939,43.939,43.939,
30.303,32.576,40.152,40.152,40.909,40.909,43.939,43.939,43.939,43.939,43.939,43.939,43.939,43.939,43.939,43.939,43.939,43.939,43.939,43.939,43.939,43.939,43.939,43.939,
31.061,32.576,40.152,40.152,40.909,40.909,43.939,43.939,43.939,43.939,43.939,43.939,43.939,43.939,43.939,43.939,43.939,43.939,43.939,43.939,43.939,43.939,43.939,43.939,
34.091,35.606,40.909,40.909,40.909,40.909,43.939,43.939,43.939,43.939,43.939,43.939,43.939,43.939,43.939,43.939,43.939,43.939,43.939,43.939,43.939,43.939,43.939,43.939,
34.848,35.606,40.909,40.909,40.909,40.909,43.939,43.939,43.939,43.939,43.939,43.939,43.939,43.939,43.939,43.939,43.939,43.939,43.939,43.939,43.939,43.939,43.939,43.939,
33.333,35.606,40.909,40.909,40.909,40.909,43.939,43.939,43.939,43.939,43.939,43.939,43.939,43.939,43.939,43.939,43.939,43.939,43.939,43.939,43.939,43.939,43.939,43.939,
33.333,37.879,40.909,40.909,40.909,40.909,43.939,43.939,43.939,43.939,43.939,43.939,43.939,43.939,43.939,43.939,43.939,43.939,43.939,43.939,43.939,43.939,43.939,43.939,
32.576,40.909,40.909,40.909,40.909,40.909,43.939,43.939,43.939,43.939,43.939,43.939,43.939,43.939,43.939,43.939,43.939,43.939,43.939,43.939,43.939,43.939,43.939,43.939,
37.121,40.909,40.909,40.909,40.909,40.909,43.939,43.939,43.939,43.939,43.939,43.939,43.939,43.939,43.939,43.939,43.939,43.939,43.939,43.939,43.939,43.939,43.939,43.939,
38.636,40.909,40.909,40.909,40.909,40.909,43.939,43.939,43.939,43.939,43.939,43.939,43.939,43.939,43.939,43.939,43.939,43.939,43.939,43.939,43.939,43.939,43.939,43.939,
38.636,40.909,40.909,40.909,40.909,40.909,43.939,43.939,43.939,43.939,43.939,43.939,43.939,43.939,43.939,43.939,43.939,43.939,43.939,43.939,43.939,43.939,43.939,43.939,
38.636,40.909,40.909,40.909,40.909,40.909,43.939,43.939,43.939,43.939,43.939,43.939,43.939,43.939,43.939,43.939,43.939,43.939,43.939,43.939,43.939,43.939,43.939,43.939,
39.394,40.909,40.909,40.909,40.909,40.909,43.939,43.939,43.939,43.939,43.939,43.939,43.939,43.939,43.939,43.939,43.939,43.939,43.939,43.939,43.939,43.939,43.939,43.939,
39.394,40.909,40.909,40.909,40.909,40.909,43.939,43.939,43.939,43.939,43.939,43.939,43.939,43.939,43.939,43.939,43.939,43.939,43.939,43.939,43.939,43.939,43.939,43.939,
39.394,40.909,40.909,40.909,40.909,40.909,43.939,43.939,43.939,43.939,43.939,43.939,43.939,43.939,43.939,43.939,43.939,43.939,43.939,43.939,43.939,43.939,43.939,43.939,
39.394,40.909,40.909,40.909,40.909,40.909,43.939,43.939,43.939,43.939,43.939,43.939,43.939,43.939,43.939,43.939,43.939,43.939,43.939,43.939,43.939,43.939,43.939,43.939,
39.394,40.909,40.909,40.909,40.909,40.909,43.939,43.939,43.939,43.939,43.939,43.939,43.939,43.939,43.939,43.939,43.939,43.939,43.939,43.939,43.939,43.939,43.939,43.939,
39.394,40.909,40.909,40.909,40.909,40.909,43.939,43.939,43.939,43.939,43.939,43.939,43.939,43.939,43.939,43.939,43.939,43.939,43.939,43.939,43.939,43.939,43.939,43.939,
39.394,40.909,40.909,40.909,40.909,40.909,43.939,43.939,43.939,43.939,43.939,43.939,43.939,43.939,43.939,43.939,43.939,43.939,43.939,43.939,43.939,43.939,43.939,43.939,
39.394,40.909,40.909,40.909,40.909,40.909,43.939,43.939,43.939,43.939,43.939,43.939,43.939,43.939,43.939,43.939,43.939,43.939,43.939,43.939,43.939,43.939,43.939,43.939,
39.394,40.909,40.909,40.909,40.909,40.909,43.939,43.939,43.939,43.939,43.939,43.939,43.939,43.939,43.939,43.939,43.939,43.939,43.939,43.939,43.939,43.939,43.939,43.939,
39.394,40.909,40.909,40.909,40.909,40.909,43.939,43.939,43.939,43.939,43.939,43.939,43.939,43.939,43.939,43.939,43.939,43.939,43.939,43.939,43.939,43.939,43.939,43.939,
39.394,40.909,40.909,40.909,40.909,40.909,43.939,43.939,43.939,43.939,43.939,43.939,43.939,43.939,43.939,43.939,43.939,43.939,43.939,43.939,43.939,43.939,43.939,43.939,
39.394,40.909,40.909,40.909,40.909,40.909,43.939,43.939,43.939,43.939,43.939,43.939,43.939,43.939,43.939,43.939,43.939,43.939,43.939,43.939,43.939,43.939,43.939,43.939,
40.152,40.909,40.909,40.909,40.909,40.909,43.939,43.939,43.939,43.939,43.939,43.939,43.939,43.939,43.939,43.939,43.939,43.939,43.939,43.939,43.939,43.939,43.939,43.939,
40.152,40.909,40.909,40.909,40.909,40.909,43.939,43.939,43.939,43.939,43.939,43.939,43.939,43.939,43.939,43.939,43.939,43.939,43.939,43.939,43.939,43.939,43.939,43.939,
40.152,40.909,40.909,40.909,40.909,40.909,43.939,43.939,43.939,43.939,43.939,43.939,43.939,43.939,43.939,43.939,43.939,43.939,43.939,43.939,43.939,43.939,43.939,43.939,
40.152,40.909,40.909,40.909,40.909,40.909,43.939,43.939,43.939,43.939,43.939,43.939,43.939,43.939,43.939,43.939,43.939,43.939,43.939,43.939,43.939,43.939,43.939,43.939,
40.152,40.909,40.909,40.909,40.909,40.909,43.939,43.939,43.939,43.939,43.939,43.939,43.939,43.939,43.939,43.939,43.939,43.939,43.939,43.939,43.939,43.939,43.939,43.939,
40.152,40.909,40.909,40.909,40.909,40.909,43.939,43.939,43.939,43.939,43.939,43.939,43.939,43.939,43.939,43.939,43.939,43.939,43.939,43.939,43.939,43.939,43.939,43.939,
43.182,40.909,40.909,40.909,40.909,40.909,43.939,43.939,43.939,43.939,43.939,43.939,43.939,43.939,43.939,43.939,43.939,43.939,43.939,43.939,43.939,43.939,43.939,43.939,
43.182,43.939,43.939,43.939,43.939,43.939,43.939,43.939,43.939,43.939,43.939,43.939,43.939,43.939,43.939,43.939,43.939,43.939,43.939,43.939,43.939,43.939,43.939,43.939,
43.182,43.939,43.939,43.939,43.939,43.939,43.939,43.939,43.939,43.939,43.939,43.939,43.939,43.939,43.939,43.939,43.939,43.939,43.939,43.939,43.939,43.939,43.939,43.939,
43.182,43.939,43.939,43.939,43.939,43.939,43.939,43.939,43.939,43.939,43.939,43.939,43.939,43.939,43.939,43.939,43.939,43.939,43.939,43.939,43.939,43.939,43.939,43.939,

26.531,21.769,25.85,19.728,21.769,21.769,23.81,21.088,24.49,27.211,28.571,27.891,27.891,27.891,27.891,27.891,29.252,29.252,29.252,29.252,29.252,29.252,29.252,29.252,
26.531,21.769,25.85,19.728,21.769,21.769,23.81,21.088,24.49,27.211,28.571,27.891,27.891,27.891,27.891,27.891,29.252,29.252,29.252,29.252,29.252,29.252,29.252,29.252,
26.531,21.769,25.85,19.728,21.769,21.769,23.81,21.088,24.49,27.211,28.571,27.891,27.891,27.891,27.891,27.891,29.252,29.252,29.252,29.252,29.252,29.252,29.252,29.252,
26.531,21.769,25.85,19.728,21.769,21.769,23.81,21.088,24.49,27.211,28.571,27.891,27.891,27.891,27.891,27.891,29.252,29.252,29.252,29.252,29.252,29.252,29.252,29.252,
26.531,21.769,25.85,19.728,21.769,21.088,23.81,21.088,24.49,27.211,28.571,27.891,27.891,27.891,27.891,27.891,29.252,29.252,29.252,29.252,29.252,29.252,29.252,29.252,
27.211,21.769,25.85,19.728,21.769,21.088,23.81,21.769,24.49,27.211,28.571,27.891,27.891,27.891,27.891,27.891,29.252,29.252,29.252,29.252,29.252,29.252,29.252,29.252,
27.211,22.449,25.85,19.728,21.088,21.088,24.49,22.449,25.17,27.211,28.571,27.891,27.891,27.891,27.891,27.891,29.252,29.252,29.252,29.252,29.252,29.252,29.252,29.252,
27.211,22.449,25.85,19.728,21.088,21.088,24.49,22.449,25.17,27.211,28.571,27.891,27.891,27.891,27.891,27.891,29.252,29.252,29.252,29.252,29.252,29.252,29.252,29.252,
27.211,22.449,25.85,19.728,21.769,22.449,25.17,24.49,25.85,27.211,28.571,27.891,27.891,27.891,27.891,27.891,29.252,29.252,29.252,29.252,29.252,29.252,29.252,29.252,
27.211,22.449,25.85,19.728,21.769,22.449,25.17,24.49,25.85,27.211,28.571,27.891,27.891,27.891,27.891,27.891,29.252,29.252,29.252,29.252,29.252,29.252,29.252,29.252,
27.211,22.449,25.85,19.728,21.769,22.449,25.17,24.49,25.85,27.211,28.571,27.891,27.891,27.891,27.891,27.891,29.252,29.252,29.252,29.252,29.252,29.252,29.252,29.252,
27.211,22.449,25.85,19.728,21.769,22.449,25.17,24.49,25.85,27.211,28.571,27.891,27.891,27.891,27.891,27.891,29.252,29.252,29.252,29.252,29.252,29.252,29.252,29.252,
27.211,22.449,25.85,20.408,22.449,22.449,25.17,24.49,25.85,27.211,28.571,27.891,27.891,27.891,27.891,27.891,29.252,29.252,29.252,29.252,29.252,29.252,29.252,29.252,
27.211,21.769,25.17,20.408,22.449,22.449,25.17,24.49,25.85,27.211,28.571,27.891,27.891,27.891,27.891,27.891,29.252,29.252,29.252,29.252,29.252,29.252,29.252,29.252,
27.211,21.769,25.17,21.088,22.449,22.449,25.17,24.49,25.85,29.932,28.571,27.891,27.891,27.891,27.891,27.891,29.252,29.252,29.252,29.252,29.252,29.252,29.252,29.252,
27.211,21.088,24.49,21.088,22.449,22.449,25.17,24.49,25.85,29.932,28.571,27.891,27.891,27.891,27.891,27.891,29.252,29.252,29.252,29.252,29.252,29.252,29.252,29.252,
27.211,21.088,24.49,21.088,22.449,22.449,25.17,24.49,25.85,29.932,28.571,27.891,27.891,27.891,27.891,27.891,29.252,29.252,29.252,29.252,29.252,29.252,29.252,29.252,
27.211,21.088,24.49,21.769,23.129,23.129,25.17,24.49,25.85,29.932,28.571,27.891,27.891,27.891,27.891,27.891,29.252,29.252,29.252,29.252,29.252,29.252,29.252,29.252,
27.211,21.088,25.17,21.769,22.449,23.129,25.17,27.211,28.571,29.932,28.571,27.891,27.891,27.891,27.891,27.891,29.252,29.252,29.252,29.252,29.252,29.252,29.252,29.252,
27.891,21.769,25.17,21.769,22.449,23.129,25.17,27.211,28.571,29.932,28.571,27.891,27.891,27.891,27.891,27.891,29.252,29.252,29.252,29.252,29.252,29.252,29.252,29.252,
28.571,21.769,24.49,21.769,22.449,23.129,25.17,27.211,28.571,29.932,28.571,27.891,27.891,27.891,27.891,27.891,29.252,29.252,29.252,29.252,29.252,29.252,29.252,29.252,
28.571,21.769,24.49,21.769,22.449,23.129,25.17,27.211,28.571,29.932,28.571,27.891,27.891,27.891,27.891,27.891,29.252,29.252,29.252,29.252,29.252,29.252,29.252,29.252,
28.571,22.449,26.531,23.129,22.449,23.81,25.17,27.211,28.571,29.932,28.571,27.891,27.891,27.891,27.891,27.891,29.252,29.252,29.252,29.252,29.252,29.252,29.252,29.252,
29.932,23.81,26.531,23.129,22.449,23.81,25.17,27.211,28.571,29.932,28.571,27.891,27.891,27.891,27.891,27.891,29.252,29.252,29.252,29.252,29.252,29.252,29.252,29.252,
29.932,25.17,26.531,23.129,23.81,25.17,26.531,27.211,28.571,29.932,29.932,29.252,29.252,29.252,29.252,29.252,29.252,29.252,29.252,29.252,29.252,29.252,29.252,29.252,
29.252,25.17,26.531,23.129,23.81,25.17,26.531,27.211,28.571,29.932,29.932,29.252,29.252,29.252,29.252,29.252,29.252,29.252,29.252,29.252,29.252,29.252,29.252,29.252,
29.252,25.85,26.531,23.129,23.81,25.17,26.531,27.211,28.571,29.932,29.932,29.252,29.252,29.252,29.252,29.252,29.252,29.252,29.252,29.252,29.252,29.252,29.252,29.252,
29.252,25.85,26.531,23.129,25.85,25.85,26.531,27.211,28.571,29.932,29.932,29.252,29.252,29.252,29.252,29.252,29.252,29.252,29.252,29.252,29.252,29.252,29.252,29.252,
28.571,25.85,29.252,24.49,25.85,25.85,26.531,27.211,28.571,29.932,30.612,29.252,29.252,29.252,29.252,29.252,29.252,29.252,29.252,29.252,29.252,29.252,29.252,29.252,
28.571,25.85,29.252,25.85,27.211,27.211,27.891,28.571,29.932,29.932,30.612,29.252,29.252,29.252,29.252,29.252,29.252,29.252,29.252,29.252,29.252,29.252,29.252,29.252,
27.891,28.571,28.571,26.531,27.211,27.211,27.891,28.571,29.932,29.932,30.612,29.252,29.252,29.252,29.252,29.252,29.252,29.252,29.252,29.252,29.252,29.252,29.252,29.252,
29.252,28.571,28.571,26.531,27.211,27.211,27.891,28.571,29.932,29.932,30.612,29.252,29.252,29.252,29.252,29.252,29.252,29.252,29.252,29.252,29.252,29.252,29.252,29.252,
29.252,28.571,28.571,26.531,27.211,27.211,27.891,28.571,29.932,29.932,30.612,29.252,29.252,29.252,29.252,29.252,29.252,29.252,29.252,29.252,29.252,29.252,29.252,29.252,
29.252,28.571,28.571,26.531,27.211,27.211,27.891,28.571,29.932,29.932,30.612,29.252,29.252,29.252,29.252,29.252,29.252,29.252,29.252,29.252,29.252,29.252,29.252,29.252,
29.252,28.571,28.571,26.531,27.211,27.211,27.891,28.571,29.932,29.932,30.612,29.252,29.252,29.252,29.252,29.252,29.252,29.252,29.252,29.252,29.252,29.252,29.252,29.252,
29.252,28.571,29.252,26.531,27.211,27.211,27.891,28.571,29.932,29.932,30.612,29.252,29.252,29.252,29.252,29.252,29.252,29.252,29.252,29.252,29.252,29.252,29.252,29.252,
28.571,27.891,29.252,27.891,27.211,27.211,27.891,28.571,29.932,29.932,30.612,29.252,29.252,29.252,29.252,29.252,29.252,29.252,29.252,29.252,29.252,29.252,29.252,29.252,
29.252,27.891,29.252,27.211,27.211,27.211,27.891,28.571,29.932,29.932,30.612,29.252,29.252,29.252,29.252,29.252,29.252,29.252,29.252,29.252,29.252,29.252,29.252,29.252,
29.252,27.891,29.932,27.891,27.891,27.891,28.571,29.252,29.932,29.932,30.612,29.252,29.252,29.252,29.252,29.252,29.252,29.252,29.252,29.252,29.252,29.252,29.252,29.252,
29.252,29.252,29.932,27.891,27.891,27.891,28.571,29.252,29.932,29.932,30.612,29.252,29.252,29.252,29.252,29.252,29.252,29.252,29.252,29.252,29.252,29.252,29.252,29.252,
29.252,29.252,29.932,27.891,27.891,27.891,28.571,29.252,29.932,29.932,30.612,29.252,29.252,29.252,29.252,29.252,29.252,29.252,29.252,29.252,29.252,29.252,29.252,29.252,
29.252,29.252,29.932,27.891,27.891,27.891,28.571,29.252,29.932,29.252,29.932,29.252,29.252,29.252,29.252,29.252,29.252,29.252,29.252,29.252,29.252,29.252,29.252,29.252,
30.612,30.612,30.612,27.891,27.891,27.891,28.571,29.252,29.932,29.252,29.932,29.252,29.252,29.252,29.252,29.252,29.252,29.252,29.252,29.252,29.252,29.252,29.252,29.252,
31.293,31.293,31.293,28.571,28.571,28.571,29.252,29.252,29.932,29.252,29.932,29.252,29.252,29.252,29.252,29.252,29.252,29.252,29.252,29.252,29.252,29.252,29.252,29.252,
30.612,30.612,31.973,29.252,29.252,29.252,29.252,29.252,29.932,29.252,29.932,29.252,29.252,29.252,29.252,29.252,29.252,29.252,29.252,29.252,29.252,29.252,29.252,29.252,
31.293,31.973,31.973,29.252,29.252,29.252,29.252,29.252,29.252,28.571,29.252,29.252,29.252,29.252,29.252,29.252,29.252,29.252,29.252,29.252,29.252,29.252,29.252,29.252,
31.293,31.293,31.973,29.252,29.252,29.252,29.252,29.252,29.252,28.571,29.252,29.252,29.252,29.252,29.252,29.252,29.252,29.252,29.252,29.252,29.252,29.252,29.252,29.252,
31.293,31.293,31.973,27.891,27.891,27.891,27.891,27.891,27.891,28.571,27.891,27.891,27.891,27.891,27.891,27.891,27.891,27.891,27.891,27.891,27.891,27.891,27.891,27.891,
30.612,30.612,30.612,27.891,27.891,27.891,27.891,27.891,27.891,27.211,27.891,27.891,27.891,27.891,27.891,27.891,27.891,27.891,27.891,27.891,27.891,27.891,27.891,27.891,
28.571,28.571,28.571,25.85,25.85,25.85,25.85,25.85,25.85,25.85,25.85,25.85,25.85,25.85,25.85,25.85,25.85,25.85,25.85,25.85,25.85,25.85,25.85,25.85,

28.169,25.352,24.648,26.056,28.169,28.873,32.394,29.577,28.169,33.099,34.507,33.803,33.803,33.803,33.803,33.803,33.803,33.803,33.803,33.803,33.803,33.803,33.803,33.803,
28.169,25.352,24.648,26.056,28.169,28.873,32.394,29.577,28.169,33.099,34.507,33.803,33.803,33.803,33.803,33.803,33.803,33.803,33.803,33.803,33.803,33.803,33.803,33.803,
28.169,25.352,24.648,26.056,28.169,28.873,32.394,29.577,28.169,33.099,34.507,33.803,33.803,33.803,33.803,33.803,33.803,33.803,33.803,33.803,33.803,33.803,33.803,33.803,
28.169,25.352,24.648,26.056,28.169,28.873,32.394,29.577,28.169,33.099,34.507,33.803,33.803,33.803,33.803,33.803,33.803,33.803,33.803,33.803,33.803,33.803,33.803,33.803,
28.169,25.352,24.648,26.056,28.169,28.873,32.394,29.577,28.169,33.099,34.507,33.803,33.803,33.803,33.803,33.803,33.803,33.803,33.803,33.803,33.803,33.803,33.803,33.803,
28.169,25.352,24.648,26.056,28.169,28.873,32.394,29.577,28.169,33.099,34.507,33.803,33.803,33.803,33.803,33.803,33.803,33.803,33.803,33.803,33.803,33.803,33.803,33.803,
28.873,26.056,25.352,27.465,28.873,28.873,32.394,29.577,28.169,33.099,34.507,33.803,33.803,33.803,33.803,33.803,33.803,33.803,33.803,33.803,33.803,33.803,33.803,33.803,
28.873,26.056,25.352,27.465,28.873,28.873,32.394,29.577,28.169,33.099,34.507,33.803,33.803,33.803,33.803,33.803,33.803,33.803,33.803,33.803,33.803,33.803,33.803,33.803,
28.873,26.056,25.352,27.465,28.873,28.873,32.394,28.169,26.761,33.099,34.507,33.803,33.803,33.803,33.803,33.803,33.803,33.803,33.803,33.803,33.803,33.803,33.803,33.803,
28.873,26.056,25.352,27.465,28.873,28.873,32.394,28.169,26.761,33.099,34.507,33.803,33.803,33.803,33.803,33.803,33.803,33.803,33.803,33.803,33.803,33.803,33.803,33.803,
28.873,26.056,25.352,27.465,28.873,28.873,33.099,28.873,27.465,33.803,34.507,33.803,33.803,33.803,33.803,33.803,33.803,33.803,33.803,33.803,33.803,33.803,33.803,33.803,
29.577,26.761,26.761,26.761,28.169,28.169,33.099,28.873,28.169,33.803,34.507,32.394,32.394,32.394,32.394,32.394,32.394,32.394,32.394,32.394,32.394,32.394,32.394,32.394,
30.282,27.465,26.056,26.056,27.465,27.465,32.394,28.873,28.169,33.803,34.507,32.394,32.394,32.394,32.394,32.394,32.394,32.394,32.394,32.394,32.394,32.394,32.394,32.394,
30.986,27.465,27.465,26.056,27.465,27.465,32.394,28.873,28.169,33.803,34.507,32.394,32.394,32.394,32.394,32.394,32.394,32.394,32.394,32.394,32.394,32.394,32.394,32.394,
30.986,27.465,26.761,26.761,27.465,27.465,32.394,28.873,28.169,33.803,34.507,32.394,32.394,32.394,32.394,32.394,32.394,32.394,32.394,32.394,32.394,32.394,32.394,32.394,
30.986,28.873,26.761,26.761,27.465,27.465,32.394,28.873,28.169,33.803,34.507,32.394,32.394,32.394,32.394,32.394,32.394,32.394,32.394,32.394,32.394,32.394,32.394,32.394,
30.282,27.465,26.761,26.761,27.465,27.465,32.394,28.873,28.169,33.803,33.803,30.986,30.986,30.986,30.986,30.986,30.986,30.986,30.986,30.986,30.986,30.986,30.986,30.986,
30.282,27.465,26.761,26.761,27.465,27.465,32.394,28.873,28.169,33.803,33.803,30.986,30.986,30.986,30.986,30.986,30.986,30.986,30.986,30.986,30.986,30.986,30.986,30.986,
30.282,27.465,26.761,26.761,27.465,27.465,32.394,28.873,28.169,33.803,33.803,30.986,30.986,30.986,30.986,30.986,30.986,30.986,30.986,30.986,30.986,30.986,30.986,30.986,
30.282,27.465,26.761,26.761,27.465,27.465,31.69,28.169,27.465,33.099,33.099,30.986,30.986,30.986,30.986,30.986,30.986,30.986,30.986,30.986,30.986,30.986,30.986,30.986,
30.282,26.761,26.761,24.648,25.352,25.352,30.282,27.465,26.761,32.394,32.394,30.986,30.986,30.986,30.986,30.986,30.986,30.986,30.986,30.986,30.986,30.986,30.986,30.986,
31.69,26.761,28.169,26.056,26.761,25.352,30.282,27.465,26.761,32.394,32.394,30.986,30.986,30.986,30.986,30.986,30.986,30.986,30.986,30.986,30.986,30.986,30.986,30.986,
29.577,26.056,28.169,26.056,26.761,25.352,30.282,27.465,26.761,32.394,32.394,30.986,30.986,30.986,30.986,30.986,30.986,30.986,30.986,30.986,30.986,30.986,30.986,30.986,
28.873,26.056,28.169,26.761,26.761,26.056,28.873,27.465,26.761,32.394,32.394,30.986,30.986,30.986,30.986,30.986,30.986,30.986,30.986,30.986,30.986,30.986,30.986,30.986,
28.873,26.056,26.761,26.761,26.761,26.056,28.873,27.465,26.761,32.394,32.394,30.986,30.986,30.986,30.986,30.986,30.986,30.986,30.986,30.986,30.986,30.986,30.986,30.986,
28.873,25.352,26.056,26.761,26.761,26.056,29.577,27.465,26.761,32.394,32.394,30.986,30.986,30.986,30.986,30.986,30.986,30.986,30.986,30.986,30.986,30.986,30.986,30.986,
28.873,25.352,26.056,26.761,26.761,26.761,29.577,27.465,26.761,33.099,33.099,31.69,31.69,31.69,31.69,31.69,31.69,31.69,31.69,31.69,31.69,31.69,31.69,31.69,
28.873,25.352,26.056,26.761,26.761,28.169,29.577,28.873,26.761,33.099,33.099,31.69,31.69,31.69,31.69,31.69,31.69,31.69,31.69,31.69,31.69,31.69,31.69,31.69,
28.873,25.352,26.056,26.761,27.465,28.873,28.873,28.873,26.761,33.099,33.099,31.69,31.69,31.69,31.69,31.69,31.69,31.69,31.69,31.69,31.69,31.69,31.69,31.69,
28.873,24.648,25.352,24.648,27.465,28.873,28.873,28.873,26.761,31.69,31.69,31.69,31.69,31.69,31.69,31.69,31.69,31.69,31.69,31.69,31.69,31.69,31.69,31.69,
28.873,24.648,25.352,24.648,27.465,28.873,28.873,27.465,26.761,30.282,30.282,31.69,31.69,31.69,31.69,31.69,31.69,31.69,31.69,31.69,31.69,31.69,31.69,31.69,
29.577,26.056,25.352,24.648,26.761,28.873,29.577,28.169,26.761,30.282,30.282,31.69,33.099,33.099,33.099,33.099,33.099,33.099,33.099,33.099,33.099,33.099,33.099,33.099,
29.577,26.761,27.465,27.465,28.169,30.282,30.986,29.577,27.465,30.986,31.69,31.69,33.099,33.099,33.099,33.099,33.099,33.099,33.099,33.099,33.099,33.099,33.099,33.099,
29.577,27.465,26.761,26.761,26.761,28.169,30.282,29.577,27.465,30.986,31.69,31.69,33.099,33.099,33.099,33.099,33.099,33.099,33.099,33.099,33.099,33.099,33.099,33.099,
28.169,27.465,26.761,26.761,26.761,28.873,30.986,30.282,28.169,30.986,31.69,31.69,33.099,33.099,33.099,33.099,33.099,33.099,33.099,33.099,33.099,33.099,33.099,33.099,
28.873,27.465,26.761,26.761,26.761,28.873,30.986,30.282,28.169,30.986,31.69,31.69,33.099,33.099,33.099,33.099,33.099,33.099,33.099,33.099,33.099,33.099,33.099,33.099,
28.873,28.169,26.761,28.169,28.169,28.873,30.986,30.282,26.761,30.986,30.282,30.282,31.69,31.69,31.69,31.69,31.69,31.69,31.69,31.69,31.69,31.69,31.69,31.69,
28.169,27.465,27.465,28.169,28.169,28.873,30.986,30.282,28.169,30.986,30.282,30.282,31.69,31.69,31.69,31.69,31.69,31.69,31.69,31.69,31.69,31.69,31.69,31.69,
28.169,28.169,29.577,29.577,29.577,30.282,30.986,30.986,30.986,30.986,30.282,30.282,31.69,31.69,31.69,31.69,31.69,31.69,31.69,31.69,31.69,31.69,31.69,31.69,
29.577,28.169,29.577,29.577,29.577,30.282,30.282,30.282,30.282,30.282,30.282,30.282,31.69,31.69,31.69,31.69,31.69,31.69,31.69,31.69,31.69,31.69,31.69,31.69,
29.577,29.577,29.577,29.577,29.577,30.282,30.282,30.986,30.282,30.282,30.282,30.282,31.69,31.69,31.69,31.69,31.69,31.69,31.69,31.69,31.69,31.69,31.69,31.69,
29.577,30.986,31.69,31.69,31.69,31.69,31.69,31.69,31.69,31.69,31.69,31.69,31.69,31.69,31.69,31.69,31.69,31.69,31.69,31.69,31.69,31.69,31.69,31.69,
32.394,31.69,31.69,31.69,31.69,31.69,31.69,31.69,31.69,31.69,31.69,31.69,31.69,31.69,31.69,31.69,31.69,31.69,31.69,31.69,31.69,31.69,31.69,31.69,
31.69,31.69,31.69,31.69,31.69,31.69,31.69,31.69,31.69,31.69,31.69,31.69,31.69,31.69,31.69,31.69,31.69,31.69,31.69,31.69,31.69,31.69,31.69,31.69,
33.099,31.69,31.69,31.69,31.69,31.69,31.69,31.69,31.69,31.69,31.69,31.69,31.69,31.69,31.69,31.69,31.69,31.69,31.69,31.69,31.69,31.69,31.69,31.69,
32.394,31.69,31.69,31.69,31.69,31.69,31.69,31.69,31.69,31.69,31.69,31.69,31.69,31.69,31.69,31.69,31.69,31.69,31.69,31.69,31.69,31.69,31.69,31.69,
32.394,31.69,31.69,31.69,31.69,31.69,31.69,31.69,31.69,31.69,31.69,31.69,31.69,31.69,31.69,31.69,31.69,31.69,31.69,31.69,31.69,31.69,31.69,31.69,
31.69,31.69,31.69,31.69,31.69,31.69,31.69,31.69,31.69,31.69,31.69,31.69,31.69,31.69,31.69,31.69,31.69,31.69,31.69,31.69,31.69,31.69,31.69,31.69,
31.69,31.69,31.69,31.69,31.69,31.69,31.69,31.69,31.69,31.69,31.69,31.69,31.69,31.69,31.69,31.69,31.69,31.69,31.69,31.69,31.69,31.69,31.69,31.69,
31.69,31.69,31.69,31.69,31.69,31.69,31.69,31.69,31.69,31.69,31.69,31.69,31.69,31.69,31.69,31.69,31.69,31.69,31.69,31.69,31.69,31.69,31.69,31.69,

32.54,29.365,32.54,34.127,33.333,34.921,38.889,38.889,38.095,36.508,34.127,34.127,35.714,35.714,35.714,35.714,36.508,38.095,38.095,38.889,39.683,39.683,39.683,39.683,
32.54,29.365,32.54,34.127,33.333,34.921,38.889,38.889,38.095,36.508,34.127,34.127,35.714,35.714,35.714,35.714,36.508,38.095,38.095,38.889,39.683,39.683,39.683,39.683,
32.54,29.365,32.54,34.127,33.333,34.921,38.889,38.889,38.095,36.508,34.127,34.127,35.714,35.714,35.714,35.714,36.508,38.095,38.095,38.889,39.683,39.683,39.683,39.683,
32.54,29.365,32.54,34.127,33.333,34.921,38.889,38.889,38.095,36.508,34.127,34.127,35.714,35.714,35.714,35.714,36.508,38.095,38.095,38.889,39.683,39.683,39.683,39.683,
32.54,29.365,32.54,34.127,33.333,34.921,38.889,38.889,38.095,36.508,34.127,34.127,35.714,35.714,35.714,35.714,36.508,38.095,38.095,38.889,39.683,39.683,39.683,39.683,
32.54,29.365,32.54,34.127,33.333,34.921,38.889,38.889,38.095,36.508,34.127,34.127,35.714,35.714,35.714,35.714,36.508,38.095,38.095,38.889,39.683,39.683,39.683,39.683,
32.54,29.365,32.54,34.127,33.333,34.921,38.889,38.889,38.095,36.508,34.127,34.127,35.714,35.714,35.714,35.714,36.508,38.095,38.095,38.889,39.683,39.683,39.683,39.683,
32.54,29.365,32.54,34.127,33.333,34.921,37.302,38.889,38.095,36.508,34.127,34.127,35.714,35.714,35.714,35.714,36.508,38.095,38.095,38.889,39.683,39.683,39.683,39.683,
30.952,29.365,32.54,34.127,33.333,34.921,37.302,38.889,38.095,36.508,34.127,34.127,35.714,35.714,35.714,35.714,36.508,38.889,38.889,38.889,39.683,39.683,39.683,39.683,
30.952,29.365,32.54,34.127,33.333,34.921,37.302,38.889,38.095,36.508,34.127,34.127,35.714,35.714,35.714,35.714,36.508,38.889,38.889,38.889,39.683,39.683,39.683,39.683,
30.952,29.365,33.333,34.127,33.333,34.921,37.302,38.889,38.095,36.508,35.714,35.714,37.302,37.302,37.302,37.302,37.302,38.889,38.889,38.889,39.683,39.683,39.683,39.683,
30.952,29.365,33.333,34.127,33.333,34.921,37.302,38.889,38.095,36.508,35.714,35.714,37.302,37.302,37.302,37.302,37.302,38.889,38.889,38.889,39.683,39.683,39.683,39.683,
30.952,30.159,34.127,34.921,33.333,34.921,37.302,38.889,38.095,36.508,35.714,35.714,37.302,37.302,37.302,37.302,37.302,38.889,38.889,38.889,39.683,39.683,39.683,39.683,
30.952,30.159,34.127,34.921,33.333,34.921,37.302,38.889,38.095,36.508,35.714,35.714,37.302,37.302,37.302,37.302,37.302,38.889,38.889,38.889,39.683,39.683,39.683,39.683,
30.952,30.159,34.127,34.921,33.333,34.921,37.302,38.889,38.095,36.508,35.714,35.714,37.302,37.302,37.302,37.302,37.302,38.889,38.889,38.889,39.683,39.683,39.683,39.683,
30.952,30.159,34.127,34.921,33.333,34.921,37.302,38.889,38.095,36.508,35.714,35.714,37.302,37.302,37.302,37.302,37.302,38.889,38.889,38.889,39.683,39.683,39.683,39.683,
30.952,30.159,34.127,35.714,33.333,34.921,37.302,38.889,37.302,36.508,35.714,35.714,37.302,37.302,37.302,37.302,37.302,38.889,38.889,38.889,39.683,39.683,39.683,39.683,
30.952,30.159,34.127,35.714,33.333,34.921,37.302,38.889,36.508,35.714,35.714,35.714,37.302,37.302,37.302,37.302,37.302,38.889,38.889,38.889,39.683,39.683,39.683,39.683,
30.952,30.952,34.127,35.714,32.54,34.921,37.302,38.095,35.714,35.714,35.714,35.714,37.302,37.302,37.302,37.302,37.302,38.889,38.889,38.889,39.683,39.683,39.683,39.683,
30.952,30.952,34.127,35.714,32.54,34.921,37.302,38.095,35.714,35.714,35.714,35.714,37.302,37.302,37.302,37.302,37.302,38.889,38.889,38.889,39.683,39.683,39.683,39.683,
30.159,30.159,33.333,35.714,33.333,34.921,37.302,38.095,35.714,35.714,35.714,35.714,37.302,37.302,37.302,37.302,37.302,38.889,38.889,38.889,39.683,39.683,39.683,39.683,
30.159,30.159,32.54,34.921,34.127,35.714,38.095,38.889,36.508,36.508,37.302,37.302,38.889,38.889,38.889,38.889,38.889,38.889,38.889,38.889,39.683,39.683,39.683,39.683,
30.159,28.571,30.952,34.921,34.127,35.714,38.095,38.889,36.508,36.508,37.302,37.302,38.889,38.889,38.889,38.889,38.889,38.889,38.889,38.889,39.683,39.683,39.683,39.683,
30.159,28.571,30.952,34.921,34.921,36.508,38.095,38.889,37.302,37.302,38.095,38.095,39.683,39.683,39.683,39.683,39.683,39.683,39.683,39.683,39.683,39.683,39.683,39.683,
30.952,29.365,32.54,34.921,34.127,35.714,36.508,37.302,37.302,37.302,38.095,38.095,39.683,39.683,39.683,39.683,39.683,39.683,39.683,39.683,39.683,39.683,39.683,39.683,
30.952,28.571,32.54,35.714,34.127,35.714,36.508,37.302,37.302,37.302,38.095,38.095,39.683,39.683,39.683,39.683,39.683,39.683,39.683,39.683,39.683,39.683,39.683,39.683,
28.571,26.984,30.952,35.714,34.127,34.921,35.714,36.508,37.302,37.302,38.095,38.095,39.683,39.683,39.683,39.683,39.683,39.683,39.683,39.683,39.683,39.683,39.683,39.683,
27.778,26.984,30.952,36.508,34.127,34.921,35.714,36.508,37.302,37.302,38.095,38.095,39.683,39.683,39.683,39.683,39.683,39.683,39.683,39.683,39.683,39.683,39.683,39.683,
27.778,29.365,32.54,35.714,34.921,34.921,35.714,37.302,38.095,38.095,38.095,38.095,39.683,39.683,39.683,39.683,39.683,39.683,39.683,39.683,39.683,39.683,39.683,39.683,
27.778,30.159,33.333,34.921,34.921,34.921,35.714,37.302,38.095,38.095,39.683,39.683,39.683,39.683,39.683,39.683,39.683,39.683,39.683,39.683,39.683,39.683,39.683,39.683,
27.778,30.952,32.54,34.127,34.921,34.921,35.714,37.302,38.095,38.095,39.683,39.683,39.683,39.683,39.683,39.683,39.683,39.683,39.683,39.683,39.683,39.683,39.683,39.683,
28.571,30.952,32.54,34.127,34.921,35.714,36.508,37.302,38.095,38.095,39.683,39.683,39.683,39.683,39.683,39.683,39.683,39.683,39.683,39.683,39.683,39.683,39.683,39.683,
31.746,30.952,32.54,34.127,34.921,35.714,36.508,37.302,38.095,38.095,39.683,39.683,39.683,39.683,39.683,39.683,39.683,39.683,39.683,39.683,39.683,39.683,39.683,39.683,
30.159,29.365,31.746,34.127,34.921,35.714,36.508,37.302,38.095,38.095,39.683,39.683,39.683,39.683,39.683,39.683,39.683,39.683,39.683,39.683,39.683,39.683,39.683,39.683,
30.952,30.952,32.54,34.921,35.714,35.714,36.508,38.095,38.889,38.889,39.683,39.683,39.683,39.683,39.683,39.683,39.683,39.683,39.683,39.683,39.683,39.683,39.683,39.683,
30.159,31.746,34.127,35.714,35.714,35.714,37.302,38.889,39.683,39.683,39.683,39.683,39.683,39.683,39.683,39.683,39.683,39.683,39.683,39.683,39.683,39.683,39.683,39.683,
32.54,33.333,35.714,37.302,35.714,36.508,38.095,38.889,39.683,39.683,39.683,39.683,39.683,39.683,39.683,39.683,39.683,39.683,39.683,39.683,39.683,39.683,39.683,39.683,
32.54,33.333,35.714,37.302,36.508,37.302,38.095,38.889,39.683,39.683,39.683,39.683,39.683,39.683,39.683,39.683,39.683,39.683,39.683,39.683,39.683,39.683,39.683,39.683,
32.54,33.333,35.714,37.302,36.508,37.302,38.095,38.889,39.683,39.683,39.683,39.683,39.683,39.683,39.683,39.683,39.683,39.683,39.683,39.683,39.683,39.683,39.683,39.683,
34.127,34.127,35.714,37.302,36.508,37.302,38.095,38.889,39.683,39.683,39.683,39.683,39.683,39.683,39.683,39.683,39.683,39.683,39.683,39.683,39.683,39.683,39.683,39.683,
34.921,34.127,35.714,37.302,36.508,37.302,38.095,38.889,39.683,39.683,39.683,39.683,39.683,39.683,39.683,39.683,39.683,39.683,39.683,39.683,39.683,39.683,39.683,39.683,
35.714,34.921,35.714,37.302,36.508,37.302,38.095,38.889,39.683,39.683,39.683,39.683,39.683,39.683,39.683,39.683,39.683,39.683,39.683,39.683,39.683,39.683,39.683,39.683,
35.714,34.921,35.714,37.302,37.302,38.095,38.095,38.889,39.683,39.683,39.683,39.683,39.683,39.683,39.683,39.683,39.683,39.683,39.683,39.683,39.683,39.683,39.683,39.683,
37.302,38.889,38.889,38.889,38.095,38.095,38.095,38.889,39.683,39.683,39.683,39.683,39.683,39.683,39.683,39.683,39.683,39.683,39.683,39.683,39.683,39.683,39.683,39.683,
37.302,38.889,38.889,38.889,38.095,38.095,38.095,38.889,39.683,39.683,39.683,39.683,39.683,39.683,39.683,39.683,39.683,39.683,39.683,39.683,39.683,39.683,39.683,39.683,
37.302,38.889,38.889,38.889,38.095,38.095,38.095,38.889,39.683,39.683,39.683,39.683,39.683,39.683,39.683,39.683,39.683,39.683,39.683,39.683,39.683,39.683,39.683,39.683,
38.889,38.889,38.889,38.889,38.889,38.889,38.889,38.889,39.683,39.683,39.683,39.683,39.683,39.683,39.683,39.683,39.683,39.683,39.683,39.683,39.683,39.683,39.683,39.683,
38.889,38.889,38.889,38.889,38.889,38.889,38.889,38.889,39.683,39.683,39.683,39.683,39.683,39.683,39.683,39.683,39.683,39.683,39.683,39.683,39.683,39.683,39.683,39.683,
38.889,38.889,38.889,38.889,39.683,39.683,39.683,39.683,39.683,39.683,39.683,39.683,39.683,39.683,39.683,39.683,39.683,39.683,39.683,39.683,39.683,39.683,39.683,39.683,
38.889,38.889,38.889,38.889,39.683,39.683,39.683,39.683,39.683,39.683,39.683,39.683,39.683,39.683,39.683,39.683,39.683,39.683,39.683,39.683,39.683,39.683,39.683,39.683,

24.138,27.586,30.345,33.103,34.483,35.172,35.172,33.793,32.414,32.414,31.724,32.414,32.414,32.414,32.414,33.103,33.103,33.793,34.483,34.483,34.483,33.793,33.793,33.793,
24.138,27.586,30.345,33.103,34.483,35.172,35.172,33.793,32.414,32.414,31.724,32.414,32.414,32.414,32.414,33.103,33.103,33.793,34.483,34.483,34.483,33.793,33.793,33.793,
24.138,27.586,30.345,33.103,34.483,35.172,35.172,33.793,32.414,32.414,31.724,32.414,32.414,32.414,32.414,33.103,33.103,33.793,34.483,34.483,34.483,33.793,33.793,33.793,
24.138,28.966,30.345,33.103,34.483,35.172,35.172,33.793,32.414,32.414,31.724,32.414,32.414,32.414,32.414,33.103,33.103,33.793,34.483,34.483,34.483,33.793,33.793,33.793,
24.138,28.966,30.345,34.483,34.483,35.172,35.172,33.793,32.414,32.414,31.724,32.414,32.414,32.414,32.414,33.103,33.103,33.793,34.483,34.483,34.483,33.793,33.793,33.793,
25.517,28.966,30.345,34.483,34.483,35.172,35.172,33.793,32.414,32.414,31.724,32.414,32.414,32.414,32.414,33.103,33.103,33.793,34.483,34.483,34.483,33.793,33.793,33.793,
25.517,29.655,30.345,34.483,34.483,35.172,35.172,33.793,32.414,32.414,31.724,32.414,32.414,32.414,32.414,33.103,33.103,33.793,34.483,34.483,34.483,33.793,33.793,33.793,
25.517,29.655,30.345,35.172,34.483,35.172,35.172,33.793,32.414,32.414,31.724,32.414,32.414,32.414,32.414,33.103,33.103,33.793,34.483,34.483,34.483,33.793,33.793,33.793,
25.517,30.345,30.345,35.172,34.483,35.172,35.172,33.793,32.414,32.414,31.724,32.414,32.414,32.414,32.414,33.103,33.103,33.793,34.483,34.483,34.483,33.793,33.793,33.793,
26.897,30.345,30.345,35.172,34.483,35.172,35.172,33.793,32.414,32.414,31.724,32.414,32.414,32.414,32.414,33.103,33.103,33.793,34.483,34.483,34.483,33.793,33.793,33.793,
26.897,31.034,30.345,35.172,35.172,35.172,35.172,33.793,32.414,32.414,31.724,32.414,32.414,32.414,32.414,33.103,33.103,33.793,34.483,34.483,34.483,33.793,33.793,33.793,
26.897,31.034,33.103,35.172,35.172,35.172,35.172,33.793,32.414,32.414,31.724,32.414,32.414,32.414,32.414,33.103,33.103,33.793,34.483,34.483,34.483,33.793,33.793,33.793,
28.276,32.414,33.103,35.172,35.172,35.172,35.172,33.793,32.414,33.103,31.724,32.414,32.414,32.414,32.414,33.103,33.103,33.793,34.483,34.483,34.483,33.793,33.793,33.793,
28.966,32.414,33.103,35.172,35.172,35.172,35.172,33.793,32.414,33.103,31.724,32.414,32.414,32.414,32.414,33.103,33.103,33.793,34.483,34.483,34.483,33.793,33.793,33.793,
28.966,32.414,33.103,35.172,35.172,35.172,35.172,33.793,32.414,33.103,31.724,32.414,32.414,32.414,32.414,33.103,33.103,33.793,34.483,34.483,34.483,33.793,33.793,33.793,
30.345,32.414,32.414,34.483,34.483,34.483,34.483,33.793,32.414,33.103,32.414,32.414,32.414,32.414,32.414,33.103,33.103,33.793,34.483,34.483,34.483,33.793,33.793,33.793,
31.724,31.724,31.724,33.793,33.793,33.793,33.793,33.793,32.414,33.103,32.414,32.414,32.414,32.414,32.414,33.103,33.103,33.793,34.483,34.483,34.483,33.793,33.793,33.793,
31.724,31.724,31.724,33.793,33.793,33.793,33.793,33.793,32.414,33.103,32.414,32.414,32.414,32.414,32.414,33.103,33.103,33.793,34.483,34.483,34.483,33.793,33.793,33.793,
31.724,31.724,31.724,33.793,33.793,33.793,33.793,33.793,32.414,33.103,32.414,32.414,32.414,32.414,32.414,33.103,33.103,33.793,34.483,34.483,34.483,33.793,33.793,33.793,
31.724,31.034,31.724,33.793,33.793,33.793,33.793,33.793,32.414,33.103,32.414,32.414,32.414,32.414,32.414,33.103,33.103,33.793,34.483,34.483,34.483,33.793,33.793,33.793,
31.724,31.034,31.724,33.793,33.793,33.793,33.793,33.793,32.414,33.103,32.414,32.414,32.414,32.414,32.414,33.103,33.103,33.793,34.483,34.483,34.483,33.793,33.793,33.793,
32.414,31.034,31.724,33.793,33.793,33.793,33.793,33.793,32.414,33.103,32.414,32.414,32.414,32.414,32.414,33.103,33.103,33.793,34.483,34.483,34.483,33.793,33.793,33.793,
33.103,31.034,31.724,33.793,33.793,33.793,33.793,33.793,32.414,33.103,32.414,32.414,32.414,32.414,32.414,33.103,33.103,33.793,34.483,34.483,34.483,33.793,33.793,33.793,
32.414,31.034,31.724,33.793,33.793,33.793,33.793,33.793,32.414,33.103,33.103,33.103,33.103,33.103,33.103,33.793,33.793,33.793,34.483,34.483,34.483,33.793,33.793,33.793,
32.414,31.034,31.724,33.793,33.793,33.793,33.793,33.793,32.414,33.103,33.103,33.103,33.103,33.103,33.103,33.793,33.793,33.793,34.483,34.483,34.483,33.793,33.793,33.793,
32.414,31.724,32.414,34.483,33.793,34.483,34.483,33.793,32.414,33.103,33.103,33.103,33.103,33.103,33.103,33.793,33.793,33.793,34.483,34.483,34.483,33.793,33.793,33.793,
32.414,31.724,32.414,34.483,34.483,35.172,35.172,34.483,33.103,33.103,33.103,33.103,33.103,33.103,33.103,33.793,33.793,33.793,34.483,34.483,34.483,33.793,33.793,33.793,
32.414,33.103,32.414,34.483,35.172,35.172,35.172,34.483,33.103,33.103,33.103,33.103,33.103,33.103,33.103,33.793,33.793,33.793,34.483,34.483,34.483,33.793,33.793,33.793,
32.414,33.103,32.414,35.172,35.172,35.172,35.172,34.483,33.103,33.103,33.103,33.103,33.103,33.103,33.103,33.793,33.793,33.793,34.483,34.483,34.483,33.793,33.793,33.793,
32.414,33.793,33.103,35.862,35.172,35.172,35.172,35.172,33.793,33.793,33.793,33.793,33.793,33.793,33.793,34.483,34.483,33.793,34.483,34.483,34.483,33.793,33.793,33.793,
32.414,33.793,33.103,35.862,35.172,35.172,35.172,35.172,33.793,33.793,33.793,33.793,33.793,33.793,33.793,34.483,34.483,33.793,34.483,34.483,34.483,33.793,33.793,33.793,
32.414,33.793,33.103,35.862,35.172,35.172,35.172,35.172,33.793,33.793,33.793,33.793,33.793,33.793,33.793,34.483,34.483,33.793,34.483,34.483,34.483,33.793,33.793,33.793,
32.414,33.793,33.103,35.862,35.172,35.172,35.172,35.172,33.793,33.793,33.793,33.793,33.793,33.793,33.793,34.483,34.483,33.793,34.483,34.483,34.483,33.793,33.793,33.793,
32.414,33.793,32.414,35.172,35.172,35.172,35.172,35.172,33.793,33.793,33.793,33.793,33.793,33.793,33.793,34.483,34.483,33.793,34.483,34.483,34.483,33.793,33.793,33.793,
32.414,33.793,32.414,35.172,35.172,35.172,35.172,35.172,33.793,33.793,33.793,33.793,33.793,33.793,33.793,34.483,34.483,33.793,34.483,34.483,34.483,33.793,33.793,33.793,
32.414,33.103,31.724,34.483,33.793,35.172,35.172,35.172,33.793,33.793,33.793,33.793,33.793,33.793,33.793,34.483,34.483,33.793,34.483,34.483,34.483,33.793,33.793,33.793,
32.414,33.103,32.414,35.172,33.793,35.172,35.172,35.172,33.793,33.793,33.793,33.793,33.793,33.793,33.793,33.793,32.414,31.724,33.793,33.793,33.793,33.793,33.793,33.793,
32.414,33.103,32.414,33.793,33.103,33.793,34.483,34.483,33.793,33.793,33.793,33.793,33.793,33.793,33.793,33.103,31.724,31.724,33.793,33.793,33.793,33.793,33.793,33.793,
32.414,33.103,32.414,33.793,33.103,34.483,34.483,34.483,33.793,33.793,33.793,33.793,33.793,33.793,33.793,33.103,31.724,31.724,33.793,33.793,33.793,33.793,33.793,33.793,
32.414,32.414,32.414,34.483,33.793,34.483,34.483,34.483,33.793,33.793,33.793,33.793,33.793,33.793,33.793,33.103,31.724,31.724,33.793,33.793,33.793,33.793,33.793,33.793,
32.414,33.103,32.414,34.483,35.172,34.483,34.483,34.483,33.793,33.793,33.793,33.793,33.793,33.793,33.793,33.103,31.724,31.724,33.793,33.793,33.793,33.793,33.793,33.793,
32.414,32.414,32.414,33.793,33.793,33.793,33.793,33.793,33.793,33.793,33.793,33.793,33.793,33.103,33.103,32.414,31.034,31.724,33.793,33.793,33.793,33.793,33.793,33.793,
32.414,32.414,32.414,33.793,33.793,33.793,33.793,33.793,33.793,33.793,33.793,33.793,33.793,33.103,33.103,32.414,31.034,31.724,33.793,33.793,33.793,33.793,33.793,33.793,
33.103,32.414,33.103,33.793,33.793,33.793,33.793,33.793,33.793,33.793,33.793,33.793,33.793,33.103,33.103,32.414,31.034,31.724,33.793,33.793,33.793,33.793,33.793,33.793,
33.103,32.414,33.793,32.414,32.414,32.414,32.414,32.414,31.034,31.034,31.034,31.034,31.034,30.345,30.345,31.034,31.034,31.724,33.793,33.793,33.793,33.793,33.793,33.793,
31.034,33.103,33.793,34.483,34.483,34.483,34.483,34.483,33.103,33.103,33.103,33.103,33.103,32.414,32.414,33.103,33.103,33.793,33.793,33.793,33.793,33.793,33.793,33.793,
33.103,33.103,32.414,31.724,33.103,33.103,31.724,31.724,31.724,31.724,31.724,31.724,31.724,31.034,31.034,31.724,31.724,33.793,33.793,33.793,33.793,33.793,33.793,33.793,
32.414,32.414,30.345,29.655,29.655,29.655,29.655,29.655,29.655,29.655,29.655,29.655,29.655,28.966,28.966,29.655,29.655,31.724,33.793,33.793,33.793,33.793,33.793,33.793,
27.586,28.276,28.276,29.655,29.655,29.655,29.655,29.655,29.655,29.655,29.655,29.655,29.655,28.966,28.966,27.586,27.586,29.655,31.724,31.724,31.724,31.724,31.724,31.724,
27.586,28.276,28.276,29.655,29.655,29.655,29.655,29.655,29.655,27.586,27.586,27.586,27.586,26.897,26.897,25.517,25.517,27.586,27.586,27.586,27.586,27.586,27.586,27.586,

39.098,37.594,36.842,40.602,41.353,42.857,42.105,42.857,42.857,42.857,43.609,43.609,43.609,43.609,43.609,42.857,42.857,40.602,42.857,43.609,44.361,44.361,44.361,44.361,
39.098,37.594,36.842,40.602,41.353,42.857,42.105,42.857,42.857,42.857,43.609,43.609,43.609,43.609,43.609,42.857,42.857,40.602,42.857,43.609,44.361,44.361,44.361,44.361,
39.098,37.594,36.842,40.602,42.105,42.857,42.105,42.857,42.857,42.857,43.609,43.609,43.609,43.609,43.609,42.857,42.857,40.602,42.857,43.609,44.361,44.361,44.361,44.361,
39.098,37.594,36.842,40.602,42.105,42.857,42.105,42.857,43.609,43.609,44.361,44.361,44.361,44.361,44.361,43.609,42.857,40.602,42.857,43.609,44.361,44.361,44.361,44.361,
39.098,37.594,36.842,40.602,41.353,42.857,42.105,42.857,43.609,43.609,44.361,44.361,44.361,44.361,44.361,43.609,42.857,40.602,42.857,43.609,44.361,44.361,44.361,44.361,
39.098,37.594,36.842,40.602,41.353,42.857,42.857,43.609,43.609,43.609,44.361,44.361,44.361,44.361,44.361,43.609,42.857,40.602,42.857,43.609,44.361,44.361,44.361,44.361,
39.098,37.594,37.594,40.602,41.353,42.857,42.857,43.609,43.609,43.609,44.361,44.361,44.361,44.361,44.361,43.609,42.857,40.602,42.857,43.609,44.361,44.361,44.361,44.361,
39.098,37.594,37.594,40.602,41.353,42.857,42.857,43.609,43.609,43.609,44.361,44.361,44.361,44.361,44.361,43.609,43.609,41.353,43.609,44.361,44.361,44.361,44.361,44.361,
39.098,37.594,37.594,40.602,42.105,42.857,42.857,43.609,43.609,43.609,44.361,44.361,44.361,44.361,44.361,43.609,43.609,41.353,43.609,44.361,44.361,44.361,44.361,44.361,
39.098,37.594,37.594,40.602,42.105,42.857,42.857,43.609,43.609,43.609,44.361,44.361,44.361,44.361,44.361,43.609,43.609,41.353,43.609,44.361,44.361,44.361,44.361,44.361,
39.098,37.594,37.594,40.602,42.105,42.857,42.857,43.609,43.609,43.609,44.361,44.361,44.361,44.361,44.361,43.609,43.609,41.353,43.609,44.361,44.361,44.361,44.361,44.361,
39.098,37.594,37.594,40.602,42.105,42.857,42.857,43.609,43.609,43.609,44.361,44.361,44.361,44.361,44.361,43.609,43.609,41.353,43.609,44.361,44.361,44.361,44.361,44.361,
39.098,37.594,37.594,40.602,42.105,43.609,43.609,43.609,43.609,43.609,44.361,44.361,44.361,44.361,44.361,43.609,43.609,41.353,43.609,44.361,44.361,44.361,44.361,44.361,
39.098,37.594,38.346,40.602,42.105,43.609,43.609,43.609,43.609,43.609,44.361,44.361,44.361,44.361,44.361,43.609,43.609,41.353,43.609,44.361,44.361,44.361,44.361,44.361,
39.098,37.594,38.346,40.602,42.105,43.609,43.609,43.609,43.609,43.609,44.361,44.361,44.361,44.361,44.361,43.609,42.105,39.85,40.602,41.353,41.353,41.353,41.353,41.353,
39.098,38.346,39.098,40.602,42.105,43.609,43.609,43.609,43.609,43.609,44.361,44.361,44.361,44.361,44.361,43.609,42.105,39.85,40.602,41.353,41.353,41.353,41.353,41.353,
39.098,38.346,39.098,41.353,42.105,43.609,43.609,43.609,43.609,43.609,44.361,44.361,44.361,44.361,44.361,43.609,42.105,39.85,40.602,41.353,41.353,41.353,41.353,41.353,
39.85,38.346,39.098,41.353,42.105,43.609,43.609,43.609,43.609,43.609,44.361,44.361,44.361,44.361,44.361,43.609,42.857,40.602,40.602,41.353,41.353,41.353,41.353,41.353,
39.85,38.346,41.353,43.609,42.857,43.609,43.609,43.609,43.609,43.609,44.361,44.361,44.361,44.361,44.361,43.609,42.857,40.602,40.602,41.353,41.353,41.353,41.353,41.353,
39.85,39.098,41.353,42.105,41.353,42.105,42.105,42.105,42.105,42.105,42.857,42.857,42.857,42.857,42.857,42.105,42.857,40.602,40.602,41.353,41.353,41.353,41.353,41.353,
39.85,39.098,41.353,42.105,41.353,42.105,42.105,42.105,42.105,42.105,42.105,42.105,42.105,42.105,42.105,42.105,42.857,40.602,40.602,41.353,41.353,41.353,41.353,41.353,
39.098,39.098,42.105,42.105,41.353,42.105,42.105,42.105,42.105,42.105,42.105,42.105,42.105,42.105,42.105,42.105,42.105,39.85,39.85,40.602,40.602,40.602,40.602,40.602,
39.098,40.602,42.105,42.105,41.353,42.105,42.105,42.105,42.105,42.105,42.105,42.105,42.105,42.105,42.105,42.105,42.105,39.85,39.85,40.602,40.602,40.602,40.602,40.602,
39.85,39.85,41.353,42.105,41.353,42.105,42.105,42.105,42.105,42.105,42.105,42.105,42.105,42.105,42.105,42.105,42.105,39.85,39.85,40.602,40.602,40.602,40.602,40.602,
39.85,39.85,41.353,42.105,41.353,41.353,41.353,41.353,41.353,41.353,41.353,41.353,41.353,41.353,41.353,41.353,42.105,40.602,40.602,40.602,40.602,40.602,40.602,40.602,
39.85,39.85,41.353,42.105,39.85,39.85,39.85,39.85,39.85,39.85,39.85,39.85,39.85,39.85,39.85,39.85,40.602,40.602,40.602,40.602,40.602,40.602,40.602,40.602,
39.85,39.85,40.602,41.353,39.85,39.85,39.85,39.85,39.85,39.85,39.85,39.85,39.85,39.85,39.85,39.85,40.602,40.602,40.602,40.602,40.602,40.602,40.602,40.602,
39.098,39.098,39.85,39.85,39.85,39.85,39.85,39.85,39.85,39.85,39.85,39.85,39.85,39.85,39.85,39.85,40.602,40.602,40.602,40.602,40.602,40.602,40.602,40.602,
39.85,39.85,39.85,39.85,39.85,39.85,39.85,39.85,39.85,39.85,39.85,39.85,39.85,39.85,39.85,39.85,40.602,40.602,40.602,40.602,40.602,40.602,40.602,40.602,
40.602,41.353,40.602,40.602,40.602,40.602,40.602,40.602,40.602,40.602,39.85,39.85,39.85,39.85,39.85,39.85,40.602,40.602,40.602,40.602,40.602,40.602,40.602,40.602,
41.353,41.353,40.602,40.602,40.602,40.602,40.602,40.602,40.602,40.602,39.85,39.85,39.85,39.85,39.85,39.85,40.602,40.602,40.602,40.602,40.602,40.602,40.602,40.602,
41.353,40.602,40.602,40.602,40.602,40.602,40.602,40.602,40.602,40.602,39.85,39.85,39.85,39.85,39.85,39.85,40.602,40.602,40.602,40.602,40.602,40.602,40.602,40.602,
41.353,40.602,40.602,40.602,40.602,40.602,40.602,40.602,40.602,40.602,39.85,39.85,39.85,39.85,39.85,39.85,40.602,40.602,40.602,40.602,40.602,40.602,40.602,40.602,
40.602,40.602,40.602,40.602,40.602,40.602,40.602,40.602,40.602,40.602,39.85,39.85,39.85,39.85,39.85,40.602,41.353,41.353,41.353,41.353,41.353,41.353,41.353,41.353,
40.602,40.602,40.602,40.602,40.602,40.602,40.602,40.602,40.602,40.602,39.85,39.85,39.85,39.85,39.85,40.602,41.353,41.353,41.353,41.353,41.353,41.353,41.353,41.353,
40.602,40.602,40.602,40.602,40.602,40.602,40.602,40.602,40.602,40.602,39.85,39.85,39.85,39.85,39.85,40.602,41.353,41.353,41.353,41.353,41.353,41.353,41.353,41.353,
40.602,40.602,40.602,40.602,40.602,40.602,40.602,40.602,40.602,40.602,39.85,39.85,39.85,39.85,39.85,40.602,41.353,41.353,41.353,41.353,41.353,41.353,41.353,41.353,
40.602,40.602,40.602,40.602,40.602,41.353,41.353,41.353,41.353,41.353,40.602,40.602,40.602,40.602,40.602,41.353,41.353,41.353,41.353,41.353,41.353,41.353,41.353,41.353,
40.602,40.602,41.353,42.105,42.105,42.105,42.105,42.105,42.105,42.105,41.353,41.353,41.353,41.353,41.353,41.353,41.353,41.353,41.353,41.353,41.353,41.353,41.353,41.353,
40.602,40.602,41.353,42.105,42.105,42.105,42.105,42.105,42.105,42.105,41.353,41.353,41.353,41.353,41.353,41.353,41.353,41.353,41.353,41.353,41.353,41.353,41.353,41.353,
40.602,40.602,41.353,42.105,42.105,42.105,42.105,42.105,42.105,42.105,41.353,41.353,41.353,41.353,41.353,41.353,41.353,41.353,41.353,41.353,41.353,41.353,41.353,41.353,
40.602,41.353,41.353,42.105,42.105,42.105,42.105,42.105,42.105,42.105,41.353,41.353,41.353,41.353,41.353,41.353,41.353,41.353,41.353,41.353,41.353,41.353,41.353,41.353,
41.353,41.353,41.353,42.105,42.105,42.105,42.105,42.105,42.105,42.105,41.353,41.353,41.353,41.353,41.353,41.353,41.353,41.353,41.353,41.353,41.353,41.353,41.353,41.353,
41.353,41.353,41.353,42.105,42.105,42.105,42.105,42.105,42.105,42.105,41.353,41.353,41.353,41.353,41.353,41.353,41.353,41.353,41.353,41.353,41.353,41.353,41.353,41.353,
42.105,42.105,42.105,42.105,42.105,42.105,42.105,42.105,42.105,42.105,41.353,41.353,41.353,41.353,41.353,41.353,41.353,41.353,41.353,41.353,41.353,41.353,41.353,41.353,
42.105,42.105,42.105,42.105,42.105,42.105,42.105,42.105,42.105,42.105,41.353,41.353,41.353,41.353,41.353,41.353,41.353,41.353,41.353,41.353,41.353,41.353,41.353,41.353,
42.105,42.105,42.105,42.105,42.105,42.105,42.105,42.105,42.105,42.105,41.353,41.353,41.353,41.353,41.353,41.353,41.353,41.353,41.353,41.353,41.353,41.353,41.353,41.353,
42.105,42.105,42.105,42.105,42.105,42.105,42.105,42.105,42.105,42.105,41.353,41.353,41.353,41.353,41.353,41.353,41.353,41.353,41.353,41.353,41.353,41.353,41.353,41.353,
42.105,42.105,42.105,42.105,42.105,42.105,42.105,42.105,42.105,42.105,41.353,41.353,41.353,41.353,41.353,41.353,41.353,41.353,41.353,41.353,41.353,41.353,41.353,41.353,
42.105,42.105,42.105,42.105,42.105,42.105,42.105,42.105,42.105,42.105,41.353,41.353,41.353,41.353,41.353,41.353,41.353,41.353,41.353,41.353,41.353,41.353,41.353,41.353,

29.921,33.071,37.795,37.008,37.795,38.583,40.157,40.157,40.945,40.945,40.945,40.945,40.945,40.157,40.945,43.307,43.307,43.307,43.307,43.307,43.307,43.307,43.307,43.307,
29.921,33.071,37.795,37.008,37.795,38.583,40.157,40.157,40.945,40.945,40.945,40.945,40.945,40.157,40.945,43.307,43.307,43.307,43.307,43.307,43.307,43.307,43.307,43.307,
29.921,33.071,37.795,37.008,37.795,38.583,40.157,40.157,40.945,40.945,40.945,40.945,40.945,40.157,40.945,43.307,43.307,43.307,43.307,43.307,43.307,43.307,43.307,43.307,
29.921,33.071,37.795,37.008,37.795,38.583,40.157,40.157,40.945,40.945,40.945,40.945,40.945,40.157,40.945,43.307,43.307,43.307,43.307,43.307,43.307,43.307,43.307,43.307,
29.921,33.071,37.795,37.795,38.583,39.37,40.945,40.945,40.945,40.945,40.945,40.945,40.945,40.157,40.945,43.307,43.307,43.307,43.307,43.307,43.307,43.307,43.307,43.307,
29.921,33.071,37.795,37.795,38.583,39.37,40.945,40.945,40.945,40.945,40.945,40.945,40.945,40.157,40.945,43.307,43.307,43.307,43.307,43.307,43.307,43.307,43.307,43.307,
29.921,33.071,37.795,38.583,40.945,40.945,41.732,41.732,41.732,41.732,41.732,41.732,41.732,40.945,40.945,43.307,43.307,43.307,43.307,43.307,43.307,43.307,43.307,43.307,
29.921,33.071,37.795,38.583,40.945,40.945,41.732,41.732,41.732,41.732,41.732,41.732,41.732,40.945,40.945,43.307,43.307,43.307,43.307,43.307,43.307,43.307,43.307,43.307,
29.921,33.071,37.795,38.583,41.732,41.732,41.732,41.732,41.732,41.732,41.732,41.732,41.732,40.945,40.945,43.307,43.307,43.307,43.307,43.307,43.307,43.307,43.307,43.307,
29.921,33.071,38.583,38.583,41.732,41.732,41.732,41.732,41.732,41.732,41.732,41.732,41.732,40.945,40.945,43.307,43.307,43.307,43.307,43.307,43.307,43.307,43.307,43.307,
30.709,33.071,39.37,38.583,41.732,41.732,41.732,41.732,41.732,41.732,41.732,41.732,41.732,40.945,40.945,43.307,43.307,43.307,43.307,43.307,43.307,43.307,43.307,43.307,
30.709,33.071,39.37,39.37,41.732,41.732,41.732,41.732,41.732,41.732,41.732,41.732,41.732,40.945,40.945,43.307,43.307,43.307,43.307,43.307,43.307,43.307,43.307,43.307,
30.709,32.283,40.157,40.945,41.732,41.732,41.732,41.732,41.732,41.732,41.732,41.732,41.732,40.945,40.945,43.307,43.307,43.307,43.307,43.307,43.307,43.307,43.307,43.307,
30.709,32.283,40.157,41.732,41.732,41.732,41.732,41.732,41.732,41.732,41.732,41.732,41.732,40.945,40.945,43.307,43.307,43.307,43.307,43.307,43.307,43.307,43.307,43.307,
30.709,36.22,40.157,41.732,41.732,41.732,41.732,41.732,41.732,41.732,43.307,43.307,43.307,42.52,42.52,43.307,43.307,43.307,43.307,43.307,43.307,43.307,43.307,43.307,
30.709,36.22,40.157,40.945,41.732,41.732,41.732,41.732,41.732,41.732,43.307,43.307,43.307,42.52,42.52,43.307,43.307,43.307,43.307,43.307,43.307,43.307,43.307,43.307,
29.921,35.433,39.37,40.945,41.732,41.732,41.732,41.732,41.732,41.732,43.307,43.307,43.307,42.52,42.52,43.307,43.307,43.307,43.307,43.307,43.307,43.307,43.307,43.307,
29.921,35.433,38.583,40.157,40.945,40.157,40.157,40.157,40.157,40.157,41.732,41.732,41.732,41.732,41.732,41.732,41.732,41.732,41.732,41.732,41.732,41.732,41.732,41.732,
29.921,35.433,38.583,40.157,40.945,40.157,40.157,40.157,40.157,40.157,41.732,41.732,41.732,41.732,41.732,41.732,41.732,41.732,41.732,41.732,41.732,41.732,41.732,41.732,
29.134,35.433,38.583,40.157,40.945,40.157,40.157,40.157,40.157,40.157,41.732,41.732,41.732,41.732,41.732,41.732,41.732,41.732,41.732,41.732,41.732,41.732,41.732,41.732,
31.496,37.008,38.583,39.37,40.157,40.157,40.157,40.157,40.157,40.157,41.732,41.732,41.732,41.732,41.732,41.732,41.732,41.732,41.732,41.732,41.732,41.732,41.732,41.732,
33.071,37.795,37.795,39.37,40.157,40.157,40.157,40.157,40.157,40.157,41.732,41.732,41.732,41.732,41.732,41.732,41.732,41.732,41.732,41.732,41.732,41.732,41.732,41.732,
33.071,39.37,39.37,40.945,41.732,41.732,41.732,41.732,41.732,41.732,41.732,41.732,41.732,41.732,41.732,41.732,41.732,41.732,41.732,41.732,41.732,41.732,41.732,41.732,
33.071,39.37,39.37,40.945,41.732,41.732,41.732,41.732,41.732,41.732,41.732,41.732,41.732,41.732,41.732,41.732,41.732,41.732,41.732,41.732,41.732,41.732,41.732,41.732,
34.646,40.157,40.157,41.732,41.732,41.732,41.732,41.732,41.732,41.732,41.732,41.732,41.732,41.732,41.732,41.732,41.732,41.732,41.732,41.732,41.732,41.732,41.732,41.732,
36.22,40.157,40.157,41.732,41.732,41.732,41.732,41.732,41.732,41.732,41.732,41.732,41.732,41.732,41.732,41.732,41.732,41.732,41.732,41.732,41.732,41.732,41.732,41.732,
39.37,40.157,40.157,41.732,41.732,41.732,41.732,41.732,41.732,41.732,41.732,41.732,41.732,41.732,41.732,41.732,41.732,41.732,41.732,41.732,41.732,41.732,41.732,41.732,
40.157,40.157,40.157,41.732,41.732,41.732,41.732,41.732,41.732,41.732,41.732,41.732,41.732,41.732,41.732,41.732,41.732,41.732,41.732,41.732,41.732,41.732,41.732,41.732,
40.157,40.157,40.157,41.732,41.732,41.732,41.732,41.732,41.732,41.732,41.732,41.732,41.732,41.732,41.732,41.732,41.732,41.732,41.732,41.732,41.732,41.732,41.732,41.732,
40.157,41.732,41.732,41.732,41.732,41.732,41.732,41.732,41.732,41.732,41.732,41.732,41.732,41.732,41.732,41.732,41.732,41.732,41.732,41.732,41.732,41.732,41.732,41.732,
40.157,41.732,41.732,41.732,41.732,41.732,41.732,41.732,41.732,41.732,41.732,41.732,41.732,41.732,41.732,41.732,41.732,41.732,41.732,41.732,41.732,41.732,41.732,41.732,
41.732,41.732,41.732,41.732,41.732,41.732,41.732,41.732,41.732,41.732,41.732,41.732,41.732,41.732,41.732,41.732,41.732,41.732,41.732,41.732,41.732,41.732,41.732,41.732,
41.732,41.732,41.732,41.732,41.732,41.732,41.732,41.732,41.732,41.732,41.732,41.732,41.732,41.732,41.732,41.732,41.732,41.732,41.732,41.732,41.732,41.732,41.732,41.732,
41.732,41.732,41.732,41.732,41.732,41.732,41.732,41.732,41.732,41.732,41.732,41.732,41.732,41.732,41.732,41.732,41.732,41.732,41.732,41.732,41.732,41.732,41.732,41.732,
41.732,41.732,41.732,41.732,41.732,41.732,41.732,41.732,41.732,41.732,41.732,41.732,41.732,41.732,41.732,41.732,41.732,41.732,41.732,41.732,41.732,41.732,41.732,41.732,
41.732,41.732,41.732,41.732,41.732,41.732,41.732,41.732,41.732,41.732,41.732,41.732,41.732,41.732,41.732,41.732,41.732,41.732,41.732,41.732,41.732,41.732,41.732,41.732,
41.732,41.732,41.732,41.732,41.732,41.732,41.732,41.732,41.732,41.732,41.732,41.732,41.732,41.732,41.732,41.732,41.732,41.732,41.732,41.732,41.732,41.732,41.732,41.732,
41.732,41.732,41.732,41.732,41.732,41.732,41.732,41.732,41.732,41.732,41.732,41.732,41.732,41.732,41.732,41.732,41.732,41.732,41.732,41.732,41.732,41.732,41.732,41.732,
41.732,41.732,41.732,41.732,41.732,41.732,41.732,41.732,41.732,41.732,41.732,41.732,41.732,41.732,41.732,41.732,41.732,41.732,41.732,41.732,41.732,41.732,41.732,41.732,
41.732,41.732,41.732,41.732,41.732,41.732,41.732,41.732,41.732,41.732,41.732,41.732,41.732,41.732,41.732,41.732,41.732,41.732,41.732,41.732,41.732,41.732,41.732,41.732,
41.732,41.732,41.732,41.732,41.732,41.732,41.732,41.732,41.732,41.732,41.732,41.732,41.732,41.732,41.732,41.732,41.732,41.732,41.732,41.732,41.732,41.732,41.732,41.732,
41.732,41.732,41.732,41.732,41.732,41.732,41.732,41.732,41.732,41.732,41.732,41.732,41.732,41.732,41.732,41.732,41.732,41.732,41.732,41.732,41.732,41.732,41.732,41.732,
41.732,41.732,41.732,41.732,41.732,41.732,41.732,41.732,41.732,41.732,41.732,41.732,41.732,41.732,41.732,41.732,41.732,41.732,41.732,41.732,41.732,41.732,41.732,41.732,
41.732,41.732,41.732,41.732,41.732,41.732,41.732,41.732,41.732,41.732,41.732,41.732,41.732,41.732,41.732,41.732,41.732,41.732,41.732,41.732,41.732,41.732,41.732,41.732,
41.732,41.732,41.732,41.732,41.732,41.732,41.732,41.732,41.732,41.732,41.732,41.732,41.732,41.732,41.732,41.732,41.732,41.732,41.732,41.732,41.732,41.732,41.732,41.732,
41.732,41.732,41.732,41.732,41.732,41.732,41.732,41.732,41.732,41.732,41.732,41.732,41.732,41.732,41.732,41.732,41.732,41.732,41.732,41.732,41.732,41.732,41.732,41.732,
41.732,41.732,41.732,41.732,41.732,41.732,41.732,41.732,41.732,41.732,41.732,41.732,41.732,41.732,41.732,41.732,41.732,41.732,41.732,41.732,41.732,41.732,41.732,41.732,
41.732,41.732,41.732,41.732,41.732,41.732,41.732,41.732,41.732,41.732,41.732,41.732,41.732,41.732,41.732,41.732,41.732,41.732,41.732,41.732,41.732,41.732,41.732,41.732,
41.732,41.732,41.732,41.732,41.732,41.732,41.732,41.732,41.732,41.732,41.732,41.732,41.732,41.732,41.732,41.732,41.732,41.732,41.732,41.732,41.732,41.732,41.732,41.732,
41.732,41.732,41.732,41.732,41.732,41.732,41.732,41.732,41.732,41.732,41.732,41.732,41.732,41.732,41.732,41.732,41.732,41.732,41.732,41.732,41.732,41.732,41.732,41.732,

20.968,17.742,16.129,16.129,15.323,17.742,16.935,19.355,18.548,18.548,20.161,22.581,23.387,23.387,22.581,22.581,23.387,22.581,22.581,22.581,22.581,22.581,22.581,22.581,
20.968,17.742,16.129,16.129,15.323,17.742,16.935,19.355,18.548,18.548,20.161,22.581,23.387,23.387,22.581,22.581,23.387,22.581,22.581,22.581,22.581,22.581,22.581,22.581,
20.968,17.742,16.129,16.129,15.323,17.742,16.935,19.355,18.548,18.548,20.161,22.581,23.387,23.387,22.581,22.581,23.387,22.581,22.581,22.581,22.581,22.581,22.581,22.581,
20.968,17.742,16.129,16.129,15.323,17.742,16.935,19.355,18.548,18.548,20.161,22.581,23.387,23.387,22.581,22.581,23.387,22.581,22.581,22.581,22.581,22.581,22.581,22.581,
20.968,17.742,16.129,16.129,15.323,17.742,16.935,19.355,18.548,18.548,20.161,22.581,23.387,23.387,22.581,22.581,23.387,22.581,22.581,22.581,22.581,22.581,22.581,22.581,
20.968,17.742,16.129,16.129,15.323,17.742,16.935,19.355,18.548,18.548,20.161,22.581,23.387,23.387,22.581,22.581,23.387,22.581,22.581,22.581,22.581,22.581,22.581,22.581,
20.968,17.742,16.129,16.129,15.323,17.742,16.935,19.355,18.548,18.548,20.161,22.581,23.387,23.387,22.581,22.581,23.387,22.581,22.581,22.581,22.581,22.581,22.581,22.581,
20.968,17.742,16.129,16.129,15.323,17.742,16.935,19.355,18.548,18.548,20.161,23.387,24.194,24.194,22.581,22.581,24.194,22.581,22.581,22.581,22.581,22.581,22.581,22.581,
20.161,17.742,16.129,16.129,15.323,17.742,16.935,19.355,18.548,18.548,20.161,23.387,24.194,24.194,22.581,22.581,24.194,22.581,22.581,22.581,22.581,22.581,22.581,22.581,
20.161,17.742,16.129,16.129,15.323,17.742,16.935,19.355,18.548,18.548,20.161,23.387,24.194,24.194,22.581,22.581,24.194,22.581,22.581,22.581,22.581,22.581,22.581,22.581,
20.161,17.742,16.129,16.129,15.323,19.355,17.742,20.161,19.355,18.548,20.161,23.387,24.194,24.194,22.581,22.581,24.194,22.581,22.581,22.581,22.581,22.581,22.581,22.581,
20.161,16.935,16.129,16.129,16.129,20.161,17.742,20.161,19.355,18.548,20.161,23.387,24.194,24.194,22.581,22.581,24.194,22.581,22.581,22.581,22.581,22.581,22.581,22.581,
20.161,16.935,16.129,16.129,16.935,20.161,17.742,20.161,19.355,18.548,20.161,23.387,24.194,24.194,22.581,22.581,24.194,22.581,22.581,22.581,22.581,22.581,22.581,22.581,
20.161,16.935,16.129,16.129,16.935,20.161,17.742,20.161,19.355,18.548,20.161,23.387,24.194,24.194,22.581,22.581,24.194,22.581,22.581,22.581,22.581,22.581,22.581,22.581,
20.161,16.935,15.323,15.323,16.129,19.355,17.742,20.161,19.355,18.548,20.161,23.387,24.194,24.194,22.581,22.581,24.194,22.581,22.581,22.581,22.581,22.581,22.581,22.581,
20.161,16.935,15.323,14.516,16.129,20.161,18.548,21.774,20.968,20.161,21.774,23.387,24.194,24.194,21.774,22.581,24.194,22.581,22.581,22.581,22.581,22.581,22.581,22.581,
19.355,16.935,15.323,14.516,16.129,20.161,18.548,21.774,20.968,20.161,21.774,23.387,24.194,24.194,21.774,22.581,24.194,22.581,22.581,22.581,22.581,22.581,22.581,22.581,
18.548,16.935,15.323,14.516,17.742,21.774,20.161,23.387,22.581,21.774,21.774,23.387,24.194,24.194,21.774,22.581,24.194,22.581,22.581,22.581,22.581,22.581,22.581,22.581,
17.742,15.323,14.516,13.71,19.355,21.774,20.161,23.387,22.581,21.774,21.774,23.387,24.194,24.194,21.774,22.581,24.194,22.581,22.581,22.581,22.581,22.581,22.581,22.581,
17.742,15.323,15.323,16.129,19.355,21.774,20.161,23.387,22.581,21.774,21.774,23.387,24.194,24.194,21.774,22.581,24.194,22.581,22.581,22.581,22.581,22.581,22.581,22.581,
17.742,16.129,15.323,16.129,19.355,21.774,20.161,22.581,21.774,20.968,21.774,23.387,24.194,24.194,21.774,22.581,24.194,22.581,22.581,22.581,22.581,22.581,22.581,22.581,
17.742,16.129,15.323,16.935,19.355,21.774,20.161,22.581,21.774,20.968,21.774,23.387,24.194,24.194,21.774,22.581,24.194,22.581,22.581,22.581,22.581,22.581,22.581,22.581,
17.742,16.129,15.323,18.548,19.355,21.774,19.355,21.774,20.968,20.161,21.774,23.387,24.194,25.0,22.581,23.387,24.194,22.581,22.581,22.581,22.581,22.581,22.581,22.581,
17.742,16.935,16.129,19.355,19.355,21.774,19.355,21.774,20.968,20.161,21.774,24.194,25.0,25.0,22.581,23.387,24.194,22.581,22.581,22.581,22.581,22.581,22.581,22.581,
17.742,16.935,16.129,19.355,19.355,21.774,19.355,21.774,20.968,20.161,21.774,24.194,25.0,25.0,22.581,23.387,24.194,22.581,22.581,22.581,22.581,22.581,22.581,22.581,
17.742,16.935,16.129,19.355,19.355,21.774,20.161,21.774,20.968,20.161,21.774,24.194,25.0,25.0,22.581,23.387,24.194,22.581,22.581,22.581,22.581,22.581,22.581,22.581,
17.742,16.935,16.129,19.355,19.355,21.774,20.161,21.774,20.968,20.161,21.774,24.194,25.0,25.0,22.581,23.387,24.194,22.581,22.581,22.581,22.581,22.581,22.581,22.581,
17.742,16.935,16.935,19.355,19.355,21.774,20.968,22.581,21.774,20.968,22.581,24.194,25.0,25.0,22.581,23.387,24.194,22.581,22.581,22.581,22.581,22.581,22.581,22.581,
17.742,16.935,16.935,19.355,19.355,21.774,21.774,23.387,22.581,21.774,22.581,24.194,25.0,25.0,22.581,23.387,24.194,22.581,22.581,22.581,22.581,22.581,22.581,22.581,
17.742,16.935,16.129,18.548,18.548,20.968,21.774,23.387,22.581,21.774,22.581,24.194,25.0,25.0,22.581,23.387,24.194,22.581,22.581,22.581,22.581,22.581,22.581,22.581,
17.742,16.935,15.323,18.548,18.548,20.968,21.774,23.387,22.581,21.774,22.581,24.194,25.0,25.0,22.581,23.387,24.194,22.581,22.581,22.581,22.581,22.581,22.581,22.581,
17.742,16.935,15.323,18.548,18.548,21.774,21.774,23.387,22.581,21.774,22.581,24.194,25.0,25.0,23.387,23.387,24.194,22.581,22.581,22.581,22.581,22.581,22.581,22.581,
17.742,16.935,15.323,18.548,18.548,21.774,23.387,23.387,22.581,21.774,22.581,24.194,25.0,25.0,23.387,23.387,24.194,22.581,22.581,22.581,22.581,22.581,22.581,22.581,
17.742,14.516,15.323,18.548,18.548,21.774,23.387,23.387,22.581,21.774,22.581,24.194,25.0,25.0,23.387,23.387,24.194,22.581,22.581,22.581,22.581,22.581,22.581,22.581,
17.742,15.323,16.935,19.355,18.548,21.774,23.387,23.387,22.581,21.774,22.581,24.194,25.0,25.0,23.387,23.387,24.194,22.581,22.581,22.581,22.581,22.581,22.581,22.581,
18.548,16.129,16.935,19.355,18.548,21.774,23.387,23.387,22.581,21.774,22.581,24.194,25.0,25.0,23.387,23.387,24.194,22.581,22.581,22.581,22.581,22.581,22.581,22.581,
18.548,14.516,16.935,18.548,17.742,20.968,22.581,23.387,22.581,21.774,22.581,24.194,25.0,25.0,23.387,23.387,24.194,22.581,22.581,22.581,22.581,22.581,22.581,22.581,
18.548,15.323,16.935,18.548,17.742,20.968,22.581,23.387,22.581,21.774,22.581,24.194,25.0,25.0,23.387,23.387,22.581,20.968,20.968,20.968,20.968,20.968,20.968,20.968,
19.355,15.323,18.548,18.548,17.742,20.968,22.581,23.387,22.581,21.774,22.581,24.194,25.0,25.0,23.387,23.387,21.774,20.161,20.161,20.161,20.161,20.161,20.161,20.161,
17.742,15.323,18.548,18.548,17.742,20.968,22.581,23.387,22.581,21.774,22.581,24.194,25.0,25.0,23.387,23.387,21.774,18.548,18.548,18.548,18.548,18.548,18.548,18.548,
18.548,16.129,19.355,19.355,18.548,21.774,22.581,23.387,22.581,21.774,22.581,24.194,25.0,25.0,23.387,23.387,21.774,18.548,18.548,18.548,18.548,18.548,18.548,18.548,
20.161,18.548,20.161,20.968,19.355,22.581,22.581,23.387,22.581,21.774,22.581,24.194,25.0,25.0,23.387,23.387,21.774,18.548,18.548,18.548,18.548,18.548,18.548,18.548,
19.355,17.742,19.355,20.968,19.355,22.581,22.581,23.387,22.581,21.774,22.581,24.194,25.0,25.0,23.387,23.387,21.774,18.548,18.548,18.548,18.548,18.548,18.548,18.548,
17.742,17.742,19.355,20.968,19.355,22.581,23.387,24.194,23.387,22.581,22.581,24.194,25.0,25.0,23.387,23.387,22.581,20.968,20.968,20.968,20.968,20.968,20.968,20.968,
16.129,17.742,19.355,20.968,19.355,22.581,23.387,24.194,23.387,22.581,22.581,24.194,25.0,25.0,23.387,23.387,22.581,20.968,20.968,20.968,20.968,20.968,20.968,20.968,
16.935,16.935,17.742,19.355,18.548,20.968,21.774,22.581,21.774,20.968,20.968,22.581,23.387,23.387,21.774,21.774,21.774,20.968,20.968,20.968,20.968,20.968,20.968,20.968,
16.129,17.742,17.742,18.548,18.548,20.161,20.968,21.774,20.968,20.161,20.161,20.968,21.774,21.774,20.968,20.968,21.774,20.968,20.968,20.968,20.968,20.968,20.968,20.968,
16.129,17.742,17.742,18.548,18.548,20.161,20.968,20.968,20.161,20.161,20.161,20.968,20.968,20.968,20.161,20.161,20.968,20.968,20.968,20.968,20.968,20.968,20.968,20.968,
17.742,17.742,17.742,18.548,18.548,20.161,20.161,20.968,20.161,20.161,20.161,20.968,20.968,20.968,20.161,20.161,20.968,20.968,20.968,20.968,20.968,20.968,20.968,20.968,
18.548,18.548,18.548,18.548,19.355,19.355,19.355,19.355,18.548,18.548,18.548,18.548,18.548,18.548,18.548,18.548,20.968,20.968,20.968,20.968,20.968,20.968,20.968,20.968,

