23.333,26.667,30.0,33.333,31.667,33.333,36.667,33.333,31.667,35.0,35.0,36.667,36.667,36.667,38.333,35.0,35.0,35.0,35.0,36.667,38.333,38.333,38.333,38.333,
23.333,26.667,30.0,33.333,35.0,36.667,40.0,36.667,35.0,35.0,35.0,36.667,36.667,36.667,38.333,35.0,35.0,35.0,35.0,36.667,38.333,38.333,38.333,38.333,
23.333,26.667,30.0,33.333,35.0,36.667,40.0,36.667,35.0,35.0,35.0,36.667,36.667,36.667,38.333,35.0,35.0,35.0,35.0,36.667,38.333,38.333,38.333,38.333,
23.333,26.667,30.0,33.333,35.0,36.667,40.0,36.667,35.0,35.0,35.0,36.667,36.667,36.667,38.333,35.0,35.0,35.0,35.0,36.667,38.333,38.333,38.333,38.333,
25.0,26.667,30.0,33.333,35.0,36.667,40.0,36.667,35.0,35.0,35.0,36.667,36.667,36.667,38.333,35.0,35.0,35.0,35.0,36.667,38.333,38.333,38.333,38.333,
26.667,28.333,30.0,33.333,36.667,38.333,41.667,38.333,36.667,36.667,36.667,36.667,36.667,38.333,38.333,36.667,36.667,36.667,36.667,38.333,38.333,38.333,38.333,38.333,
26.667,28.333,30.0,33.333,36.667,38.333,41.667,38.333,38.333,38.333,38.333,38.333,38.333,38.333,38.333,38.333,38.333,38.333,38.333,38.333,38.333,38.333,38.333,38.333,
30.0,28.333,30.0,33.333,36.667,38.333,41.667,38.333,38.333,38.333,38.333,38.333,38.333,38.333,38.333,38.333,38.333,38.333,38.333,38.333,38.333,38.333,38.333,38.333,
30.0,28.333,31.667,35.0,36.667,38.333,41.667,38.333,38.333,38.333,38.333,38.333,38.333,38.333,38.333,38.333,38.333,38.333,38.333,38.333,38.333,38.333,38.333,38.333,
30.0,30.0,31.667,35.0,36.667,40.0,43.333,38.333,38.333,38.333,38.333,38.333,38.333,38.333,38.333,38.333,38.333,38.333,38.333,38.333,38.333,38.333,38.333,38.333,
30.0,33.333,31.667,35.0,36.667,40.0,43.333,38.333,38.333,38.333,38.333,38.333,38.333,38.333,38.333,38.333,38.333,38.333,38.333,38.333,38.333,38.333,38.333,38.333,
30.0,33.333,31.667,35.0,36.667,40.0,43.333,38.333,38.333,38.333,38.333,38.333,38.333,38.333,38.333,38.333,38.333,38.333,38.333,38.333,38.333,38.333,38.333,38.333,
30.0,33.333,31.667,35.0,36.667,40.0,43.333,38.333,38.333,38.333,38.333,38.333,38.333,38.333,38.333,38.333,38.333,38.333,38.333,38.333,38.333,38.333,38.333,38.333,
30.0,33.333,31.667,35.0,36.667,40.0,43.333,40.0,38.333,38.333,38.333,38.333,38.333,38.333,38.333,38.333,38.333,38.333,38.333,38.333,38.333,38.333,38.333,38.333,
30.0,35.0,33.333,35.0,36.667,40.0,43.333,40.0,38.333,38.333,38.333,38.333,38.333,38.333,38.333,38.333,38.333,38.333,38.333,38.333,38.333,38.333,38.333,38.333,
30.0,36.667,35.0,38.333,38.333,40.0,43.333,40.0,38.333,38.333,38.333,38.333,38.333,38.333,38.333,38.333,38.333,38.333,38.333,38.333,38.333,38.333,38.333,38.333,
31.667,36.667,35.0,38.333,38.333,40.0,43.333,40.0,38.333,38.333,38.333,38.333,38.333,38.333,38.333,38.333,38.333,38.333,38.333,38.333,38.333,38.333,38.333,38.333,
33.333,36.667,35.0,38.333,38.333,43.333,43.333,40.0,38.333,38.333,38.333,38.333,38.333,38.333,38.333,38.333,38.333,38.333,38.333,38.333,38.333,38.333,38.333,38.333,
35.0,36.667,40.0,43.333,43.333,43.333,43.333,40.0,38.333,38.333,38.333,38.333,38.333,38.333,38.333,38.333,38.333,38.333,38.333,38.333,38.333,38.333,38.333,38.333,
35.0,40.0,40.0,43.333,43.333,43.333,43.333,40.0,38.333,38.333,38.333,38.333,38.333,38.333,38.333,38.333,38.333,38.333,38.333,38.333,38.333,38.333,38.333,38.333,
38.333,40.0,40.0,43.333,43.333,43.333,43.333,40.0,38.333,38.333,38.333,38.333,38.333,38.333,38.333,38.333,38.333,38.333,38.333,38.333,38.333,38.333,38.333,38.333,
38.333,40.0,40.0,43.333,43.333,43.333,43.333,40.0,38.333,38.333,38.333,38.333,38.333,38.333,38.333,38.333,38.333,38.333,38.333,38.333,38.333,38.333,38.333,38.333,
40.0,40.0,40.0,43.333,43.333,43.333,43.333,40.0,38.333,38.333,38.333,38.333,38.333,38.333,38.333,38.333,38.333,38.333,38.333,38.333,38.333,38.333,38.333,38.333,
40.0,40.0,40.0,43.333,43.333,43.333,43.333,40.0,38.333,38.333,38.333,38.333,38.333,38.333,38.333,38.333,38.333,38.333,38.333,38.333,38.333,38.333,38.333,38.333,
40.0,40.0,40.0,43.333,43.333,43.333,43.333,40.0,38.333,38.333,38.333,38.333,38.333,38.333,38.333,38.333,38.333,38.333,38.333,38.333,38.333,38.333,38.333,38.333,
40.0,40.0,40.0,43.333,43.333,43.333,43.333,40.0,38.333,38.333,38.333,38.333,38.333,38.333,38.333,38.333,38.333,38.333,38.333,38.333,38.333,38.333,38.333,38.333,
40.0,40.0,40.0,43.333,43.333,43.333,43.333,40.0,38.333,38.333,38.333,38.333,38.333,38.333,38.333,38.333,38.333,38.333,38.333,38.333,38.333,38.333,38.333,38.333,
40.0,40.0,40.0,43.333,43.333,43.333,43.333,40.0,38.333,38.333,38.333,38.333,38.333,38.333,38.333,38.333,38.333,38.333,38.333,38.333,38.333,38.333,38.333,38.333,
40.0,40.0,40.0,43.333,43.333,43.333,43.333,40.0,38.333,38.333,38.333,38.333,38.333,38.333,38.333,38.333,38.333,38.333,38.333,38.333,38.333,38.333,38.333,38.333,
40.0,40.0,40.0,43.333,43.333,43.333,43.333,40.0,38.333,38.333,38.333,38.333,38.333,38.333,38.333,38.333,38.333,38.333,38.333,38.333,38.333,38.333,38.333,38.333,
40.0,40.0,40.0,43.333,43.333,43.333,43.333,40.0,38.333,38.333,38.333,38.333,38.333,38.333,38.333,38.333,38.333,38.333,38.333,38.333,38.333,38.333,38.333,38.333,
40.0,40.0,40.0,43.333,43.333,43.333,43.333,40.0,38.333,38.333,38.333,38.333,38.333,38.333,38.333,38.333,38.333,38.333,38.333,38.333,38.333,38.333,38.333,38.333,
40.0,40.0,40.0,43.333,43.333,43.333,43.333,40.0,38.333,38.333,38.333,38.333,38.333,38.333,38.333,38.333,38.333,38.333,38.333,38.333,38.333,38.333,38.333,38.333,
40.0,40.0,40.0,43.333,43.333,43.333,43.333,40.0,38.333,38.333,38.333,38.333,38.333,38.333,38.333,38.333,38.333,38.333,38.333,38.333,38.333,38.333,38.333,38.333,
40.0,40.0,40.0,43.333,43.333,43.333,43.333,40.0,38.333,38.333,38.333,38.333,38.333,38.333,38.333,38.333,38.333,38.333,38.333,38.333,38.333,38.333,38.333,38.333,
40.0,40.0,40.0,43.333,43.333,43.333,43.333,40.0,38.333,38.333,38.333,38.333,38.333,38.333,38.333,38.333,38.333,38.333,38.333,38.333,38.333,38.333,38.333,38.333,
40.0,40.0,40.0,43.333,43.333,43.333,43.333,40.0,38.333,38.333,38.333,38.333,38.333,38.333,38.333,38.333,38.333,38.333,38.333,38.333,38.333,38.333,38.333,38.333,
40.0,40.0,40.0,43.333,43.333,43.333,43.333,40.0,38.333,38.333,38.333,38.333,38.333,38.333,38.333,38.333,38.333,38.333,38.333,38.333,38.333,38.333,38.333,38.333,
40.0,40.0,40.0,43.333,43.333,43.333,43.333,40.0,38.333,38.333,38.333,38.333,38.333,38.333,38.333,38.333,38.333,38.333,38.333,38.333,38.333,38.333,38.333,38.333,
40.0,40.0,40.0,43.333,43.333,43.333,43.333,40.0,38.333,38.333,38.333,38.333,38.333,38.333,38.333,38.333,38.333,38.333,38.333,38.333,38.333,38.333,38.333,38.333,
40.0,43.333,43.333,43.333,43.333,43.333,43.333,40.0,38.333,38.333,38.333,38.333,38.333,38.333,38.333,38.333,38.333,38.333,38.333,38.333,38.333,38.333,38.333,38.333,
40.0,43.333,43.333,43.333,43.333,43.333,43.333,40.0,38.333,38.333,38.333,38.333,38.333,38.333,38.333,38.333,38.333,38.333,38.333,38.333,38.333,38.333,38.333,38.333,
36.667,36.667,36.667,36.667,36.667,36.667,36.667,36.667,38.333,38.333,38.333,38.333,38.333,38.333,38.333,38.333,38.333,38.333,38.333,38.333,38.333,38.333,38.333,38.333,
36.667,36.667,36.667,36.667,36.667,36.667,36.667,36.667,38.333,38.333,38.333,38.333,38.333,38.333,38.333,38.333,38.333,38.333,38.333,38.333,38.333,38.333,38.333,38.333,
36.667,36.667,36.667,36.667,36.667,36.667,36.667,36.667,38.333,38.333,38.333,38.333,38.333,38.333,38.333,38.333,38.333,38.333,38.333,38.333,38.333,38.333,38.333,38.333,
36.667,36.667,36.667,36.667,36.667,36.667,36.667,36.667,38.333,38.333,38.333,38.333,38.333,38.333,38.333,38.333,38.333,38.333,38.333,38.333,38.333,38.333,38.333,38.333,
36.667,36.667,36.667,36.667,36.667,36.667,36.667,36.667,38.333,38.333,38.333,38.333,38.333,38.333,38.333,38.333,38.333,38.333,38.333,38.333,38.333,38.333,38.333,38.333,
36.667,36.667,36.667,36.667,36.667,36.667,36.667,36.667,38.333,38.333,38.333,38.333,38.333,38.333,38.333,38.333,38.333,38.333,38.333,38.333,38.333,38.333,38.333,38.333,
36.667,36.667,36.667,36.667,36.667,36.667,36.667,36.667,38.333,38.333,38.333,38.333,38.333,38.333,38.333,38.333,38.333,38.333,38.333,38.333,38.333,38.333,38.333,38.333,
36.667,36.667,36.667,36.667,36.667,36.667,36.667,36.667,38.333,38.333,38.333,38.333,38.333,38.333,38.333,38.333,38.333,38.333,38.333,38.333,38.333,38.333,38.333,38.333,

15.0,12.5,12.5,12.5,12.5,12.5,12.5,12.5,15.0,12.5,27.5,30.0,30.0,30.0,30.0,30.0,30.0,30.0,30.0,30.0,30.0,30.0,30.0,30.0,
15.0,12.5,12.5,12.5,12.5,12.5,12.5,12.5,15.0,12.5,27.5,30.0,30.0,30.0,30.0,30.0,30.0,30.0,30.0,30.0,30.0,30.0,30.0,30.0,
15.0,12.5,12.5,12.5,12.5,12.5,12.5,12.5,15.0,12.5,27.5,30.0,30.0,30.0,30.0,30.0,30.0,30.0,30.0,30.0,30.0,30.0,30.0,30.0,
15.0,12.5,12.5,12.5,12.5,12.5,12.5,12.5,15.0,12.5,27.5,30.0,30.0,30.0,30.0,30.0,30.0,30.0,30.0,30.0,30.0,30.0,30.0,30.0,
15.0,12.5,12.5,12.5,12.5,12.5,12.5,12.5,15.0,12.5,27.5,30.0,30.0,30.0,30.0,30.0,30.0,30.0,30.0,30.0,30.0,30.0,30.0,30.0,
15.0,12.5,12.5,12.5,12.5,12.5,12.5,12.5,15.0,12.5,27.5,30.0,30.0,30.0,30.0,30.0,30.0,30.0,30.0,30.0,30.0,30.0,30.0,30.0,
15.0,12.5,12.5,15.0,15.0,15.0,15.0,15.0,15.0,12.5,27.5,30.0,30.0,30.0,30.0,30.0,30.0,30.0,30.0,30.0,30.0,30.0,30.0,30.0,
15.0,12.5,12.5,20.0,20.0,20.0,20.0,20.0,15.0,12.5,27.5,30.0,30.0,30.0,30.0,30.0,30.0,30.0,30.0,30.0,30.0,30.0,30.0,30.0,
15.0,15.0,15.0,20.0,20.0,20.0,20.0,20.0,20.0,15.0,27.5,30.0,30.0,30.0,30.0,30.0,30.0,30.0,30.0,30.0,30.0,30.0,30.0,30.0,
15.0,15.0,15.0,20.0,20.0,20.0,20.0,20.0,20.0,17.5,27.5,30.0,30.0,30.0,30.0,30.0,30.0,30.0,30.0,30.0,30.0,30.0,30.0,30.0,
15.0,15.0,15.0,20.0,20.0,20.0,20.0,20.0,20.0,17.5,27.5,30.0,30.0,30.0,30.0,30.0,30.0,30.0,30.0,30.0,30.0,30.0,30.0,30.0,
15.0,15.0,15.0,20.0,20.0,20.0,20.0,20.0,20.0,17.5,27.5,30.0,30.0,30.0,30.0,30.0,30.0,30.0,30.0,30.0,30.0,30.0,30.0,30.0,
15.0,15.0,15.0,20.0,20.0,20.0,20.0,20.0,20.0,17.5,27.5,30.0,30.0,30.0,30.0,30.0,30.0,30.0,30.0,30.0,30.0,30.0,30.0,30.0,
15.0,15.0,15.0,20.0,20.0,20.0,20.0,20.0,20.0,17.5,27.5,30.0,30.0,30.0,30.0,30.0,30.0,30.0,30.0,30.0,30.0,30.0,30.0,30.0,
15.0,17.5,20.0,22.5,22.5,22.5,22.5,22.5,22.5,20.0,27.5,30.0,30.0,30.0,30.0,30.0,30.0,30.0,30.0,30.0,30.0,30.0,30.0,30.0,
15.0,17.5,20.0,22.5,22.5,22.5,22.5,22.5,22.5,20.0,27.5,30.0,30.0,30.0,30.0,30.0,30.0,30.0,30.0,30.0,30.0,30.0,30.0,30.0,
15.0,20.0,20.0,22.5,22.5,22.5,22.5,22.5,22.5,20.0,27.5,30.0,30.0,30.0,30.0,30.0,30.0,30.0,30.0,30.0,30.0,30.0,30.0,30.0,
12.5,20.0,22.5,22.5,22.5,22.5,22.5,22.5,22.5,20.0,27.5,30.0,30.0,30.0,30.0,30.0,30.0,30.0,30.0,30.0,30.0,30.0,30.0,30.0,
12.5,20.0,22.5,22.5,22.5,22.5,22.5,22.5,22.5,20.0,27.5,30.0,30.0,30.0,30.0,30.0,30.0,30.0,30.0,30.0,30.0,30.0,30.0,30.0,
17.5,22.5,22.5,22.5,22.5,22.5,22.5,22.5,22.5,20.0,27.5,30.0,30.0,30.0,30.0,30.0,30.0,30.0,30.0,30.0,30.0,30.0,30.0,30.0,
17.5,22.5,22.5,22.5,22.5,22.5,22.5,22.5,22.5,20.0,27.5,30.0,30.0,30.0,30.0,30.0,30.0,30.0,30.0,30.0,30.0,30.0,30.0,30.0,
17.5,22.5,22.5,22.5,22.5,22.5,22.5,22.5,22.5,22.5,30.0,30.0,30.0,30.0,30.0,30.0,30.0,30.0,30.0,30.0,30.0,30.0,30.0,30.0,
17.5,22.5,22.5,22.5,22.5,22.5,22.5,22.5,22.5,22.5,30.0,30.0,30.0,30.0,30.0,30.0,30.0,30.0,30.0,30.0,30.0,30.0,30.0,30.0,
17.5,22.5,22.5,22.5,22.5,22.5,22.5,22.5,22.5,22.5,30.0,30.0,30.0,30.0,30.0,30.0,30.0,30.0,30.0,30.0,30.0,30.0,30.0,30.0,
17.5,25.0,25.0,22.5,22.5,22.5,22.5,22.5,22.5,22.5,30.0,30.0,30.0,30.0,30.0,30.0,30.0,30.0,30.0,30.0,30.0,30.0,30.0,30.0,
17.5,25.0,25.0,22.5,22.5,22.5,22.5,22.5,22.5,22.5,30.0,30.0,30.0,30.0,30.0,30.0,30.0,30.0,30.0,30.0,30.0,30.0,30.0,30.0,
20.0,25.0,25.0,22.5,22.5,22.5,22.5,22.5,22.5,22.5,30.0,30.0,30.0,30.0,30.0,30.0,30.0,30.0,30.0,30.0,30.0,30.0,30.0,30.0,
20.0,25.0,30.0,27.5,30.0,30.0,30.0,30.0,25.0,25.0,30.0,30.0,30.0,30.0,30.0,30.0,30.0,30.0,30.0,30.0,30.0,30.0,30.0,30.0,
20.0,22.5,27.5,27.5,30.0,30.0,30.0,30.0,30.0,30.0,30.0,30.0,30.0,30.0,30.0,30.0,30.0,30.0,30.0,30.0,30.0,30.0,30.0,30.0,
20.0,22.5,27.5,27.5,30.0,30.0,30.0,30.0,30.0,30.0,30.0,30.0,30.0,30.0,30.0,30.0,30.0,30.0,30.0,30.0,30.0,30.0,30.0,30.0,
25.0,22.5,27.5,27.5,30.0,30.0,30.0,30.0,30.0,30.0,30.0,30.0,30.0,30.0,30.0,30.0,30.0,30.0,30.0,30.0,30.0,30.0,30.0,30.0,
25.0,22.5,27.5,27.5,30.0,30.0,30.0,30.0,30.0,30.0,30.0,30.0,30.0,30.0,30.0,30.0,30.0,30.0,30.0,30.0,30.0,30.0,30.0,30.0,
25.0,22.5,27.5,27.5,30.0,30.0,30.0,30.0,30.0,30.0,30.0,30.0,30.0,30.0,30.0,30.0,30.0,30.0,30.0,30.0,30.0,30.0,30.0,30.0,
25.0,22.5,27.5,27.5,30.0,30.0,30.0,30.0,30.0,30.0,30.0,30.0,30.0,30.0,30.0,30.0,30.0,30.0,30.0,30.0,30.0,30.0,30.0,30.0,
25.0,22.5,27.5,27.5,30.0,30.0,30.0,30.0,30.0,30.0,30.0,30.0,30.0,30.0,30.0,30.0,30.0,30.0,30.0,30.0,30.0,30.0,30.0,30.0,
25.0,27.5,27.5,27.5,30.0,30.0,30.0,30.0,30.0,30.0,30.0,30.0,30.0,30.0,30.0,30.0,30.0,30.0,30.0,30.0,30.0,30.0,30.0,30.0,
25.0,27.5,27.5,27.5,30.0,30.0,30.0,30.0,30.0,30.0,30.0,30.0,30.0,30.0,30.0,30.0,30.0,30.0,30.0,30.0,30.0,30.0,30.0,30.0,
25.0,27.5,30.0,30.0,30.0,30.0,30.0,30.0,30.0,30.0,30.0,30.0,30.0,30.0,30.0,30.0,30.0,30.0,30.0,30.0,30.0,30.0,30.0,30.0,
22.5,27.5,30.0,30.0,30.0,30.0,30.0,30.0,30.0,30.0,30.0,30.0,30.0,30.0,30.0,30.0,30.0,30.0,30.0,30.0,30.0,30.0,30.0,30.0,
25.0,27.5,30.0,30.0,30.0,30.0,30.0,30.0,30.0,30.0,30.0,30.0,30.0,30.0,30.0,30.0,30.0,30.0,30.0,30.0,30.0,30.0,30.0,30.0,
25.0,27.5,30.0,30.0,30.0,30.0,30.0,30.0,30.0,30.0,30.0,30.0,30.0,30.0,30.0,30.0,30.0,30.0,30.0,30.0,30.0,30.0,30.0,30.0,
25.0,27.5,30.0,30.0,30.0,30.0,30.0,30.0,30.0,30.0,30.0,30.0,30.0,30.0,30.0,30.0,30.0,30.0,30.0,30.0,30.0,30.0,30.0,30.0,
25.0,27.5,30.0,30.0,30.0,30.0,30.0,30.0,30.0,30.0,30.0,30.0,30.0,30.0,30.0,30.0,30.0,30.0,30.0,30.0,30.0,30.0,30.0,30.0,
27.5,30.0,30.0,30.0,30.0,30.0,30.0,30.0,30.0,30.0,30.0,30.0,30.0,30.0,30.0,30.0,30.0,30.0,30.0,30.0,30.0,30.0,30.0,30.0,
30.0,30.0,30.0,30.0,30.0,30.0,30.0,30.0,30.0,30.0,30.0,30.0,30.0,30.0,30.0,30.0,30.0,30.0,30.0,30.0,30.0,30.0,30.0,30.0,
30.0,30.0,30.0,30.0,30.0,30.0,30.0,30.0,30.0,30.0,30.0,30.0,30.0,30.0,30.0,30.0,30.0,30.0,30.0,30.0,30.0,30.0,30.0,30.0,
30.0,30.0,30.0,30.0,30.0,30.0,30.0,30.0,30.0,30.0,30.0,30.0,30.0,30.0,30.0,30.0,30.0,30.0,30.0,30.0,30.0,30.0,30.0,30.0,
30.0,30.0,30.0,30.0,30.0,30.0,30.0,30.0,30.0,30.0,30.0,30.0,30.0,30.0,30.0,30.0,30.0,30.0,30.0,30.0,30.0,30.0,30.0,30.0,
30.0,30.0,30.0,30.0,30.0,30.0,30.0,30.0,30.0,30.0,30.0,30.0,30.0,30.0,30.0,30.0,30.0,30.0,30.0,30.0,30.0,30.0,30.0,30.0,
30.0,30.0,30.0,30.0,30.0,30.0,30.0,30.0,30.0,30.0,30.0,30.0,30.0,30.0,30.0,30.0,30.0,30.0,30.0,30.0,30.0,30.0,30.0,30.0,

18.605,16.279,18.605,16.279,18.605,18.605,20.93,20.93,20.93,20.93,23.256,23.256,27.907,32.558,32.558,32.558,32.558,32.558,32.558,32.558,32.558,32.558,32.558,32.558,
18.605,16.279,18.605,16.279,18.605,18.605,20.93,20.93,20.93,20.93,23.256,23.256,27.907,32.558,32.558,32.558,32.558,32.558,32.558,32.558,32.558,32.558,32.558,32.558,
18.605,16.279,18.605,16.279,18.605,18.605,20.93,20.93,20.93,20.93,23.256,23.256,27.907,32.558,32.558,32.558,32.558,32.558,32.558,32.558,32.558,32.558,32.558,32.558,
18.605,16.279,18.605,16.279,18.605,18.605,20.93,20.93,20.93,20.93,23.256,23.256,27.907,32.558,32.558,32.558,32.558,32.558,32.558,32.558,32.558,32.558,32.558,32.558,
18.605,16.279,18.605,16.279,18.605,18.605,20.93,20.93,20.93,20.93,23.256,23.256,27.907,32.558,32.558,32.558,32.558,32.558,32.558,32.558,32.558,32.558,32.558,32.558,
18.605,16.279,18.605,16.279,18.605,18.605,20.93,20.93,20.93,20.93,23.256,23.256,27.907,32.558,32.558,32.558,32.558,32.558,32.558,32.558,32.558,32.558,32.558,32.558,
18.605,16.279,18.605,18.605,20.93,18.605,20.93,20.93,20.93,20.93,23.256,23.256,27.907,32.558,32.558,32.558,32.558,32.558,32.558,32.558,32.558,32.558,32.558,32.558,
18.605,16.279,18.605,20.93,20.93,18.605,20.93,20.93,20.93,20.93,20.93,20.93,23.256,27.907,32.558,32.558,32.558,32.558,32.558,32.558,32.558,32.558,32.558,32.558,
18.605,16.279,18.605,20.93,20.93,18.605,20.93,20.93,20.93,20.93,20.93,20.93,23.256,27.907,32.558,32.558,32.558,32.558,32.558,32.558,32.558,32.558,32.558,32.558,
18.605,16.279,18.605,18.605,18.605,18.605,20.93,18.605,18.605,18.605,20.93,20.93,23.256,27.907,32.558,32.558,32.558,32.558,32.558,32.558,32.558,32.558,32.558,32.558,
18.605,16.279,18.605,18.605,18.605,18.605,20.93,18.605,18.605,18.605,20.93,20.93,23.256,27.907,32.558,32.558,32.558,32.558,32.558,32.558,32.558,32.558,32.558,32.558,
16.279,16.279,18.605,18.605,18.605,18.605,20.93,18.605,18.605,18.605,20.93,20.93,23.256,27.907,32.558,32.558,32.558,32.558,32.558,32.558,32.558,32.558,32.558,32.558,
16.279,16.279,16.279,18.605,18.605,20.93,20.93,18.605,18.605,18.605,20.93,20.93,23.256,27.907,32.558,32.558,32.558,32.558,32.558,32.558,32.558,32.558,32.558,32.558,
13.953,16.279,16.279,20.93,18.605,20.93,20.93,18.605,18.605,18.605,20.93,20.93,23.256,27.907,32.558,32.558,32.558,32.558,32.558,32.558,32.558,32.558,32.558,32.558,
13.953,16.279,18.605,20.93,18.605,20.93,20.93,18.605,18.605,18.605,20.93,20.93,23.256,27.907,32.558,32.558,32.558,32.558,32.558,32.558,32.558,32.558,32.558,32.558,
13.953,16.279,18.605,20.93,18.605,20.93,20.93,18.605,18.605,18.605,20.93,20.93,23.256,27.907,32.558,32.558,32.558,32.558,32.558,32.558,32.558,32.558,32.558,32.558,
13.953,16.279,18.605,20.93,18.605,20.93,20.93,18.605,18.605,18.605,20.93,20.93,23.256,27.907,32.558,32.558,32.558,32.558,32.558,32.558,32.558,32.558,32.558,32.558,
13.953,16.279,18.605,20.93,18.605,20.93,20.93,18.605,18.605,18.605,20.93,20.93,23.256,27.907,32.558,32.558,32.558,32.558,32.558,32.558,32.558,32.558,32.558,32.558,
13.953,16.279,18.605,20.93,18.605,20.93,20.93,18.605,18.605,18.605,20.93,20.93,23.256,27.907,32.558,32.558,32.558,32.558,32.558,32.558,32.558,32.558,32.558,32.558,
13.953,16.279,18.605,20.93,18.605,20.93,20.93,18.605,18.605,18.605,20.93,20.93,23.256,27.907,32.558,32.558,32.558,32.558,32.558,32.558,32.558,32.558,32.558,32.558,
13.953,16.279,18.605,20.93,18.605,20.93,20.93,18.605,18.605,18.605,20.93,20.93,23.256,27.907,32.558,32.558,32.558,32.558,32.558,32.558,32.558,32.558,32.558,32.558,
13.953,16.279,18.605,20.93,18.605,20.93,20.93,18.605,18.605,18.605,20.93,20.93,23.256,27.907,32.558,32.558,32.558,32.558,32.558,32.558,32.558,32.558,32.558,32.558,
13.953,16.279,18.605,20.93,18.605,20.93,20.93,18.605,18.605,18.605,20.93,20.93,23.256,27.907,32.558,32.558,32.558,32.558,32.558,32.558,32.558,32.558,32.558,32.558,
13.953,16.279,16.279,20.93,18.605,20.93,20.93,18.605,18.605,18.605,20.93,20.93,23.256,27.907,32.558,32.558,32.558,32.558,32.558,32.558,32.558,32.558,32.558,32.558,
13.953,16.279,18.605,20.93,20.93,23.256,23.256,20.93,20.93,20.93,23.256,20.93,23.256,27.907,32.558,32.558,32.558,32.558,32.558,32.558,32.558,32.558,32.558,32.558,
13.953,16.279,18.605,20.93,20.93,23.256,23.256,20.93,20.93,20.93,23.256,20.93,23.256,27.907,32.558,32.558,32.558,32.558,32.558,32.558,32.558,32.558,32.558,32.558,
13.953,16.279,18.605,20.93,20.93,23.256,23.256,20.93,20.93,20.93,23.256,20.93,23.256,27.907,32.558,32.558,32.558,32.558,32.558,32.558,32.558,32.558,32.558,32.558,
13.953,16.279,18.605,20.93,20.93,23.256,20.93,20.93,20.93,20.93,23.256,20.93,23.256,27.907,32.558,32.558,32.558,32.558,32.558,32.558,32.558,32.558,32.558,32.558,
13.953,16.279,18.605,20.93,20.93,23.256,20.93,20.93,20.93,20.93,23.256,20.93,23.256,27.907,32.558,32.558,32.558,32.558,32.558,32.558,32.558,32.558,32.558,32.558,
13.953,16.279,18.605,20.93,20.93,23.256,20.93,20.93,20.93,20.93,23.256,20.93,23.256,27.907,32.558,32.558,32.558,32.558,32.558,32.558,32.558,32.558,32.558,32.558,
13.953,16.279,18.605,20.93,20.93,23.256,20.93,20.93,20.93,20.93,23.256,20.93,23.256,27.907,32.558,32.558,32.558,32.558,32.558,32.558,32.558,32.558,32.558,32.558,
16.279,16.279,18.605,20.93,20.93,23.256,20.93,20.93,20.93,20.93,23.256,20.93,23.256,27.907,32.558,32.558,32.558,32.558,32.558,32.558,32.558,32.558,32.558,32.558,
13.953,16.279,18.605,20.93,20.93,20.93,20.93,20.93,20.93,20.93,23.256,20.93,23.256,27.907,32.558,32.558,32.558,32.558,32.558,32.558,32.558,32.558,32.558,32.558,
13.953,13.953,18.605,20.93,20.93,20.93,20.93,20.93,20.93,20.93,23.256,20.93,23.256,27.907,32.558,32.558,32.558,32.558,32.558,32.558,32.558,32.558,32.558,32.558,
13.953,13.953,18.605,20.93,20.93,20.93,20.93,20.93,20.93,20.93,23.256,20.93,23.256,27.907,32.558,32.558,32.558,32.558,32.558,32.558,32.558,32.558,32.558,32.558,
13.953,13.953,18.605,20.93,20.93,20.93,20.93,20.93,20.93,20.93,23.256,20.93,23.256,27.907,32.558,32.558,32.558,32.558,32.558,32.558,32.558,32.558,32.558,32.558,
13.953,13.953,18.605,20.93,20.93,20.93,20.93,20.93,20.93,20.93,23.256,20.93,23.256,27.907,32.558,32.558,32.558,32.558,32.558,32.558,32.558,32.558,32.558,32.558,
13.953,13.953,18.605,20.93,20.93,20.93,20.93,20.93,20.93,20.93,23.256,20.93,23.256,27.907,32.558,32.558,32.558,32.558,32.558,32.558,32.558,32.558,32.558,32.558,
13.953,13.953,20.93,23.256,20.93,20.93,20.93,20.93,20.93,20.93,23.256,23.256,25.581,27.907,32.558,32.558,32.558,32.558,32.558,32.558,32.558,32.558,32.558,32.558,
16.279,16.279,20.93,23.256,20.93,20.93,20.93,20.93,20.93,20.93,23.256,23.256,25.581,27.907,32.558,32.558,32.558,32.558,32.558,32.558,32.558,32.558,32.558,32.558,
18.605,18.605,23.256,23.256,20.93,23.256,23.256,23.256,23.256,23.256,23.256,23.256,25.581,27.907,32.558,32.558,32.558,32.558,32.558,32.558,32.558,32.558,32.558,32.558,
18.605,18.605,23.256,23.256,20.93,23.256,23.256,23.256,23.256,23.256,23.256,23.256,27.907,27.907,32.558,32.558,32.558,32.558,32.558,32.558,32.558,32.558,32.558,32.558,
18.605,18.605,23.256,23.256,20.93,23.256,23.256,23.256,23.256,23.256,23.256,23.256,27.907,27.907,32.558,32.558,32.558,32.558,32.558,32.558,32.558,32.558,32.558,32.558,
18.605,20.93,23.256,25.581,23.256,23.256,23.256,23.256,23.256,23.256,23.256,23.256,27.907,27.907,32.558,32.558,32.558,32.558,32.558,32.558,32.558,32.558,32.558,32.558,
18.605,20.93,23.256,25.581,23.256,23.256,23.256,23.256,23.256,23.256,23.256,23.256,27.907,27.907,32.558,32.558,32.558,32.558,32.558,32.558,32.558,32.558,32.558,32.558,
25.581,20.93,23.256,25.581,23.256,23.256,23.256,23.256,23.256,23.256,23.256,23.256,27.907,27.907,32.558,32.558,32.558,32.558,32.558,32.558,32.558,32.558,32.558,32.558,
27.907,27.907,27.907,30.233,27.907,27.907,27.907,27.907,27.907,27.907,27.907,27.907,27.907,27.907,32.558,32.558,32.558,32.558,32.558,32.558,32.558,32.558,32.558,32.558,
27.907,27.907,27.907,30.233,27.907,27.907,27.907,27.907,27.907,27.907,27.907,27.907,27.907,27.907,32.558,32.558,32.558,32.558,32.558,32.558,32.558,32.558,32.558,32.558,
32.558,32.558,32.558,34.884,32.558,32.558,32.558,32.558,32.558,32.558,32.558,32.558,32.558,32.558,32.558,32.558,32.558,32.558,32.558,32.558,32.558,32.558,32.558,32.558,
32.558,32.558,32.558,34.884,32.558,32.558,32.558,32.558,32.558,32.558,32.558,32.558,32.558,32.558,32.558,32.558,32.558,32.558,32.558,32.558,32.558,32.558,32.558,32.558,

18.182,18.182,9.091,24.242,27.273,27.273,27.273,30.303,24.242,15.152,18.182,15.152,15.152,15.152,15.152,15.152,15.152,15.152,15.152,15.152,15.152,15.152,15.152,15.152,
18.182,18.182,9.091,24.242,27.273,27.273,27.273,30.303,24.242,15.152,18.182,15.152,15.152,15.152,15.152,15.152,15.152,15.152,15.152,15.152,15.152,15.152,15.152,15.152,
18.182,18.182,9.091,24.242,27.273,27.273,27.273,30.303,24.242,15.152,18.182,15.152,15.152,15.152,15.152,15.152,15.152,15.152,15.152,15.152,15.152,15.152,15.152,15.152,
18.182,18.182,9.091,24.242,27.273,27.273,27.273,30.303,24.242,15.152,18.182,15.152,15.152,15.152,15.152,15.152,15.152,15.152,15.152,15.152,15.152,15.152,15.152,15.152,
18.182,18.182,9.091,24.242,27.273,27.273,27.273,30.303,24.242,15.152,18.182,15.152,15.152,15.152,15.152,15.152,15.152,15.152,15.152,15.152,15.152,15.152,15.152,15.152,
18.182,18.182,9.091,24.242,27.273,27.273,27.273,30.303,24.242,15.152,18.182,15.152,15.152,15.152,15.152,15.152,15.152,15.152,15.152,15.152,15.152,15.152,15.152,15.152,
18.182,18.182,9.091,24.242,27.273,27.273,27.273,30.303,24.242,15.152,18.182,15.152,15.152,15.152,15.152,15.152,15.152,15.152,15.152,15.152,15.152,15.152,15.152,15.152,
18.182,18.182,9.091,24.242,27.273,27.273,27.273,30.303,24.242,15.152,18.182,15.152,15.152,15.152,15.152,15.152,15.152,15.152,15.152,15.152,15.152,15.152,15.152,15.152,
18.182,18.182,9.091,24.242,27.273,27.273,27.273,30.303,24.242,15.152,18.182,15.152,15.152,15.152,15.152,15.152,15.152,15.152,15.152,15.152,15.152,15.152,15.152,15.152,
18.182,18.182,9.091,24.242,27.273,27.273,27.273,30.303,24.242,12.121,15.152,15.152,15.152,15.152,15.152,15.152,15.152,15.152,15.152,15.152,15.152,15.152,15.152,15.152,
18.182,18.182,9.091,24.242,27.273,27.273,27.273,30.303,24.242,12.121,15.152,15.152,15.152,15.152,15.152,15.152,15.152,15.152,15.152,15.152,15.152,15.152,15.152,15.152,
18.182,18.182,12.121,27.273,27.273,27.273,27.273,30.303,24.242,12.121,15.152,15.152,15.152,15.152,15.152,15.152,15.152,15.152,15.152,15.152,15.152,15.152,15.152,15.152,
18.182,18.182,15.152,27.273,27.273,27.273,27.273,30.303,24.242,12.121,15.152,15.152,15.152,15.152,15.152,15.152,15.152,15.152,15.152,15.152,15.152,15.152,15.152,15.152,
18.182,18.182,15.152,27.273,27.273,27.273,27.273,30.303,24.242,12.121,15.152,15.152,15.152,15.152,15.152,15.152,15.152,15.152,15.152,15.152,15.152,15.152,15.152,15.152,
18.182,18.182,15.152,27.273,27.273,27.273,27.273,30.303,24.242,12.121,15.152,15.152,15.152,15.152,15.152,15.152,15.152,15.152,15.152,15.152,15.152,15.152,15.152,15.152,
18.182,18.182,15.152,27.273,27.273,27.273,27.273,30.303,24.242,12.121,15.152,15.152,15.152,15.152,15.152,15.152,15.152,15.152,15.152,15.152,15.152,15.152,15.152,15.152,
18.182,24.242,15.152,27.273,27.273,27.273,27.273,30.303,24.242,12.121,15.152,15.152,15.152,15.152,15.152,15.152,15.152,15.152,15.152,15.152,15.152,15.152,15.152,15.152,
18.182,24.242,15.152,27.273,27.273,27.273,27.273,30.303,24.242,12.121,15.152,15.152,15.152,15.152,15.152,15.152,15.152,15.152,15.152,15.152,15.152,15.152,15.152,15.152,
18.182,24.242,15.152,27.273,27.273,27.273,27.273,30.303,24.242,12.121,15.152,15.152,15.152,15.152,15.152,15.152,15.152,15.152,15.152,15.152,15.152,15.152,15.152,15.152,
18.182,24.242,15.152,27.273,27.273,27.273,27.273,30.303,24.242,12.121,15.152,15.152,15.152,15.152,15.152,15.152,15.152,15.152,15.152,15.152,15.152,15.152,15.152,15.152,
18.182,24.242,15.152,27.273,27.273,27.273,27.273,30.303,24.242,12.121,15.152,15.152,15.152,15.152,15.152,15.152,15.152,15.152,15.152,15.152,15.152,15.152,15.152,15.152,
18.182,24.242,15.152,27.273,27.273,27.273,27.273,30.303,24.242,12.121,15.152,15.152,15.152,15.152,15.152,15.152,15.152,15.152,15.152,15.152,15.152,15.152,15.152,15.152,
18.182,24.242,15.152,27.273,27.273,27.273,27.273,30.303,24.242,12.121,15.152,15.152,15.152,15.152,15.152,15.152,15.152,15.152,15.152,15.152,15.152,15.152,15.152,15.152,
18.182,24.242,15.152,27.273,27.273,27.273,27.273,30.303,24.242,12.121,15.152,15.152,15.152,15.152,15.152,15.152,15.152,15.152,15.152,15.152,15.152,15.152,15.152,15.152,
18.182,24.242,15.152,27.273,27.273,27.273,27.273,30.303,24.242,12.121,15.152,15.152,15.152,15.152,15.152,15.152,15.152,15.152,15.152,15.152,15.152,15.152,15.152,15.152,
21.212,27.273,15.152,27.273,27.273,27.273,27.273,30.303,24.242,12.121,15.152,15.152,15.152,15.152,15.152,15.152,15.152,15.152,15.152,15.152,15.152,15.152,15.152,15.152,
21.212,27.273,15.152,27.273,27.273,27.273,27.273,30.303,24.242,12.121,15.152,15.152,15.152,15.152,15.152,15.152,15.152,15.152,15.152,15.152,15.152,15.152,15.152,15.152,
21.212,27.273,15.152,27.273,27.273,27.273,27.273,30.303,24.242,12.121,15.152,15.152,15.152,15.152,15.152,15.152,15.152,15.152,15.152,15.152,15.152,15.152,15.152,15.152,
21.212,27.273,15.152,27.273,27.273,27.273,27.273,30.303,24.242,12.121,15.152,15.152,15.152,15.152,15.152,15.152,15.152,15.152,15.152,15.152,15.152,15.152,15.152,15.152,
21.212,27.273,15.152,27.273,27.273,27.273,27.273,30.303,24.242,12.121,15.152,15.152,15.152,15.152,15.152,15.152,15.152,15.152,15.152,15.152,15.152,15.152,15.152,15.152,
21.212,27.273,15.152,27.273,27.273,27.273,27.273,30.303,24.242,12.121,15.152,15.152,15.152,15.152,15.152,15.152,15.152,15.152,15.152,15.152,15.152,15.152,15.152,15.152,
21.212,27.273,15.152,27.273,27.273,27.273,27.273,30.303,24.242,12.121,15.152,15.152,15.152,15.152,15.152,15.152,15.152,15.152,15.152,15.152,15.152,15.152,15.152,15.152,
21.212,27.273,15.152,27.273,27.273,27.273,27.273,30.303,24.242,12.121,15.152,15.152,15.152,15.152,15.152,15.152,15.152,15.152,15.152,15.152,15.152,15.152,15.152,15.152,
21.212,27.273,15.152,27.273,27.273,27.273,27.273,30.303,24.242,12.121,15.152,15.152,15.152,15.152,15.152,15.152,15.152,15.152,15.152,15.152,15.152,15.152,15.152,15.152,
21.212,27.273,15.152,27.273,27.273,27.273,27.273,30.303,24.242,12.121,15.152,15.152,15.152,15.152,15.152,15.152,15.152,15.152,15.152,15.152,15.152,15.152,15.152,15.152,
21.212,27.273,15.152,27.273,27.273,27.273,27.273,30.303,24.242,12.121,15.152,15.152,15.152,15.152,15.152,15.152,15.152,15.152,15.152,15.152,15.152,15.152,15.152,15.152,
21.212,27.273,15.152,27.273,27.273,27.273,27.273,30.303,24.242,12.121,15.152,15.152,15.152,15.152,15.152,15.152,15.152,15.152,15.152,15.152,15.152,15.152,15.152,15.152,
18.182,24.242,15.152,27.273,27.273,27.273,27.273,30.303,24.242,12.121,15.152,15.152,15.152,15.152,15.152,15.152,15.152,15.152,15.152,15.152,15.152,15.152,15.152,15.152,
18.182,24.242,15.152,27.273,27.273,27.273,27.273,30.303,24.242,12.121,15.152,15.152,15.152,15.152,15.152,15.152,15.152,15.152,15.152,15.152,15.152,15.152,15.152,15.152,
21.212,27.273,18.182,27.273,27.273,27.273,27.273,30.303,24.242,12.121,15.152,15.152,15.152,15.152,15.152,15.152,15.152,15.152,15.152,15.152,15.152,15.152,15.152,15.152,
24.242,24.242,27.273,27.273,27.273,27.273,27.273,30.303,24.242,12.121,15.152,15.152,15.152,15.152,15.152,15.152,15.152,15.152,15.152,15.152,15.152,15.152,15.152,15.152,
21.212,21.212,27.273,27.273,27.273,27.273,27.273,30.303,24.242,12.121,15.152,15.152,15.152,15.152,15.152,15.152,15.152,15.152,15.152,15.152,15.152,15.152,15.152,15.152,
21.212,21.212,27.273,27.273,27.273,27.273,27.273,30.303,24.242,12.121,15.152,15.152,15.152,15.152,15.152,15.152,15.152,15.152,15.152,15.152,15.152,15.152,15.152,15.152,
21.212,21.212,27.273,27.273,27.273,27.273,27.273,30.303,24.242,12.121,15.152,15.152,15.152,15.152,15.152,15.152,15.152,15.152,15.152,15.152,15.152,15.152,15.152,15.152,
21.212,21.212,27.273,27.273,27.273,27.273,27.273,30.303,24.242,12.121,15.152,15.152,15.152,15.152,15.152,15.152,15.152,15.152,15.152,15.152,15.152,15.152,15.152,15.152,
21.212,21.212,27.273,27.273,27.273,27.273,27.273,30.303,24.242,12.121,15.152,15.152,15.152,15.152,15.152,15.152,15.152,15.152,15.152,15.152,15.152,15.152,15.152,15.152,
21.212,21.212,27.273,27.273,27.273,27.273,27.273,24.242,18.182,12.121,15.152,15.152,15.152,15.152,15.152,15.152,15.152,15.152,15.152,15.152,15.152,15.152,15.152,15.152,
21.212,21.212,27.273,27.273,27.273,27.273,27.273,24.242,18.182,12.121,15.152,15.152,15.152,15.152,15.152,15.152,15.152,15.152,15.152,15.152,15.152,15.152,15.152,15.152,
21.212,21.212,27.273,24.242,24.242,24.242,24.242,24.242,18.182,12.121,15.152,15.152,15.152,15.152,15.152,15.152,15.152,15.152,15.152,15.152,15.152,15.152,15.152,15.152,
24.242,24.242,27.273,24.242,24.242,24.242,24.242,24.242,18.182,12.121,15.152,15.152,15.152,15.152,15.152,15.152,15.152,15.152,15.152,15.152,15.152,15.152,15.152,15.152,

23.529,29.412,38.235,38.235,38.235,38.235,38.235,32.353,23.529,17.647,26.471,29.412,29.412,29.412,29.412,29.412,29.412,29.412,29.412,29.412,29.412,29.412,29.412,29.412,
23.529,29.412,38.235,38.235,38.235,38.235,38.235,32.353,23.529,17.647,26.471,29.412,29.412,29.412,29.412,29.412,29.412,29.412,29.412,29.412,29.412,29.412,29.412,29.412,
23.529,29.412,38.235,38.235,38.235,38.235,38.235,32.353,23.529,17.647,26.471,29.412,29.412,29.412,29.412,29.412,29.412,29.412,29.412,29.412,29.412,29.412,29.412,29.412,
23.529,29.412,38.235,38.235,38.235,38.235,38.235,32.353,23.529,17.647,26.471,29.412,29.412,29.412,29.412,29.412,29.412,29.412,29.412,29.412,29.412,29.412,29.412,29.412,
23.529,29.412,38.235,38.235,38.235,38.235,38.235,32.353,23.529,17.647,26.471,29.412,29.412,29.412,29.412,29.412,29.412,29.412,29.412,29.412,29.412,29.412,29.412,29.412,
23.529,29.412,38.235,38.235,38.235,38.235,38.235,32.353,23.529,17.647,26.471,29.412,29.412,29.412,29.412,29.412,29.412,29.412,29.412,29.412,29.412,29.412,29.412,29.412,
23.529,29.412,38.235,38.235,38.235,38.235,38.235,32.353,23.529,17.647,26.471,29.412,29.412,29.412,29.412,29.412,29.412,29.412,29.412,29.412,29.412,29.412,29.412,29.412,
23.529,29.412,38.235,38.235,38.235,38.235,38.235,32.353,23.529,17.647,26.471,29.412,29.412,29.412,29.412,29.412,29.412,29.412,29.412,29.412,29.412,29.412,29.412,29.412,
23.529,29.412,38.235,38.235,38.235,38.235,38.235,32.353,23.529,23.529,29.412,29.412,29.412,29.412,29.412,29.412,29.412,29.412,29.412,29.412,29.412,29.412,29.412,29.412,
23.529,29.412,38.235,38.235,38.235,38.235,38.235,32.353,23.529,23.529,29.412,29.412,29.412,29.412,29.412,29.412,29.412,29.412,29.412,29.412,29.412,29.412,29.412,29.412,
23.529,29.412,38.235,38.235,38.235,38.235,38.235,32.353,23.529,23.529,29.412,29.412,29.412,29.412,29.412,29.412,29.412,29.412,29.412,29.412,29.412,29.412,29.412,29.412,
23.529,29.412,38.235,38.235,38.235,38.235,38.235,32.353,23.529,23.529,29.412,29.412,29.412,29.412,29.412,29.412,29.412,29.412,29.412,29.412,29.412,29.412,29.412,29.412,
23.529,29.412,38.235,38.235,38.235,38.235,38.235,32.353,23.529,23.529,29.412,29.412,29.412,29.412,29.412,29.412,29.412,29.412,29.412,29.412,29.412,29.412,29.412,29.412,
23.529,29.412,38.235,38.235,38.235,38.235,38.235,32.353,23.529,23.529,29.412,29.412,29.412,29.412,29.412,29.412,29.412,29.412,29.412,29.412,29.412,29.412,29.412,29.412,
26.471,29.412,38.235,38.235,38.235,38.235,38.235,32.353,23.529,23.529,29.412,29.412,29.412,29.412,29.412,29.412,29.412,29.412,29.412,29.412,29.412,29.412,29.412,29.412,
26.471,29.412,38.235,38.235,38.235,38.235,38.235,32.353,23.529,23.529,29.412,29.412,29.412,29.412,29.412,29.412,29.412,29.412,29.412,29.412,29.412,29.412,29.412,29.412,
26.471,29.412,38.235,38.235,38.235,38.235,38.235,32.353,23.529,23.529,29.412,29.412,29.412,29.412,29.412,29.412,29.412,29.412,29.412,29.412,29.412,29.412,29.412,29.412,
26.471,29.412,38.235,38.235,38.235,38.235,38.235,32.353,23.529,23.529,29.412,29.412,29.412,29.412,29.412,29.412,29.412,29.412,29.412,29.412,29.412,29.412,29.412,29.412,
26.471,29.412,38.235,38.235,38.235,38.235,38.235,32.353,23.529,23.529,29.412,29.412,29.412,29.412,29.412,29.412,29.412,29.412,29.412,29.412,29.412,29.412,29.412,29.412,
26.471,29.412,38.235,38.235,38.235,38.235,38.235,32.353,23.529,20.588,29.412,29.412,29.412,29.412,29.412,29.412,29.412,29.412,29.412,29.412,29.412,29.412,29.412,29.412,
26.471,29.412,38.235,38.235,38.235,38.235,38.235,32.353,23.529,20.588,29.412,29.412,29.412,29.412,29.412,29.412,29.412,29.412,29.412,29.412,29.412,29.412,29.412,29.412,
26.471,29.412,38.235,38.235,38.235,38.235,38.235,32.353,23.529,20.588,29.412,29.412,29.412,29.412,29.412,29.412,29.412,29.412,29.412,29.412,29.412,29.412,29.412,29.412,
26.471,29.412,38.235,38.235,38.235,38.235,38.235,32.353,23.529,20.588,29.412,29.412,29.412,29.412,29.412,29.412,29.412,29.412,29.412,29.412,29.412,29.412,29.412,29.412,
26.471,29.412,38.235,38.235,38.235,38.235,38.235,32.353,23.529,20.588,29.412,29.412,29.412,29.412,29.412,29.412,29.412,29.412,29.412,29.412,29.412,29.412,29.412,29.412,
26.471,29.412,38.235,38.235,38.235,38.235,38.235,32.353,23.529,23.529,29.412,29.412,29.412,29.412,29.412,29.412,29.412,29.412,29.412,29.412,29.412,29.412,29.412,29.412,
26.471,29.412,38.235,38.235,38.235,38.235,38.235,32.353,23.529,23.529,29.412,29.412,29.412,29.412,29.412,29.412,29.412,29.412,29.412,29.412,29.412,29.412,29.412,29.412,
26.471,29.412,38.235,38.235,38.235,38.235,38.235,32.353,23.529,23.529,29.412,29.412,29.412,29.412,29.412,29.412,29.412,29.412,29.412,29.412,29.412,29.412,29.412,29.412,
26.471,29.412,38.235,38.235,38.235,38.235,38.235,32.353,23.529,23.529,29.412,29.412,29.412,29.412,29.412,29.412,29.412,29.412,29.412,29.412,29.412,29.412,29.412,29.412,
26.471,29.412,38.235,38.235,38.235,38.235,38.235,32.353,23.529,23.529,29.412,29.412,29.412,29.412,29.412,29.412,29.412,29.412,29.412,29.412,29.412,29.412,29.412,29.412,
26.471,29.412,38.235,38.235,38.235,38.235,38.235,32.353,23.529,23.529,29.412,29.412,29.412,29.412,29.412,29.412,29.412,29.412,29.412,29.412,29.412,29.412,29.412,29.412,
26.471,32.353,32.353,32.353,32.353,32.353,32.353,32.353,23.529,23.529,29.412,29.412,29.412,29.412,29.412,29.412,29.412,29.412,29.412,29.412,29.412,29.412,29.412,29.412,
26.471,32.353,32.353,32.353,32.353,32.353,32.353,32.353,23.529,23.529,29.412,29.412,29.412,29.412,29.412,29.412,29.412,29.412,29.412,29.412,29.412,29.412,29.412,29.412,
26.471,32.353,32.353,32.353,32.353,32.353,32.353,32.353,23.529,23.529,29.412,29.412,29.412,29.412,29.412,29.412,29.412,29.412,29.412,29.412,29.412,29.412,29.412,29.412,
26.471,32.353,32.353,32.353,32.353,32.353,32.353,32.353,23.529,23.529,29.412,29.412,29.412,29.412,29.412,29.412,29.412,29.412,29.412,29.412,29.412,29.412,29.412,29.412,
26.471,32.353,32.353,32.353,32.353,32.353,32.353,32.353,23.529,23.529,29.412,29.412,29.412,29.412,29.412,29.412,29.412,29.412,29.412,29.412,29.412,29.412,29.412,29.412,
26.471,32.353,32.353,32.353,32.353,32.353,32.353,32.353,23.529,23.529,29.412,29.412,29.412,29.412,29.412,29.412,29.412,29.412,29.412,29.412,29.412,29.412,29.412,29.412,
26.471,32.353,32.353,32.353,32.353,32.353,32.353,32.353,23.529,23.529,29.412,29.412,29.412,29.412,29.412,29.412,29.412,29.412,29.412,29.412,29.412,29.412,29.412,29.412,
26.471,32.353,32.353,32.353,32.353,32.353,32.353,32.353,23.529,23.529,29.412,29.412,29.412,29.412,29.412,29.412,29.412,29.412,29.412,29.412,29.412,29.412,29.412,29.412,
26.471,32.353,32.353,32.353,32.353,32.353,32.353,32.353,23.529,23.529,29.412,29.412,29.412,29.412,29.412,29.412,29.412,29.412,29.412,29.412,29.412,29.412,29.412,29.412,
26.471,32.353,32.353,32.353,32.353,32.353,32.353,32.353,23.529,23.529,29.412,29.412,29.412,29.412,29.412,29.412,29.412,29.412,29.412,29.412,29.412,29.412,29.412,29.412,
26.471,32.353,29.412,29.412,29.412,29.412,29.412,26.471,17.647,23.529,29.412,29.412,29.412,29.412,29.412,29.412,29.412,29.412,29.412,29.412,29.412,29.412,29.412,29.412,
26.471,29.412,29.412,29.412,29.412,29.412,29.412,26.471,17.647,23.529,29.412,29.412,29.412,29.412,29.412,29.412,29.412,29.412,29.412,29.412,29.412,29.412,29.412,29.412,
29.412,29.412,29.412,29.412,29.412,29.412,29.412,26.471,20.588,23.529,29.412,29.412,29.412,29.412,29.412,29.412,29.412,29.412,29.412,29.412,29.412,29.412,29.412,29.412,
29.412,26.471,26.471,26.471,26.471,26.471,26.471,26.471,23.529,26.471,29.412,29.412,29.412,29.412,29.412,29.412,29.412,29.412,29.412,29.412,29.412,29.412,29.412,29.412,
29.412,26.471,26.471,26.471,26.471,26.471,26.471,26.471,23.529,26.471,29.412,29.412,29.412,29.412,29.412,29.412,29.412,29.412,29.412,29.412,29.412,29.412,29.412,29.412,
26.471,26.471,26.471,26.471,26.471,26.471,26.471,26.471,23.529,26.471,29.412,29.412,29.412,29.412,29.412,29.412,29.412,29.412,29.412,29.412,29.412,29.412,29.412,29.412,
26.471,26.471,26.471,26.471,26.471,26.471,26.471,26.471,23.529,26.471,29.412,29.412,29.412,29.412,29.412,29.412,29.412,29.412,29.412,29.412,29.412,29.412,29.412,29.412,
26.471,26.471,26.471,26.471,26.471,26.471,26.471,26.471,23.529,26.471,29.412,29.412,29.412,29.412,29.412,29.412,29.412,29.412,29.412,29.412,29.412,29.412,29.412,29.412,
26.471,26.471,26.471,26.471,26.471,26.471,26.471,26.471,23.529,26.471,29.412,29.412,29.412,29.412,29.412,29.412,29.412,29.412,29.412,29.412,29.412,29.412,29.412,29.412,
26.471,26.471,26.471,26.471,26.471,26.471,26.471,26.471,29.412,29.412,29.412,29.412,29.412,29.412,29.412,29.412,29.412,29.412,29.412,29.412,29.412,29.412,29.412,29.412,

10.0,10.0,13.333,10.0,10.0,20.0,23.333,26.667,30.0,33.333,33.333,33.333,33.333,33.333,33.333,33.333,33.333,33.333,33.333,33.333,33.333,33.333,33.333,33.333,
10.0,10.0,13.333,10.0,10.0,20.0,23.333,26.667,30.0,33.333,33.333,33.333,33.333,33.333,33.333,33.333,33.333,33.333,33.333,33.333,33.333,33.333,33.333,33.333,
10.0,10.0,13.333,10.0,10.0,20.0,23.333,26.667,30.0,33.333,33.333,33.333,33.333,33.333,33.333,33.333,33.333,33.333,33.333,33.333,33.333,33.333,33.333,33.333,
10.0,10.0,13.333,10.0,10.0,20.0,23.333,26.667,30.0,33.333,33.333,33.333,33.333,33.333,33.333,33.333,33.333,33.333,33.333,33.333,33.333,33.333,33.333,33.333,
10.0,10.0,13.333,10.0,10.0,20.0,23.333,26.667,30.0,33.333,33.333,33.333,33.333,33.333,33.333,33.333,33.333,33.333,33.333,33.333,33.333,33.333,33.333,33.333,
10.0,10.0,13.333,10.0,10.0,20.0,23.333,26.667,30.0,33.333,33.333,33.333,33.333,33.333,33.333,33.333,33.333,33.333,33.333,33.333,33.333,33.333,33.333,33.333,
10.0,10.0,13.333,10.0,10.0,20.0,23.333,26.667,30.0,33.333,33.333,33.333,33.333,33.333,33.333,33.333,33.333,33.333,33.333,33.333,33.333,33.333,33.333,33.333,
10.0,10.0,13.333,10.0,10.0,20.0,23.333,26.667,30.0,33.333,33.333,33.333,33.333,33.333,33.333,33.333,33.333,33.333,33.333,33.333,33.333,33.333,33.333,33.333,
10.0,10.0,13.333,10.0,10.0,23.333,26.667,30.0,30.0,33.333,33.333,33.333,33.333,33.333,33.333,33.333,33.333,33.333,33.333,33.333,33.333,33.333,33.333,33.333,
10.0,13.333,13.333,10.0,10.0,23.333,26.667,30.0,30.0,33.333,33.333,33.333,33.333,33.333,33.333,33.333,33.333,33.333,33.333,33.333,33.333,33.333,33.333,33.333,
10.0,13.333,13.333,10.0,10.0,23.333,26.667,30.0,30.0,33.333,33.333,33.333,33.333,33.333,33.333,33.333,33.333,33.333,33.333,33.333,33.333,33.333,33.333,33.333,
10.0,13.333,13.333,10.0,10.0,23.333,26.667,30.0,30.0,33.333,33.333,33.333,33.333,33.333,33.333,33.333,33.333,33.333,33.333,33.333,33.333,33.333,33.333,33.333,
10.0,13.333,13.333,10.0,10.0,23.333,26.667,30.0,30.0,33.333,33.333,33.333,33.333,33.333,33.333,33.333,33.333,33.333,33.333,33.333,33.333,33.333,33.333,33.333,
10.0,16.667,16.667,10.0,10.0,23.333,26.667,30.0,30.0,33.333,33.333,33.333,33.333,33.333,33.333,33.333,33.333,33.333,33.333,33.333,33.333,33.333,33.333,33.333,
10.0,16.667,16.667,10.0,10.0,23.333,26.667,30.0,30.0,33.333,33.333,33.333,33.333,33.333,33.333,33.333,33.333,33.333,33.333,33.333,33.333,33.333,33.333,33.333,
10.0,16.667,16.667,16.667,16.667,30.0,33.333,30.0,30.0,33.333,33.333,33.333,33.333,33.333,33.333,33.333,33.333,33.333,33.333,33.333,33.333,33.333,33.333,33.333,
13.333,16.667,16.667,16.667,16.667,30.0,33.333,30.0,30.0,33.333,33.333,33.333,33.333,33.333,33.333,33.333,33.333,33.333,33.333,33.333,33.333,33.333,33.333,33.333,
13.333,16.667,16.667,16.667,16.667,30.0,33.333,30.0,30.0,33.333,33.333,33.333,33.333,33.333,33.333,33.333,33.333,33.333,33.333,33.333,33.333,33.333,33.333,33.333,
13.333,20.0,20.0,23.333,23.333,30.0,33.333,30.0,30.0,33.333,33.333,33.333,33.333,33.333,33.333,33.333,33.333,33.333,33.333,33.333,33.333,33.333,33.333,33.333,
13.333,20.0,20.0,23.333,23.333,30.0,33.333,30.0,30.0,33.333,33.333,33.333,33.333,33.333,33.333,33.333,33.333,33.333,33.333,33.333,33.333,33.333,33.333,33.333,
13.333,20.0,23.333,26.667,26.667,33.333,33.333,30.0,30.0,33.333,33.333,33.333,33.333,33.333,33.333,33.333,33.333,33.333,33.333,33.333,33.333,33.333,33.333,33.333,
13.333,20.0,23.333,26.667,26.667,33.333,33.333,30.0,30.0,33.333,33.333,33.333,33.333,33.333,33.333,33.333,33.333,33.333,33.333,33.333,33.333,33.333,33.333,33.333,
13.333,20.0,23.333,26.667,26.667,33.333,33.333,30.0,30.0,33.333,33.333,33.333,33.333,33.333,33.333,33.333,33.333,33.333,33.333,33.333,33.333,33.333,33.333,33.333,
13.333,20.0,23.333,26.667,26.667,33.333,33.333,30.0,30.0,33.333,33.333,33.333,33.333,33.333,33.333,33.333,33.333,33.333,33.333,33.333,33.333,33.333,33.333,33.333,
13.333,20.0,26.667,26.667,26.667,33.333,33.333,30.0,30.0,33.333,33.333,33.333,33.333,33.333,33.333,33.333,33.333,33.333,33.333,33.333,33.333,33.333,33.333,33.333,
13.333,20.0,26.667,26.667,26.667,33.333,33.333,30.0,30.0,33.333,33.333,33.333,33.333,33.333,33.333,33.333,33.333,33.333,33.333,33.333,33.333,33.333,33.333,33.333,
13.333,20.0,26.667,26.667,26.667,33.333,33.333,30.0,30.0,33.333,33.333,33.333,33.333,33.333,33.333,33.333,33.333,33.333,33.333,33.333,33.333,33.333,33.333,33.333,
13.333,20.0,26.667,26.667,26.667,33.333,33.333,33.333,33.333,33.333,33.333,33.333,33.333,33.333,33.333,33.333,33.333,33.333,33.333,33.333,33.333,33.333,33.333,33.333,
16.667,20.0,26.667,26.667,26.667,33.333,33.333,33.333,33.333,33.333,33.333,33.333,33.333,33.333,33.333,33.333,33.333,33.333,33.333,33.333,33.333,33.333,33.333,33.333,
16.667,20.0,26.667,26.667,26.667,33.333,33.333,33.333,33.333,33.333,33.333,33.333,33.333,33.333,33.333,33.333,33.333,33.333,33.333,33.333,33.333,33.333,33.333,33.333,
20.0,20.0,26.667,26.667,26.667,33.333,33.333,33.333,33.333,33.333,33.333,33.333,33.333,33.333,33.333,33.333,33.333,33.333,33.333,33.333,33.333,33.333,33.333,33.333,
20.0,20.0,26.667,26.667,26.667,33.333,33.333,33.333,33.333,33.333,33.333,33.333,33.333,33.333,33.333,33.333,33.333,33.333,33.333,33.333,33.333,33.333,33.333,33.333,
20.0,20.0,26.667,26.667,26.667,33.333,33.333,33.333,33.333,33.333,33.333,33.333,33.333,33.333,33.333,33.333,33.333,33.333,33.333,33.333,33.333,33.333,33.333,33.333,
26.667,23.333,30.0,33.333,33.333,33.333,33.333,33.333,33.333,33.333,33.333,33.333,33.333,33.333,33.333,33.333,33.333,33.333,33.333,33.333,33.333,33.333,33.333,33.333,
26.667,23.333,30.0,33.333,33.333,33.333,33.333,33.333,33.333,33.333,33.333,33.333,33.333,33.333,33.333,33.333,33.333,33.333,33.333,33.333,33.333,33.333,33.333,33.333,
26.667,23.333,30.0,33.333,33.333,33.333,33.333,33.333,33.333,33.333,33.333,33.333,33.333,33.333,33.333,33.333,33.333,33.333,33.333,33.333,33.333,33.333,33.333,33.333,
26.667,23.333,30.0,33.333,33.333,33.333,33.333,33.333,33.333,33.333,33.333,33.333,33.333,33.333,33.333,33.333,33.333,33.333,33.333,33.333,33.333,33.333,33.333,33.333,
26.667,23.333,30.0,33.333,33.333,33.333,33.333,33.333,33.333,33.333,33.333,33.333,33.333,33.333,33.333,33.333,33.333,33.333,33.333,33.333,33.333,33.333,33.333,33.333,
26.667,23.333,30.0,33.333,33.333,33.333,33.333,33.333,33.333,33.333,33.333,33.333,33.333,33.333,33.333,33.333,33.333,33.333,33.333,33.333,33.333,33.333,33.333,33.333,
26.667,30.0,30.0,33.333,33.333,33.333,33.333,33.333,33.333,33.333,33.333,33.333,33.333,33.333,33.333,33.333,33.333,33.333,33.333,33.333,33.333,33.333,33.333,33.333,
26.667,30.0,30.0,33.333,33.333,33.333,33.333,33.333,33.333,33.333,33.333,33.333,33.333,33.333,33.333,33.333,33.333,33.333,33.333,33.333,33.333,33.333,33.333,33.333,
26.667,30.0,30.0,33.333,33.333,33.333,33.333,33.333,33.333,33.333,33.333,33.333,33.333,33.333,33.333,33.333,33.333,33.333,33.333,33.333,33.333,33.333,33.333,33.333,
26.667,30.0,30.0,33.333,33.333,33.333,33.333,33.333,33.333,33.333,33.333,33.333,33.333,33.333,33.333,33.333,33.333,33.333,33.333,33.333,33.333,33.333,33.333,33.333,
26.667,30.0,30.0,33.333,33.333,33.333,33.333,33.333,33.333,33.333,33.333,33.333,33.333,33.333,33.333,33.333,33.333,33.333,33.333,33.333,33.333,33.333,33.333,33.333,
26.667,30.0,30.0,33.333,33.333,33.333,33.333,33.333,33.333,33.333,33.333,33.333,33.333,33.333,33.333,33.333,33.333,33.333,33.333,33.333,33.333,33.333,33.333,33.333,
26.667,30.0,30.0,33.333,33.333,33.333,33.333,33.333,33.333,33.333,33.333,33.333,33.333,33.333,33.333,33.333,33.333,33.333,33.333,33.333,33.333,33.333,33.333,33.333,
26.667,33.333,33.333,33.333,33.333,33.333,33.333,33.333,33.333,33.333,33.333,33.333,33.333,33.333,33.333,33.333,33.333,33.333,33.333,33.333,33.333,33.333,33.333,33.333,
30.0,33.333,33.333,33.333,33.333,33.333,33.333,33.333,33.333,33.333,33.333,33.333,33.333,33.333,33.333,33.333,33.333,33.333,33.333,33.333,33.333,33.333,33.333,33.333,
30.0,33.333,33.333,33.333,33.333,33.333,33.333,33.333,33.333,33.333,33.333,33.333,33.333,33.333,33.333,33.333,33.333,33.333,33.333,33.333,33.333,33.333,33.333,33.333,
30.0,33.333,33.333,33.333,33.333,33.333,33.333,33.333,33.333,33.333,33.333,33.333,33.333,33.333,33.333,33.333,33.333,33.333,33.333,33.333,33.333,33.333,33.333,33.333,

4.167,4.167,20.833,25.0,25.0,33.333,29.167,16.667,16.667,16.667,16.667,16.667,16.667,16.667,16.667,16.667,16.667,16.667,16.667,16.667,16.667,16.667,16.667,16.667,
4.167,4.167,20.833,25.0,25.0,33.333,29.167,16.667,16.667,16.667,16.667,16.667,16.667,16.667,16.667,16.667,16.667,16.667,16.667,16.667,16.667,16.667,16.667,16.667,
4.167,4.167,20.833,25.0,25.0,33.333,29.167,16.667,16.667,16.667,16.667,16.667,16.667,16.667,16.667,16.667,16.667,16.667,16.667,16.667,16.667,16.667,16.667,16.667,
4.167,4.167,20.833,25.0,25.0,33.333,29.167,16.667,16.667,16.667,16.667,16.667,16.667,16.667,16.667,16.667,16.667,16.667,16.667,16.667,16.667,16.667,16.667,16.667,
4.167,4.167,20.833,25.0,25.0,33.333,29.167,16.667,16.667,16.667,16.667,16.667,16.667,16.667,16.667,16.667,16.667,16.667,16.667,16.667,16.667,16.667,16.667,16.667,
4.167,4.167,20.833,25.0,25.0,33.333,29.167,16.667,16.667,16.667,16.667,16.667,16.667,16.667,16.667,16.667,16.667,16.667,16.667,16.667,16.667,16.667,16.667,16.667,
4.167,4.167,20.833,25.0,25.0,33.333,29.167,16.667,16.667,16.667,16.667,16.667,16.667,16.667,16.667,16.667,16.667,16.667,16.667,16.667,16.667,16.667,16.667,16.667,
4.167,4.167,20.833,25.0,25.0,33.333,29.167,16.667,16.667,16.667,16.667,16.667,16.667,16.667,16.667,16.667,16.667,16.667,16.667,16.667,16.667,16.667,16.667,16.667,
4.167,4.167,20.833,25.0,25.0,33.333,29.167,16.667,16.667,16.667,16.667,16.667,16.667,16.667,16.667,16.667,16.667,16.667,16.667,16.667,16.667,16.667,16.667,16.667,
4.167,4.167,20.833,25.0,25.0,33.333,29.167,16.667,16.667,16.667,16.667,16.667,16.667,16.667,16.667,16.667,16.667,16.667,16.667,16.667,16.667,16.667,16.667,16.667,
4.167,4.167,20.833,25.0,25.0,33.333,29.167,16.667,16.667,16.667,16.667,16.667,16.667,16.667,16.667,16.667,16.667,16.667,16.667,16.667,16.667,16.667,16.667,16.667,
4.167,4.167,20.833,25.0,25.0,33.333,29.167,16.667,16.667,16.667,16.667,16.667,16.667,16.667,16.667,16.667,16.667,16.667,16.667,16.667,16.667,16.667,16.667,16.667,
4.167,8.333,20.833,25.0,25.0,33.333,29.167,16.667,16.667,16.667,16.667,16.667,16.667,16.667,16.667,16.667,16.667,16.667,16.667,16.667,16.667,16.667,16.667,16.667,
4.167,4.167,20.833,25.0,25.0,33.333,29.167,16.667,16.667,16.667,16.667,16.667,16.667,16.667,16.667,16.667,16.667,16.667,16.667,16.667,16.667,16.667,16.667,16.667,
4.167,4.167,20.833,25.0,25.0,33.333,29.167,16.667,16.667,16.667,16.667,16.667,16.667,16.667,16.667,16.667,16.667,16.667,16.667,16.667,16.667,16.667,16.667,16.667,
4.167,4.167,20.833,25.0,25.0,33.333,29.167,16.667,16.667,16.667,16.667,16.667,16.667,16.667,16.667,16.667,16.667,16.667,16.667,16.667,16.667,16.667,16.667,16.667,
4.167,4.167,20.833,25.0,25.0,33.333,29.167,16.667,16.667,16.667,16.667,16.667,16.667,16.667,16.667,16.667,16.667,16.667,16.667,16.667,16.667,16.667,16.667,16.667,
4.167,4.167,20.833,25.0,25.0,33.333,29.167,16.667,16.667,16.667,16.667,16.667,16.667,16.667,16.667,16.667,16.667,16.667,16.667,16.667,16.667,16.667,16.667,16.667,
4.167,4.167,20.833,25.0,25.0,33.333,29.167,16.667,16.667,16.667,16.667,16.667,16.667,16.667,16.667,16.667,16.667,16.667,16.667,16.667,16.667,16.667,16.667,16.667,
4.167,4.167,20.833,25.0,25.0,33.333,29.167,16.667,16.667,16.667,16.667,16.667,16.667,16.667,16.667,16.667,16.667,16.667,16.667,16.667,16.667,16.667,16.667,16.667,
4.167,4.167,20.833,25.0,25.0,33.333,29.167,16.667,16.667,16.667,16.667,16.667,16.667,16.667,16.667,16.667,16.667,16.667,16.667,16.667,16.667,16.667,16.667,16.667,
4.167,4.167,20.833,25.0,25.0,33.333,29.167,16.667,16.667,16.667,16.667,16.667,16.667,16.667,16.667,16.667,16.667,16.667,16.667,16.667,16.667,16.667,16.667,16.667,
4.167,4.167,20.833,25.0,25.0,33.333,29.167,16.667,16.667,16.667,16.667,16.667,16.667,16.667,16.667,16.667,16.667,16.667,16.667,16.667,16.667,16.667,16.667,16.667,
4.167,4.167,20.833,25.0,25.0,33.333,29.167,16.667,16.667,16.667,16.667,16.667,16.667,16.667,16.667,16.667,16.667,16.667,16.667,16.667,16.667,16.667,16.667,16.667,
4.167,8.333,20.833,25.0,25.0,33.333,29.167,16.667,16.667,16.667,16.667,16.667,16.667,16.667,16.667,16.667,16.667,16.667,16.667,16.667,16.667,16.667,16.667,16.667,
4.167,8.333,20.833,25.0,25.0,33.333,29.167,16.667,16.667,16.667,16.667,16.667,16.667,16.667,16.667,16.667,16.667,16.667,16.667,16.667,16.667,16.667,16.667,16.667,
4.167,8.333,20.833,25.0,25.0,33.333,29.167,16.667,16.667,16.667,16.667,16.667,16.667,16.667,16.667,16.667,16.667,16.667,16.667,16.667,16.667,16.667,16.667,16.667,
4.167,8.333,20.833,25.0,25.0,33.333,29.167,16.667,16.667,16.667,16.667,16.667,16.667,16.667,16.667,16.667,16.667,16.667,16.667,16.667,16.667,16.667,16.667,16.667,
4.167,8.333,20.833,25.0,25.0,33.333,29.167,16.667,16.667,16.667,16.667,16.667,16.667,16.667,16.667,16.667,16.667,16.667,16.667,16.667,16.667,16.667,16.667,16.667,
4.167,8.333,20.833,25.0,25.0,33.333,29.167,16.667,16.667,16.667,16.667,16.667,16.667,16.667,16.667,16.667,16.667,16.667,16.667,16.667,16.667,16.667,16.667,16.667,
4.167,12.5,20.833,25.0,25.0,33.333,29.167,16.667,16.667,16.667,16.667,16.667,16.667,16.667,16.667,16.667,16.667,16.667,16.667,16.667,16.667,16.667,16.667,16.667,
8.333,16.667,20.833,25.0,25.0,33.333,29.167,16.667,16.667,16.667,16.667,16.667,16.667,16.667,16.667,16.667,16.667,16.667,16.667,16.667,16.667,16.667,16.667,16.667,
8.333,12.5,20.833,25.0,25.0,33.333,29.167,16.667,16.667,16.667,16.667,16.667,16.667,16.667,16.667,16.667,16.667,16.667,16.667,16.667,16.667,16.667,16.667,16.667,
16.667,16.667,20.833,25.0,25.0,33.333,29.167,16.667,16.667,16.667,16.667,16.667,16.667,16.667,16.667,16.667,16.667,16.667,16.667,16.667,16.667,16.667,16.667,16.667,
16.667,16.667,20.833,25.0,25.0,33.333,29.167,16.667,16.667,16.667,16.667,16.667,16.667,16.667,16.667,16.667,16.667,16.667,16.667,16.667,16.667,16.667,16.667,16.667,
16.667,16.667,20.833,25.0,25.0,33.333,29.167,16.667,16.667,16.667,16.667,16.667,16.667,16.667,16.667,16.667,16.667,16.667,16.667,16.667,16.667,16.667,16.667,16.667,
16.667,16.667,20.833,25.0,25.0,33.333,29.167,16.667,16.667,16.667,16.667,16.667,16.667,16.667,16.667,16.667,16.667,16.667,16.667,16.667,16.667,16.667,16.667,16.667,
16.667,16.667,20.833,25.0,25.0,33.333,29.167,16.667,16.667,16.667,16.667,16.667,16.667,16.667,16.667,16.667,16.667,16.667,16.667,16.667,16.667,16.667,16.667,16.667,
16.667,16.667,20.833,25.0,25.0,33.333,29.167,16.667,16.667,16.667,16.667,16.667,16.667,16.667,16.667,16.667,16.667,16.667,16.667,16.667,16.667,16.667,16.667,16.667,
16.667,16.667,20.833,25.0,25.0,33.333,29.167,16.667,16.667,16.667,16.667,16.667,16.667,16.667,16.667,16.667,16.667,16.667,16.667,16.667,16.667,16.667,16.667,16.667,
16.667,16.667,20.833,25.0,25.0,33.333,29.167,16.667,16.667,16.667,16.667,16.667,16.667,16.667,16.667,16.667,16.667,16.667,16.667,16.667,16.667,16.667,16.667,16.667,
16.667,16.667,20.833,25.0,25.0,33.333,29.167,16.667,16.667,16.667,16.667,16.667,16.667,16.667,16.667,16.667,16.667,16.667,16.667,16.667,16.667,16.667,16.667,16.667,
16.667,16.667,20.833,25.0,25.0,33.333,29.167,16.667,16.667,16.667,16.667,16.667,16.667,16.667,16.667,16.667,16.667,16.667,16.667,16.667,16.667,16.667,16.667,16.667,
16.667,16.667,20.833,25.0,25.0,33.333,29.167,16.667,16.667,16.667,16.667,16.667,16.667,16.667,16.667,16.667,16.667,16.667,16.667,16.667,16.667,16.667,16.667,16.667,
16.667,16.667,20.833,25.0,25.0,33.333,29.167,16.667,16.667,16.667,16.667,16.667,16.667,16.667,16.667,16.667,16.667,16.667,16.667,16.667,16.667,16.667,16.667,16.667,
16.667,16.667,20.833,25.0,25.0,33.333,29.167,16.667,16.667,16.667,16.667,16.667,16.667,16.667,16.667,16.667,16.667,16.667,16.667,16.667,16.667,16.667,16.667,16.667,
16.667,16.667,20.833,25.0,25.0,33.333,29.167,16.667,16.667,16.667,16.667,16.667,16.667,16.667,16.667,16.667,16.667,16.667,16.667,16.667,16.667,16.667,16.667,16.667,
16.667,16.667,20.833,25.0,25.0,33.333,29.167,16.667,16.667,16.667,16.667,16.667,16.667,16.667,16.667,16.667,16.667,16.667,16.667,16.667,16.667,16.667,16.667,16.667,
16.667,16.667,16.667,20.833,20.833,20.833,20.833,16.667,16.667,16.667,16.667,16.667,16.667,16.667,16.667,16.667,16.667,16.667,16.667,16.667,16.667,16.667,16.667,16.667,
16.667,16.667,16.667,20.833,20.833,20.833,20.833,16.667,16.667,16.667,16.667,16.667,16.667,16.667,16.667,16.667,16.667,16.667,16.667,16.667,16.667,16.667,16.667,16.667,

46.875,53.125,53.125,56.25,56.25,56.25,56.25,56.25,56.25,56.25,56.25,56.25,56.25,56.25,56.25,56.25,56.25,56.25,56.25,56.25,56.25,56.25,56.25,56.25,
46.875,53.125,53.125,56.25,56.25,56.25,56.25,56.25,56.25,56.25,56.25,56.25,56.25,56.25,56.25,56.25,56.25,56.25,56.25,56.25,56.25,56.25,56.25,56.25,
46.875,53.125,53.125,56.25,56.25,56.25,56.25,56.25,56.25,56.25,56.25,56.25,56.25,56.25,56.25,56.25,56.25,56.25,56.25,56.25,56.25,56.25,56.25,56.25,
46.875,53.125,53.125,56.25,56.25,56.25,56.25,56.25,56.25,56.25,56.25,56.25,56.25,56.25,56.25,56.25,56.25,56.25,56.25,56.25,56.25,56.25,56.25,56.25,
46.875,53.125,53.125,56.25,56.25,56.25,56.25,56.25,56.25,56.25,56.25,56.25,56.25,56.25,56.25,56.25,56.25,56.25,56.25,56.25,56.25,56.25,56.25,56.25,
46.875,53.125,53.125,56.25,56.25,56.25,56.25,56.25,56.25,56.25,56.25,56.25,56.25,56.25,56.25,56.25,56.25,56.25,56.25,56.25,56.25,56.25,56.25,56.25,
50.0,53.125,53.125,56.25,56.25,56.25,56.25,56.25,56.25,56.25,56.25,56.25,56.25,56.25,56.25,56.25,56.25,56.25,56.25,56.25,56.25,56.25,56.25,56.25,
50.0,53.125,56.25,56.25,56.25,56.25,56.25,56.25,56.25,56.25,56.25,56.25,56.25,56.25,56.25,56.25,56.25,56.25,56.25,56.25,56.25,56.25,56.25,56.25,
50.0,53.125,56.25,56.25,56.25,56.25,56.25,56.25,56.25,56.25,56.25,56.25,56.25,56.25,56.25,56.25,56.25,56.25,56.25,56.25,56.25,56.25,56.25,56.25,
50.0,53.125,56.25,56.25,56.25,56.25,56.25,56.25,56.25,56.25,56.25,56.25,56.25,56.25,56.25,56.25,56.25,56.25,56.25,56.25,56.25,56.25,56.25,56.25,
50.0,56.25,56.25,56.25,56.25,56.25,56.25,56.25,56.25,56.25,56.25,56.25,56.25,56.25,56.25,56.25,56.25,56.25,56.25,56.25,56.25,56.25,56.25,56.25,
50.0,56.25,56.25,56.25,56.25,56.25,56.25,56.25,56.25,56.25,56.25,56.25,56.25,56.25,56.25,56.25,56.25,56.25,56.25,56.25,56.25,56.25,56.25,56.25,
53.125,56.25,56.25,56.25,56.25,56.25,56.25,56.25,56.25,56.25,56.25,56.25,56.25,56.25,56.25,56.25,56.25,56.25,56.25,56.25,56.25,56.25,56.25,56.25,
56.25,56.25,56.25,56.25,56.25,56.25,56.25,56.25,56.25,56.25,56.25,56.25,56.25,56.25,56.25,56.25,56.25,56.25,56.25,56.25,56.25,56.25,56.25,56.25,
56.25,56.25,56.25,56.25,56.25,56.25,56.25,56.25,56.25,56.25,56.25,56.25,56.25,56.25,56.25,56.25,56.25,56.25,56.25,56.25,56.25,56.25,56.25,56.25,
56.25,56.25,56.25,56.25,56.25,56.25,56.25,56.25,56.25,56.25,56.25,56.25,56.25,56.25,56.25,56.25,56.25,56.25,56.25,56.25,56.25,56.25,56.25,56.25,
56.25,56.25,56.25,56.25,56.25,56.25,56.25,56.25,56.25,56.25,56.25,56.25,56.25,56.25,56.25,56.25,56.25,56.25,56.25,56.25,56.25,56.25,56.25,56.25,
56.25,56.25,56.25,56.25,56.25,56.25,56.25,56.25,56.25,56.25,56.25,56.25,56.25,56.25,56.25,56.25,56.25,56.25,56.25,56.25,56.25,56.25,56.25,56.25,
56.25,56.25,56.25,56.25,56.25,56.25,56.25,56.25,56.25,56.25,56.25,56.25,56.25,56.25,56.25,56.25,56.25,56.25,56.25,56.25,56.25,56.25,56.25,56.25,
56.25,56.25,56.25,56.25,56.25,56.25,56.25,56.25,56.25,56.25,56.25,56.25,56.25,56.25,56.25,56.25,56.25,56.25,56.25,56.25,56.25,56.25,56.25,56.25,
56.25,56.25,56.25,56.25,56.25,56.25,56.25,56.25,56.25,56.25,56.25,56.25,56.25,56.25,56.25,56.25,56.25,56.25,56.25,56.25,56.25,56.25,56.25,56.25,
56.25,56.25,56.25,56.25,56.25,56.25,56.25,56.25,56.25,56.25,56.25,56.25,56.25,56.25,56.25,56.25,56.25,56.25,56.25,56.25,56.25,56.25,56.25,56.25,
56.25,56.25,56.25,56.25,56.25,56.25,56.25,56.25,56.25,56.25,56.25,56.25,56.25,56.25,56.25,56.25,56.25,56.25,56.25,56.25,56.25,56.25,56.25,56.25,
56.25,56.25,56.25,56.25,56.25,56.25,56.25,56.25,56.25,56.25,56.25,56.25,56.25,56.25,56.25,56.25,56.25,56.25,56.25,56.25,56.25,56.25,56.25,56.25,
56.25,56.25,56.25,56.25,56.25,56.25,56.25,56.25,56.25,56.25,56.25,56.25,56.25,56.25,56.25,56.25,56.25,56.25,56.25,56.25,56.25,56.25,56.25,56.25,
56.25,56.25,56.25,56.25,56.25,56.25,56.25,56.25,56.25,56.25,56.25,56.25,56.25,56.25,56.25,56.25,56.25,56.25,56.25,56.25,56.25,56.25,56.25,56.25,
56.25,56.25,56.25,56.25,56.25,56.25,56.25,56.25,56.25,56.25,56.25,56.25,56.25,56.25,56.25,56.25,56.25,56.25,56.25,56.25,56.25,56.25,56.25,56.25,
56.25,56.25,56.25,56.25,56.25,56.25,56.25,56.25,56.25,56.25,56.25,56.25,56.25,56.25,56.25,56.25,56.25,56.25,56.25,56.25,56.25,56.25,56.25,56.25,
56.25,56.25,56.25,56.25,56.25,56.25,56.25,56.25,56.25,56.25,56.25,56.25,56.25,56.25,56.25,56.25,56.25,56.25,56.25,56.25,56.25,56.25,56.25,56.25,
56.25,56.25,56.25,56.25,56.25,56.25,56.25,56.25,56.25,56.25,56.25,56.25,56.25,56.25,56.25,56.25,56.25,56.25,56.25,56.25,56.25,56.25,56.25,56.25,
56.25,56.25,56.25,56.25,56.25,56.25,56.25,56.25,56.25,56.25,56.25,56.25,56.25,56.25,56.25,56.25,56.25,56.25,56.25,56.25,56.25,56.25,56.25,56.25,
56.25,56.25,56.25,56.25,56.25,56.25,56.25,56.25,56.25,56.25,56.25,56.25,56.25,56.25,56.25,56.25,56.25,56.25,56.25,56.25,56.25,56.25,56.25,56.25,
56.25,56.25,56.25,56.25,56.25,56.25,56.25,56.25,56.25,56.25,56.25,56.25,56.25,56.25,56.25,56.25,56.25,56.25,56.25,56.25,56.25,56.25,56.25,56.25,
56.25,56.25,56.25,56.25,56.25,56.25,56.25,56.25,56.25,56.25,56.25,56.25,56.25,56.25,56.25,56.25,56.25,56.25,56.25,56.25,56.25,56.25,56.25,56.25,
56.25,56.25,56.25,56.25,56.25,56.25,56.25,56.25,56.25,56.25,56.25,56.25,56.25,56.25,56.25,56.25,56.25,56.25,56.25,56.25,56.25,56.25,56.25,56.25,
56.25,56.25,56.25,56.25,56.25,56.25,56.25,56.25,56.25,56.25,56.25,56.25,56.25,56.25,56.25,56.25,56.25,56.25,56.25,56.25,56.25,56.25,56.25,56.25,
56.25,56.25,56.25,56.25,56.25,56.25,56.25,56.25,56.25,56.25,56.25,56.25,56.25,56.25,56.25,56.25,56.25,56.25,56.25,56.25,56.25,56.25,56.25,56.25,
56.25,56.25,56.25,56.25,56.25,56.25,56.25,56.25,56.25,56.25,56.25,56.25,56.25,56.25,56.25,56.25,56.25,56.25,56.25,56.25,56.25,56.25,56.25,56.25,
56.25,56.25,56.25,56.25,56.25,56.25,56.25,56.25,56.25,56.25,56.25,56.25,56.25,56.25,56.25,56.25,56.25,56.25,56.25,56.25,56.25,56.25,56.25,56.25,
56.25,56.25,56.25,56.25,56.25,56.25,56.25,56.25,56.25,56.25,56.25,56.25,56.25,56.25,56.25,56.25,56.25,56.25,56.25,56.25,56.25,56.25,56.25,56.25,
56.25,56.25,56.25,56.25,56.25,56.25,56.25,56.25,56.25,56.25,56.25,56.25,56.25,56.25,56.25,56.25,56.25,56.25,56.25,56.25,56.25,56.25,56.25,56.25,
56.25,56.25,56.25,56.25,56.25,56.25,56.25,56.25,56.25,56.25,56.25,56.25,56.25,56.25,56.25,56.25,56.25,56.25,56.25,56.25,56.25,56.25,56.25,56.25,
56.25,56.25,56.25,56.25,56.25,56.25,56.25,56.25,56.25,56.25,56.25,56.25,56.25,56.25,56.25,56.25,56.25,56.25,56.25,56.25,56.25,56.25,56.25,56.25,
56.25,56.25,56.25,56.25,56.25,56.25,56.25,56.25,56.25,56.25,56.25,56.25,56.25,56.25,56.25,56.25,56.25,56.25,56.25,56.25,56.25,56.25,56.25,56.25,
56.25,56.25,56.25,56.25,56.25,56.25,56.25,56.25,56.25,56.25,56.25,56.25,56.25,56.25,56.25,56.25,56.25,56.25,56.25,56.25,56.25,56.25,56.25,56.25,
56.25,56.25,56.25,56.25,56.25,56.25,56.25,56.25,56.25,56.25,56.25,56.25,56.25,56.25,56.25,56.25,56.25,56.25,56.25,56.25,56.25,56.25,56.25,56.25,
56.25,56.25,56.25,56.25,56.25,56.25,56.25,56.25,56.25,56.25,56.25,56.25,56.25,56.25,56.25,56.25,56.25,56.25,56.25,56.25,56.25,56.25,56.25,56.25,
56.25,56.25,56.25,56.25,56.25,56.25,56.25,56.25,56.25,56.25,56.25,56.25,56.25,56.25,56.25,56.25,56.25,56.25,56.25,56.25,56.25,56.25,56.25,56.25,
56.25,56.25,56.25,56.25,56.25,56.25,56.25,56.25,56.25,56.25,56.25,56.25,56.25,56.25,56.25,56.25,56.25,56.25,56.25,56.25,56.25,56.25,56.25,56.25,
56.25,56.25,56.25,56.25,56.25,56.25,56.25,56.25,56.25,56.25,56.25,56.25,56.25,56.25,56.25,56.25,56.25,56.25,56.25,56.25,56.25,56.25,56.25,56.25,

11.765,14.706,17.647,26.471,26.471,26.471,26.471,26.471,26.471,23.529,29.412,32.353,32.353,32.353,32.353,32.353,32.353,32.353,32.353,32.353,32.353,32.353,32.353,32.353,
11.765,14.706,17.647,26.471,26.471,26.471,26.471,26.471,26.471,23.529,29.412,32.353,32.353,32.353,32.353,32.353,32.353,32.353,32.353,32.353,32.353,32.353,32.353,32.353,
11.765,14.706,17.647,26.471,26.471,26.471,26.471,26.471,26.471,23.529,29.412,32.353,32.353,32.353,32.353,32.353,32.353,32.353,32.353,32.353,32.353,32.353,32.353,32.353,
11.765,14.706,17.647,26.471,26.471,26.471,26.471,26.471,26.471,23.529,29.412,32.353,32.353,32.353,32.353,32.353,32.353,32.353,32.353,32.353,32.353,32.353,32.353,32.353,
11.765,14.706,17.647,26.471,26.471,26.471,26.471,26.471,26.471,23.529,29.412,32.353,32.353,32.353,32.353,32.353,32.353,32.353,32.353,32.353,32.353,32.353,32.353,32.353,
11.765,14.706,20.588,26.471,26.471,26.471,26.471,26.471,26.471,23.529,29.412,32.353,32.353,32.353,32.353,32.353,32.353,32.353,32.353,32.353,32.353,32.353,32.353,32.353,
11.765,14.706,20.588,26.471,26.471,26.471,26.471,26.471,26.471,23.529,29.412,32.353,32.353,32.353,32.353,32.353,32.353,32.353,32.353,32.353,32.353,32.353,32.353,32.353,
11.765,14.706,20.588,26.471,26.471,26.471,26.471,26.471,26.471,23.529,29.412,32.353,32.353,32.353,32.353,32.353,32.353,32.353,32.353,32.353,32.353,32.353,32.353,32.353,
11.765,14.706,20.588,26.471,26.471,26.471,26.471,26.471,26.471,23.529,29.412,32.353,32.353,32.353,32.353,32.353,32.353,32.353,32.353,32.353,32.353,32.353,32.353,32.353,
11.765,14.706,20.588,26.471,26.471,26.471,26.471,26.471,26.471,26.471,32.353,32.353,32.353,32.353,32.353,32.353,32.353,32.353,32.353,32.353,32.353,32.353,32.353,32.353,
14.706,17.647,20.588,26.471,26.471,26.471,26.471,26.471,26.471,26.471,32.353,32.353,32.353,32.353,32.353,32.353,32.353,32.353,32.353,32.353,32.353,32.353,32.353,32.353,
14.706,17.647,20.588,26.471,26.471,26.471,26.471,26.471,26.471,26.471,32.353,32.353,32.353,32.353,32.353,32.353,32.353,32.353,32.353,32.353,32.353,32.353,32.353,32.353,
14.706,17.647,20.588,26.471,26.471,26.471,26.471,26.471,26.471,26.471,32.353,32.353,32.353,32.353,32.353,32.353,32.353,32.353,32.353,32.353,32.353,32.353,32.353,32.353,
14.706,17.647,20.588,26.471,26.471,26.471,26.471,26.471,26.471,26.471,32.353,32.353,32.353,32.353,32.353,32.353,32.353,32.353,32.353,32.353,32.353,32.353,32.353,32.353,
14.706,17.647,20.588,26.471,26.471,26.471,26.471,26.471,26.471,26.471,32.353,32.353,32.353,32.353,32.353,32.353,32.353,32.353,32.353,32.353,32.353,32.353,32.353,32.353,
14.706,17.647,20.588,26.471,26.471,26.471,26.471,26.471,26.471,26.471,32.353,32.353,32.353,32.353,32.353,32.353,32.353,32.353,32.353,32.353,32.353,32.353,32.353,32.353,
14.706,17.647,23.529,26.471,26.471,26.471,26.471,26.471,26.471,26.471,32.353,32.353,32.353,32.353,32.353,32.353,32.353,32.353,32.353,32.353,32.353,32.353,32.353,32.353,
14.706,17.647,23.529,26.471,26.471,26.471,26.471,32.353,32.353,32.353,32.353,32.353,32.353,32.353,32.353,32.353,32.353,32.353,32.353,32.353,32.353,32.353,32.353,32.353,
14.706,17.647,26.471,26.471,26.471,26.471,26.471,32.353,32.353,32.353,32.353,32.353,32.353,32.353,32.353,32.353,32.353,32.353,32.353,32.353,32.353,32.353,32.353,32.353,
14.706,17.647,26.471,26.471,26.471,26.471,26.471,32.353,32.353,32.353,32.353,32.353,32.353,32.353,32.353,32.353,32.353,32.353,32.353,32.353,32.353,32.353,32.353,32.353,
14.706,20.588,26.471,26.471,26.471,26.471,26.471,32.353,32.353,32.353,32.353,32.353,32.353,32.353,32.353,32.353,32.353,32.353,32.353,32.353,32.353,32.353,32.353,32.353,
14.706,20.588,26.471,26.471,26.471,26.471,26.471,32.353,32.353,32.353,32.353,32.353,32.353,32.353,32.353,32.353,32.353,32.353,32.353,32.353,32.353,32.353,32.353,32.353,
14.706,20.588,26.471,26.471,26.471,26.471,26.471,32.353,32.353,32.353,32.353,32.353,32.353,32.353,32.353,32.353,32.353,32.353,32.353,32.353,32.353,32.353,32.353,32.353,
14.706,20.588,26.471,26.471,26.471,26.471,26.471,32.353,32.353,32.353,32.353,32.353,32.353,32.353,32.353,32.353,32.353,32.353,32.353,32.353,32.353,32.353,32.353,32.353,
14.706,20.588,26.471,26.471,26.471,26.471,26.471,32.353,32.353,32.353,32.353,32.353,32.353,32.353,32.353,32.353,32.353,32.353,32.353,32.353,32.353,32.353,32.353,32.353,
14.706,20.588,26.471,26.471,26.471,26.471,26.471,32.353,32.353,32.353,32.353,32.353,32.353,32.353,32.353,32.353,32.353,32.353,32.353,32.353,32.353,32.353,32.353,32.353,
14.706,20.588,32.353,32.353,32.353,32.353,32.353,32.353,32.353,32.353,32.353,32.353,32.353,32.353,32.353,32.353,32.353,32.353,32.353,32.353,32.353,32.353,32.353,32.353,
14.706,20.588,32.353,32.353,32.353,32.353,32.353,32.353,32.353,32.353,32.353,32.353,32.353,32.353,32.353,32.353,32.353,32.353,32.353,32.353,32.353,32.353,32.353,32.353,
14.706,20.588,32.353,32.353,32.353,32.353,32.353,32.353,32.353,32.353,32.353,32.353,32.353,32.353,32.353,32.353,32.353,32.353,32.353,32.353,32.353,32.353,32.353,32.353,
14.706,20.588,32.353,32.353,32.353,32.353,32.353,32.353,32.353,32.353,32.353,32.353,32.353,32.353,32.353,32.353,32.353,32.353,32.353,32.353,32.353,32.353,32.353,32.353,
17.647,23.529,32.353,32.353,32.353,32.353,32.353,32.353,32.353,32.353,32.353,32.353,32.353,32.353,32.353,32.353,32.353,32.353,32.353,32.353,32.353,32.353,32.353,32.353,
17.647,23.529,32.353,32.353,32.353,32.353,32.353,32.353,32.353,32.353,32.353,32.353,32.353,32.353,32.353,32.353,32.353,32.353,32.353,32.353,32.353,32.353,32.353,32.353,
20.588,26.471,32.353,32.353,32.353,32.353,32.353,32.353,32.353,32.353,32.353,32.353,32.353,32.353,32.353,32.353,32.353,32.353,32.353,32.353,32.353,32.353,32.353,32.353,
20.588,26.471,32.353,32.353,32.353,32.353,32.353,32.353,32.353,32.353,32.353,32.353,32.353,32.353,32.353,32.353,32.353,32.353,32.353,32.353,32.353,32.353,32.353,32.353,
23.529,29.412,32.353,32.353,32.353,32.353,32.353,32.353,32.353,32.353,32.353,32.353,32.353,32.353,32.353,32.353,32.353,32.353,32.353,32.353,32.353,32.353,32.353,32.353,
23.529,29.412,32.353,32.353,32.353,32.353,32.353,32.353,32.353,32.353,32.353,32.353,32.353,32.353,32.353,32.353,32.353,32.353,32.353,32.353,32.353,32.353,32.353,32.353,
23.529,29.412,32.353,32.353,32.353,32.353,32.353,32.353,32.353,32.353,32.353,32.353,32.353,32.353,32.353,32.353,32.353,32.353,32.353,32.353,32.353,32.353,32.353,32.353,
23.529,29.412,32.353,32.353,32.353,32.353,32.353,32.353,32.353,32.353,32.353,32.353,32.353,32.353,32.353,32.353,32.353,32.353,32.353,32.353,32.353,32.353,32.353,32.353,
23.529,29.412,32.353,32.353,32.353,32.353,32.353,32.353,32.353,32.353,32.353,32.353,32.353,32.353,32.353,32.353,32.353,32.353,32.353,32.353,32.353,32.353,32.353,32.353,
26.471,29.412,32.353,32.353,32.353,32.353,32.353,32.353,32.353,32.353,32.353,32.353,32.353,32.353,32.353,32.353,32.353,32.353,32.353,32.353,32.353,32.353,32.353,32.353,
29.412,29.412,32.353,32.353,32.353,32.353,32.353,32.353,32.353,32.353,32.353,32.353,32.353,32.353,32.353,32.353,32.353,32.353,32.353,32.353,32.353,32.353,32.353,32.353,
29.412,29.412,32.353,32.353,32.353,32.353,32.353,32.353,32.353,32.353,32.353,32.353,32.353,32.353,32.353,32.353,32.353,32.353,32.353,32.353,32.353,32.353,32.353,32.353,
29.412,29.412,32.353,32.353,32.353,32.353,32.353,32.353,32.353,32.353,32.353,32.353,32.353,32.353,32.353,32.353,32.353,32.353,32.353,32.353,32.353,32.353,32.353,32.353,
32.353,32.353,32.353,32.353,32.353,32.353,32.353,32.353,32.353,32.353,32.353,32.353,32.353,32.353,32.353,32.353,32.353,32.353,32.353,32.353,32.353,32.353,32.353,32.353,
32.353,32.353,32.353,32.353,32.353,32.353,32.353,32.353,32.353,32.353,32.353,32.353,32.353,32.353,32.353,32.353,32.353,32.353,32.353,32.353,32.353,32.353,32.353,32.353,
32.353,32.353,32.353,32.353,32.353,32.353,32.353,32.353,32.353,32.353,32.353,32.353,32.353,32.353,32.353,32.353,32.353,32.353,32.353,32.353,32.353,32.353,32.353,32.353,
32.353,32.353,32.353,32.353,32.353,32.353,32.353,32.353,32.353,32.353,32.353,32.353,32.353,32.353,32.353,32.353,32.353,32.353,32.353,32.353,32.353,32.353,32.353,32.353,
32.353,32.353,32.353,32.353,32.353,32.353,32.353,32.353,32.353,32.353,32.353,32.353,32.353,32.353,32.353,32.353,32.353,32.353,32.353,32.353,32.353,32.353,32.353,32.353,
32.353,32.353,32.353,32.353,32.353,32.353,32.353,32.353,32.353,32.353,32.353,32.353,32.353,32.353,32.353,32.353,32.353,32.353,32.353,32.353,32.353,32.353,32.353,32.353,
32.353,32.353,32.353,32.353,32.353,32.353,32.353,32.353,32.353,32.353,32.353,32.353,32.353,32.353,32.353,32.353,32.353,32.353,32.353,32.353,32.353,32.353,32.353,32.353,

20.513,23.077,25.641,23.077,28.205,28.205,28.205,7.692,12.821,15.385,15.385,12.821,20.513,25.641,25.641,25.641,25.641,25.641,25.641,25.641,25.641,25.641,25.641,25.641,
20.513,23.077,25.641,23.077,28.205,28.205,28.205,7.692,12.821,15.385,15.385,12.821,20.513,25.641,25.641,25.641,25.641,25.641,25.641,25.641,25.641,25.641,25.641,25.641,
20.513,23.077,25.641,23.077,28.205,28.205,28.205,7.692,12.821,15.385,15.385,12.821,20.513,25.641,25.641,25.641,25.641,25.641,25.641,25.641,25.641,25.641,25.641,25.641,
20.513,23.077,25.641,23.077,28.205,28.205,28.205,7.692,12.821,15.385,15.385,12.821,20.513,25.641,25.641,25.641,25.641,25.641,25.641,25.641,25.641,25.641,25.641,25.641,
20.513,23.077,25.641,23.077,28.205,28.205,28.205,7.692,12.821,15.385,15.385,12.821,20.513,25.641,25.641,25.641,25.641,25.641,25.641,25.641,25.641,25.641,25.641,25.641,
20.513,23.077,25.641,23.077,28.205,28.205,28.205,7.692,12.821,15.385,15.385,12.821,20.513,25.641,25.641,25.641,25.641,25.641,25.641,25.641,25.641,25.641,25.641,25.641,
20.513,23.077,25.641,23.077,28.205,28.205,28.205,7.692,12.821,15.385,15.385,12.821,20.513,25.641,25.641,25.641,25.641,25.641,25.641,25.641,25.641,25.641,25.641,25.641,
20.513,23.077,25.641,23.077,28.205,28.205,28.205,7.692,12.821,15.385,15.385,12.821,20.513,25.641,25.641,25.641,25.641,25.641,25.641,25.641,25.641,25.641,25.641,25.641,
20.513,23.077,25.641,20.513,28.205,28.205,28.205,7.692,12.821,15.385,15.385,17.949,23.077,25.641,25.641,25.641,25.641,25.641,25.641,25.641,25.641,25.641,25.641,25.641,
20.513,23.077,25.641,20.513,28.205,28.205,28.205,7.692,12.821,15.385,15.385,20.513,23.077,25.641,25.641,25.641,25.641,25.641,25.641,25.641,25.641,25.641,25.641,25.641,
20.513,23.077,25.641,20.513,28.205,28.205,28.205,7.692,12.821,15.385,15.385,20.513,23.077,25.641,25.641,25.641,25.641,25.641,25.641,25.641,25.641,25.641,25.641,25.641,
20.513,23.077,25.641,20.513,28.205,28.205,28.205,7.692,12.821,15.385,15.385,20.513,23.077,25.641,25.641,25.641,25.641,25.641,25.641,25.641,25.641,25.641,25.641,25.641,
20.513,23.077,25.641,20.513,28.205,28.205,28.205,7.692,12.821,15.385,15.385,20.513,23.077,25.641,25.641,25.641,25.641,25.641,25.641,25.641,25.641,25.641,25.641,25.641,
20.513,23.077,25.641,20.513,28.205,28.205,28.205,7.692,12.821,15.385,15.385,20.513,23.077,25.641,25.641,25.641,25.641,25.641,25.641,25.641,25.641,25.641,25.641,25.641,
20.513,23.077,23.077,20.513,28.205,28.205,28.205,7.692,12.821,15.385,15.385,20.513,23.077,25.641,25.641,25.641,25.641,25.641,25.641,25.641,25.641,25.641,25.641,25.641,
20.513,23.077,23.077,20.513,28.205,28.205,28.205,7.692,12.821,15.385,15.385,20.513,23.077,25.641,25.641,25.641,25.641,25.641,25.641,25.641,25.641,25.641,25.641,25.641,
20.513,23.077,23.077,20.513,28.205,28.205,28.205,7.692,12.821,15.385,15.385,20.513,23.077,25.641,25.641,25.641,25.641,25.641,25.641,25.641,25.641,25.641,25.641,25.641,
20.513,23.077,23.077,20.513,28.205,28.205,28.205,7.692,12.821,15.385,15.385,20.513,23.077,25.641,25.641,25.641,25.641,25.641,25.641,25.641,25.641,25.641,25.641,25.641,
20.513,23.077,23.077,20.513,28.205,28.205,28.205,7.692,12.821,15.385,15.385,20.513,23.077,25.641,25.641,25.641,25.641,25.641,25.641,25.641,25.641,25.641,25.641,25.641,
20.513,23.077,23.077,20.513,28.205,28.205,28.205,7.692,12.821,15.385,15.385,20.513,23.077,25.641,25.641,25.641,25.641,25.641,25.641,25.641,25.641,25.641,25.641,25.641,
20.513,23.077,23.077,20.513,28.205,28.205,28.205,7.692,12.821,15.385,15.385,20.513,23.077,25.641,25.641,25.641,25.641,25.641,25.641,25.641,25.641,25.641,25.641,25.641,
17.949,20.513,23.077,20.513,28.205,28.205,28.205,10.256,15.385,15.385,17.949,20.513,23.077,25.641,25.641,25.641,25.641,25.641,25.641,25.641,25.641,25.641,25.641,25.641,
17.949,20.513,23.077,20.513,28.205,28.205,28.205,10.256,15.385,15.385,17.949,20.513,23.077,25.641,25.641,25.641,25.641,25.641,25.641,25.641,25.641,25.641,25.641,25.641,
17.949,20.513,23.077,20.513,28.205,28.205,28.205,10.256,15.385,15.385,17.949,20.513,23.077,25.641,25.641,25.641,25.641,25.641,25.641,25.641,25.641,25.641,25.641,25.641,
20.513,23.077,23.077,20.513,28.205,28.205,28.205,10.256,15.385,15.385,17.949,20.513,23.077,25.641,25.641,25.641,25.641,25.641,25.641,25.641,25.641,25.641,25.641,25.641,
20.513,23.077,23.077,20.513,28.205,28.205,28.205,10.256,15.385,15.385,17.949,20.513,23.077,25.641,25.641,25.641,25.641,25.641,25.641,25.641,25.641,25.641,25.641,25.641,
20.513,23.077,23.077,20.513,28.205,28.205,28.205,10.256,15.385,15.385,17.949,20.513,23.077,25.641,25.641,25.641,25.641,25.641,25.641,25.641,25.641,25.641,25.641,25.641,
20.513,23.077,23.077,20.513,28.205,28.205,28.205,12.821,17.949,17.949,20.513,23.077,25.641,25.641,25.641,25.641,25.641,25.641,25.641,25.641,25.641,25.641,25.641,25.641,
20.513,23.077,23.077,20.513,28.205,28.205,28.205,17.949,23.077,20.513,25.641,25.641,25.641,25.641,25.641,25.641,25.641,25.641,25.641,25.641,25.641,25.641,25.641,25.641,
20.513,20.513,25.641,20.513,28.205,28.205,28.205,20.513,23.077,20.513,25.641,25.641,25.641,25.641,25.641,25.641,25.641,25.641,25.641,25.641,25.641,25.641,25.641,25.641,
20.513,20.513,25.641,20.513,28.205,28.205,28.205,20.513,23.077,20.513,25.641,25.641,25.641,25.641,25.641,25.641,25.641,25.641,25.641,25.641,25.641,25.641,25.641,25.641,
20.513,20.513,25.641,20.513,28.205,28.205,28.205,20.513,23.077,20.513,25.641,25.641,25.641,25.641,25.641,25.641,25.641,25.641,25.641,25.641,25.641,25.641,25.641,25.641,
20.513,20.513,25.641,20.513,25.641,28.205,28.205,20.513,23.077,20.513,25.641,25.641,25.641,25.641,25.641,25.641,25.641,25.641,25.641,25.641,25.641,25.641,25.641,25.641,
20.513,20.513,25.641,20.513,25.641,28.205,28.205,20.513,23.077,20.513,25.641,25.641,25.641,25.641,25.641,25.641,25.641,25.641,25.641,25.641,25.641,25.641,25.641,25.641,
20.513,20.513,25.641,20.513,25.641,28.205,28.205,20.513,23.077,20.513,25.641,25.641,25.641,25.641,25.641,25.641,25.641,25.641,25.641,25.641,25.641,25.641,25.641,25.641,
20.513,20.513,25.641,20.513,23.077,28.205,28.205,20.513,23.077,20.513,25.641,25.641,25.641,25.641,25.641,25.641,25.641,25.641,25.641,25.641,25.641,25.641,25.641,25.641,
20.513,20.513,25.641,20.513,23.077,28.205,28.205,20.513,23.077,20.513,25.641,25.641,25.641,25.641,25.641,25.641,25.641,25.641,25.641,25.641,25.641,25.641,25.641,25.641,
20.513,20.513,25.641,20.513,23.077,28.205,28.205,20.513,23.077,20.513,25.641,25.641,25.641,25.641,25.641,25.641,25.641,25.641,25.641,25.641,25.641,25.641,25.641,25.641,
20.513,20.513,25.641,20.513,23.077,28.205,28.205,20.513,23.077,20.513,25.641,25.641,25.641,25.641,25.641,25.641,25.641,25.641,25.641,25.641,25.641,25.641,25.641,25.641,
20.513,20.513,25.641,20.513,23.077,28.205,28.205,20.513,23.077,20.513,25.641,25.641,25.641,25.641,25.641,25.641,25.641,25.641,25.641,25.641,25.641,25.641,25.641,25.641,
20.513,20.513,25.641,20.513,23.077,28.205,30.769,20.513,23.077,20.513,25.641,25.641,25.641,25.641,25.641,25.641,25.641,25.641,25.641,25.641,25.641,25.641,25.641,25.641,
20.513,20.513,25.641,23.077,23.077,28.205,30.769,20.513,23.077,20.513,25.641,25.641,25.641,25.641,25.641,25.641,25.641,25.641,25.641,25.641,25.641,25.641,25.641,25.641,
17.949,20.513,25.641,23.077,23.077,28.205,30.769,20.513,23.077,20.513,25.641,25.641,25.641,25.641,25.641,25.641,25.641,25.641,25.641,25.641,25.641,25.641,25.641,25.641,
17.949,20.513,25.641,23.077,23.077,28.205,30.769,20.513,23.077,20.513,25.641,25.641,25.641,25.641,25.641,25.641,25.641,25.641,25.641,25.641,25.641,25.641,25.641,25.641,
20.513,23.077,25.641,23.077,23.077,28.205,25.641,20.513,23.077,20.513,25.641,25.641,25.641,25.641,25.641,25.641,25.641,25.641,25.641,25.641,25.641,25.641,25.641,25.641,
25.641,25.641,25.641,23.077,23.077,28.205,25.641,23.077,23.077,20.513,25.641,25.641,25.641,25.641,25.641,25.641,25.641,25.641,25.641,25.641,25.641,25.641,25.641,25.641,
25.641,25.641,25.641,23.077,23.077,28.205,25.641,23.077,23.077,20.513,25.641,25.641,25.641,25.641,25.641,25.641,25.641,25.641,25.641,25.641,25.641,25.641,25.641,25.641,
20.513,23.077,25.641,23.077,23.077,28.205,25.641,23.077,23.077,20.513,25.641,25.641,25.641,25.641,25.641,25.641,25.641,25.641,25.641,25.641,25.641,25.641,25.641,25.641,
20.513,23.077,23.077,23.077,23.077,25.641,23.077,23.077,23.077,23.077,25.641,25.641,25.641,25.641,25.641,25.641,25.641,25.641,25.641,25.641,25.641,25.641,25.641,25.641,
20.513,25.641,25.641,25.641,25.641,25.641,23.077,23.077,25.641,25.641,25.641,25.641,25.641,25.641,25.641,25.641,25.641,25.641,25.641,25.641,25.641,25.641,25.641,25.641,

