36.825,36.19,37.778,37.143,37.778,38.73,42.54,40.952,40.635,39.683,38.413,34.603,36.508,36.508,35.873,36.825,36.825,36.825,35.873,36.508,36.508,37.143,36.825,36.19,
36.825,36.19,37.778,37.143,37.778,38.73,42.54,40.0,40.635,39.683,38.413,34.603,36.508,36.508,35.873,36.825,36.825,36.825,35.873,36.508,36.508,37.143,36.825,36.19,
36.825,36.19,37.778,37.143,37.778,38.73,42.54,40.0,41.27,40.317,39.048,34.603,36.508,36.508,35.873,36.825,36.825,36.825,35.873,36.508,36.508,37.143,36.825,36.19,
36.825,36.19,37.778,37.143,37.778,38.73,42.54,40.0,41.27,40.317,39.048,34.603,36.508,36.508,35.873,36.825,36.825,36.825,35.873,36.508,36.508,37.143,36.825,36.19,
36.825,36.508,38.095,37.143,37.778,38.73,42.54,40.0,41.27,40.317,39.048,34.603,36.508,36.508,35.873,36.825,36.825,36.825,35.873,36.508,36.508,37.143,36.825,36.19,
37.46,37.143,38.413,37.46,37.778,38.73,43.492,40.952,41.27,40.317,39.048,34.603,36.508,36.508,35.873,36.825,36.825,36.825,35.873,36.508,36.508,37.143,36.825,36.19,
37.46,37.143,38.413,36.825,37.143,38.413,43.492,40.952,40.952,40.317,40.0,34.286,36.508,36.508,35.873,36.825,36.825,36.825,35.873,36.508,36.508,37.143,36.825,35.556,
37.46,37.143,38.413,36.825,37.143,38.413,43.492,40.952,40.952,40.317,40.0,34.286,36.508,36.508,35.873,36.825,36.825,36.825,35.873,36.508,36.508,37.143,36.825,35.556,
37.46,37.143,38.413,36.825,37.143,38.413,43.492,40.952,40.952,40.317,40.0,34.286,36.508,36.508,35.873,36.825,36.825,36.825,35.873,36.508,36.508,37.143,36.825,35.556,
37.46,37.143,38.413,36.825,37.143,38.413,43.492,40.952,40.952,40.317,40.0,34.286,36.508,36.508,35.873,36.825,36.825,36.825,35.873,36.508,36.508,37.143,36.825,35.556,
37.46,37.143,38.095,36.825,37.143,38.413,43.492,40.952,40.952,40.317,40.0,34.286,36.508,36.508,35.873,36.825,36.825,36.825,35.873,36.508,36.508,37.143,36.825,35.556,
37.46,37.143,39.683,38.413,38.73,40.952,43.492,43.175,43.175,42.54,42.222,36.508,36.508,36.508,35.873,36.825,36.825,36.825,35.873,36.508,36.508,37.143,36.508,35.556,
37.46,37.46,39.365,38.413,38.73,40.952,43.492,43.175,43.175,42.54,42.222,36.508,36.508,36.508,35.873,36.825,36.825,36.825,34.921,36.508,36.508,37.143,36.508,35.556,
37.46,37.46,39.365,37.46,38.413,40.952,43.492,43.175,43.175,42.54,42.222,37.143,37.143,37.143,36.508,37.46,37.46,37.46,35.556,37.143,37.143,37.143,36.508,35.556,
37.46,37.46,39.365,37.46,38.413,40.952,43.492,43.175,43.175,42.54,42.222,37.143,37.143,37.143,36.508,37.46,37.46,37.46,35.556,37.143,37.143,37.143,36.508,35.556,
39.048,39.048,39.365,37.46,38.413,40.952,43.492,43.175,43.175,42.54,42.222,37.143,37.143,37.143,36.508,37.46,37.46,37.46,37.143,37.143,37.143,37.143,36.508,35.556,
39.048,39.048,38.413,37.46,38.413,40.952,43.492,43.175,43.175,42.54,42.222,37.143,37.143,37.143,36.508,37.46,37.46,37.46,37.143,37.143,37.143,37.143,36.508,35.556,
39.365,38.413,38.413,37.46,38.413,40.952,43.492,43.175,43.175,42.54,42.222,37.143,37.143,37.143,36.508,37.46,37.46,37.46,37.143,37.143,37.143,37.143,36.508,35.556,
39.365,38.413,38.413,37.46,38.413,41.905,43.492,43.175,43.175,42.54,42.222,37.143,37.143,37.143,36.508,37.46,37.46,37.46,37.143,37.143,37.143,37.143,36.508,35.556,
39.683,38.413,38.095,37.46,38.413,41.905,43.492,43.175,43.175,42.54,42.222,37.143,36.508,36.508,36.508,37.46,37.46,37.46,37.143,37.143,37.143,37.143,36.508,35.556,
39.365,36.825,38.095,37.46,38.413,41.905,43.492,43.175,43.175,42.54,42.222,37.143,36.508,36.508,36.508,37.46,37.46,37.46,37.143,37.143,37.143,37.143,36.508,35.556,
39.365,36.825,38.095,37.778,38.73,41.905,43.492,43.492,43.492,42.54,42.222,37.143,36.508,36.508,36.508,37.46,37.46,37.46,36.508,36.508,36.508,36.508,36.508,35.556,
39.683,36.825,38.095,37.778,38.73,41.905,43.81,43.492,43.175,42.222,42.222,37.143,36.508,36.508,36.508,37.46,37.46,37.46,36.508,36.508,36.508,36.508,36.508,35.556,
40.0,37.46,38.73,38.413,39.365,41.587,44.444,42.54,42.222,41.27,41.27,36.19,35.556,35.556,35.556,36.508,36.508,36.508,35.873,35.873,35.873,35.556,35.873,35.556,
40.317,37.46,39.365,39.365,40.317,42.54,45.397,43.81,43.492,42.54,42.222,37.143,36.508,36.508,36.508,36.508,36.508,36.508,35.873,35.873,35.873,35.556,35.873,35.556,
40.317,37.778,39.365,38.095,39.048,41.27,42.54,42.54,42.222,40.635,40.952,37.143,36.508,36.508,36.508,36.508,36.508,36.508,35.873,35.873,35.873,35.556,35.873,35.556,
40.635,39.365,40.0,38.73,39.048,41.27,42.54,42.54,42.222,40.635,40.952,37.143,36.508,36.508,36.508,36.508,36.508,36.508,35.873,35.873,35.873,35.556,35.873,35.556,
41.905,40.635,40.635,39.365,39.683,42.222,42.54,42.54,42.222,40.635,40.952,37.143,36.508,36.508,36.508,36.508,36.508,36.508,35.873,35.873,35.873,35.873,35.873,35.556,
42.222,39.365,39.365,39.365,39.683,41.905,41.905,41.905,41.587,40.635,40.0,36.19,35.556,35.556,35.556,35.556,35.556,35.556,35.238,35.238,35.238,35.238,35.238,34.921,
42.222,39.365,39.365,39.048,39.365,41.905,41.905,41.905,41.587,40.635,40.0,36.19,35.556,35.556,35.556,35.556,35.556,35.556,35.238,35.238,35.238,35.238,35.238,34.921,
42.54,39.365,39.683,39.048,39.365,41.905,41.905,41.905,41.587,40.635,40.0,36.19,35.556,35.556,35.556,35.556,35.556,35.556,35.238,35.238,35.238,35.238,35.238,34.921,
39.365,40.317,39.683,38.73,39.048,41.587,41.587,41.587,41.27,40.317,39.683,35.873,35.238,35.238,35.238,35.238,35.238,35.238,34.921,34.921,34.921,34.921,34.921,34.921,
39.365,40.952,40.317,39.365,39.683,41.587,41.587,41.587,41.27,40.317,39.683,35.873,35.238,35.238,35.238,35.238,35.238,35.238,34.921,34.921,34.921,34.921,34.921,34.921,
39.365,40.952,39.683,39.365,39.683,41.587,41.587,41.587,41.27,40.317,39.683,35.873,35.238,35.238,35.238,35.238,35.238,35.238,34.921,34.921,34.921,34.921,34.921,34.921,
39.683,40.952,40.952,40.635,40.635,41.587,41.587,41.587,41.27,40.317,39.683,35.873,35.238,35.238,35.238,35.238,35.238,35.238,35.556,35.556,35.556,35.556,35.556,35.556,
40.0,41.905,40.635,40.317,40.317,39.683,39.683,41.587,41.27,39.048,39.683,35.873,35.238,35.238,35.238,35.238,35.238,35.238,35.556,35.556,35.556,35.556,35.556,35.556,
40.0,41.905,40.317,40.0,39.683,39.048,39.048,40.635,40.317,38.413,39.048,35.238,34.603,34.603,34.603,34.603,34.603,34.603,35.556,35.556,35.556,35.556,35.556,35.556,
39.365,41.587,39.365,39.365,39.048,39.048,39.048,40.635,40.317,38.413,39.048,35.238,34.603,34.603,34.603,34.603,34.603,34.603,35.556,35.556,35.556,35.556,35.556,35.556,
41.587,40.0,39.365,39.365,39.048,39.048,39.048,40.635,40.317,38.413,39.048,35.238,34.603,34.603,34.603,34.603,34.603,34.603,35.556,35.556,35.556,35.556,35.556,35.556,
39.683,40.0,39.365,39.365,39.048,39.048,39.048,40.635,40.317,38.413,39.048,35.238,35.556,35.556,35.556,35.556,35.556,35.556,35.556,35.556,35.556,35.556,35.556,35.556,
39.365,39.683,39.048,39.048,38.73,38.73,38.73,38.73,38.413,38.413,39.365,35.556,35.556,35.556,35.556,35.556,35.556,35.556,35.556,35.556,35.556,35.556,35.556,35.556,
39.365,39.683,39.048,39.048,40.317,40.317,39.365,39.365,39.365,39.365,39.365,35.556,35.556,35.556,35.556,35.556,35.556,35.556,35.556,35.556,35.556,35.556,35.556,35.556,
40.952,40.952,40.317,40.317,40.317,40.317,39.365,39.365,39.365,39.365,39.365,35.556,35.556,35.556,35.556,35.556,35.556,35.556,35.556,35.556,35.556,35.556,35.556,35.556,
40.952,40.952,40.317,40.317,40.317,40.317,39.365,39.365,39.365,39.365,39.365,35.556,35.556,35.556,35.556,35.556,35.556,35.556,35.556,35.556,35.556,35.556,35.556,35.556,
40.317,40.317,40.317,40.317,40.317,40.317,39.365,39.365,39.365,39.365,39.365,35.556,35.556,35.556,35.556,35.556,35.556,35.556,35.556,35.556,35.556,35.556,35.556,35.556,
40.317,40.317,40.317,40.317,40.317,40.317,37.143,37.143,37.143,37.143,39.365,35.556,35.556,35.556,35.556,35.556,35.556,35.556,35.556,35.556,35.556,35.556,35.556,35.556,
37.143,37.143,37.143,37.143,37.143,37.143,37.143,37.143,37.143,37.143,43.175,39.365,39.365,39.365,39.365,39.365,39.365,39.365,39.365,39.365,39.365,39.365,39.365,39.365,
37.143,37.143,37.143,37.143,37.143,37.143,37.143,37.143,37.143,37.143,43.175,39.365,39.365,39.365,39.365,39.365,39.365,39.365,39.365,39.365,39.365,39.365,39.365,39.365,
37.778,37.778,37.778,37.778,37.778,37.778,37.778,37.778,37.778,37.778,36.508,36.508,36.508,36.508,36.508,36.508,36.508,36.508,36.508,36.508,36.508,36.508,36.508,36.508,
36.508,36.508,36.508,36.508,36.508,36.508,36.508,36.508,36.508,36.508,36.508,36.508,36.508,36.508,36.508,36.508,36.508,36.508,36.508,36.508,36.508,36.508,36.508,36.508,

35.548,35.88,36.877,38.538,38.538,38.87,39.203,39.203,38.87,37.209,37.874,38.206,37.542,36.545,36.213,35.88,37.209,37.209,37.874,36.545,34.219,35.548,35.548,35.548,
35.548,35.88,36.877,38.538,38.538,38.87,39.203,39.203,38.87,37.209,37.874,37.542,36.877,35.88,35.548,35.88,37.209,37.209,37.874,36.545,34.219,35.548,35.548,35.548,
35.548,35.88,36.877,38.538,38.538,38.87,39.203,38.87,38.538,37.209,37.874,37.542,36.877,35.88,35.548,35.88,37.209,37.209,37.874,36.545,34.219,35.548,35.548,35.548,
35.548,35.88,37.542,38.538,38.538,39.203,39.535,38.87,38.538,37.209,37.874,37.542,36.877,35.88,35.548,35.88,37.209,37.209,37.874,36.545,34.219,35.548,35.548,35.548,
35.548,35.88,37.542,38.538,38.538,39.203,39.535,38.87,38.538,37.542,38.206,37.874,37.209,36.213,35.88,36.213,37.542,37.542,37.874,36.545,34.219,35.548,35.548,35.548,
35.216,35.548,37.542,38.206,38.206,38.87,39.203,38.538,38.206,37.542,38.206,37.874,37.209,36.213,35.88,36.213,37.542,37.542,37.874,36.545,34.219,35.548,35.548,35.548,
35.216,35.548,37.542,38.206,38.538,38.87,39.203,38.538,38.206,37.542,38.206,37.874,37.209,36.213,36.213,36.545,37.542,37.542,37.874,36.545,34.219,35.548,35.548,35.548,
35.88,35.548,37.542,38.206,38.538,38.87,39.203,38.538,38.206,38.206,38.206,37.874,37.209,36.213,36.213,36.545,37.542,37.542,37.874,36.545,33.887,35.216,35.216,35.216,
35.88,35.548,37.542,38.206,38.87,38.87,39.203,38.538,38.206,38.206,38.206,37.874,37.542,36.545,36.545,36.545,37.542,37.542,37.874,36.545,33.887,35.216,35.216,35.216,
37.209,36.213,37.542,38.206,38.87,38.87,39.203,38.538,38.538,38.206,38.206,37.874,37.542,36.545,36.545,36.545,37.542,37.542,37.542,36.213,33.887,35.216,35.216,35.216,
37.542,36.213,37.209,38.206,38.87,38.87,39.203,38.538,38.538,38.206,38.206,37.874,37.542,36.877,36.877,36.877,37.874,37.874,37.874,36.545,34.219,35.548,35.548,35.548,
37.209,37.209,38.206,39.203,38.87,38.87,39.203,38.538,38.538,38.206,38.206,37.874,37.542,36.877,36.877,36.877,37.874,37.874,37.874,36.545,34.219,35.548,35.548,35.548,
37.209,37.209,38.206,39.203,38.87,38.87,39.203,38.538,38.538,37.542,37.542,37.874,37.542,36.877,36.877,36.877,37.874,37.874,37.874,36.545,34.219,35.548,35.548,35.548,
37.209,37.542,38.206,39.203,38.87,38.87,39.203,38.538,38.538,37.542,37.542,36.877,36.545,36.877,36.877,36.877,37.874,37.874,37.874,36.545,34.219,35.548,35.548,35.548,
37.209,36.545,38.206,38.538,38.538,38.538,39.203,38.538,38.538,37.542,37.542,36.877,36.545,36.877,36.877,36.877,37.874,37.874,37.874,36.545,34.219,35.548,35.548,35.548,
37.209,36.545,38.206,38.538,38.538,38.538,39.203,38.538,38.538,37.542,37.542,36.877,35.216,35.548,35.548,35.548,36.545,36.545,36.545,35.216,32.89,34.219,34.219,34.219,
37.209,36.545,38.206,38.538,38.538,38.538,39.203,38.538,38.538,37.542,37.542,36.877,35.216,35.548,35.548,35.548,36.545,36.545,36.545,35.216,32.89,34.219,34.219,34.219,
37.542,36.877,38.538,38.87,38.87,38.87,39.203,38.538,38.538,37.542,37.542,36.877,35.216,35.548,35.548,35.548,36.545,36.545,36.545,35.216,32.89,34.219,34.219,34.219,
37.209,36.877,38.538,38.87,38.87,39.867,40.199,39.535,39.535,38.538,38.538,36.213,36.213,36.545,36.545,36.545,36.545,36.545,36.545,35.216,32.89,34.219,34.219,34.219,
37.209,38.206,39.535,38.87,38.87,39.867,40.199,39.535,39.535,38.538,38.538,36.213,36.213,36.545,36.545,36.545,36.545,36.545,36.545,35.216,32.89,34.219,34.219,34.219,
37.209,38.206,39.535,38.87,39.203,40.199,40.532,39.867,36.877,35.88,35.88,36.213,36.213,36.545,36.545,36.545,36.545,36.545,36.545,35.216,32.89,34.219,34.219,34.219,
36.877,38.206,39.535,38.87,39.203,40.199,40.532,39.867,36.877,35.88,35.88,36.213,36.213,36.545,36.545,36.545,36.545,36.545,36.545,35.216,32.89,34.219,34.219,34.219,
36.877,38.206,39.535,39.203,39.203,40.532,40.864,40.199,37.209,36.213,36.213,36.545,36.545,36.545,36.545,36.545,36.545,36.545,36.545,35.216,32.89,34.219,34.219,34.219,
36.877,37.874,39.203,38.87,39.203,40.532,40.864,40.199,37.209,36.213,36.213,36.545,36.545,36.545,36.545,36.545,36.545,36.545,36.545,35.216,32.89,34.219,34.219,34.219,
36.877,37.874,39.203,40.532,40.532,40.532,40.864,37.542,37.209,36.213,36.213,36.545,36.545,36.545,36.545,36.545,36.545,36.545,36.545,35.216,32.89,34.219,34.219,34.219,
37.874,37.874,39.867,37.874,37.874,37.874,38.206,38.206,37.209,36.213,36.213,36.545,36.545,36.545,36.545,36.545,36.545,36.545,36.545,35.216,32.89,34.219,34.219,34.219,
38.206,37.874,39.867,37.874,37.874,37.874,38.206,38.206,37.209,36.213,36.213,36.545,36.545,36.545,36.545,36.545,36.545,36.545,36.545,36.545,34.219,34.219,34.219,34.219,
38.206,38.538,39.867,38.538,38.538,37.874,38.206,38.206,37.209,36.213,36.213,36.545,36.545,36.545,36.545,36.545,36.545,36.545,36.545,36.545,34.219,34.219,34.219,34.219,
39.535,40.199,37.542,38.538,38.538,37.874,38.206,38.206,37.209,36.213,36.213,36.545,36.545,36.545,36.545,36.545,36.545,36.545,36.545,36.545,34.219,34.219,34.219,34.219,
39.535,36.877,38.206,38.538,38.538,37.874,38.206,38.206,36.877,35.88,35.88,36.545,36.545,36.545,36.545,36.545,36.545,36.545,36.545,36.545,34.219,34.219,34.219,34.219,
39.535,36.877,37.874,37.874,37.874,37.209,37.542,37.542,36.877,35.88,35.88,36.545,36.545,36.545,36.545,36.545,36.545,36.545,36.545,36.545,34.219,34.219,34.219,34.219,
40.199,36.877,37.874,37.874,37.874,37.209,37.542,37.542,36.877,35.88,35.88,36.545,36.545,36.545,36.545,36.545,36.545,36.545,36.545,36.545,34.219,34.219,34.219,34.219,
37.209,37.209,38.206,38.206,38.206,37.542,37.542,37.542,36.877,35.88,35.88,36.545,36.545,36.545,36.545,36.545,36.545,36.545,36.545,36.545,34.219,34.219,34.219,34.219,
36.877,36.877,37.874,37.874,37.874,37.209,37.209,37.209,36.877,35.88,35.88,36.545,36.545,36.545,36.545,36.545,36.545,36.545,36.545,36.545,34.219,34.219,34.219,34.219,
36.877,36.877,37.874,37.874,37.874,37.209,37.209,37.209,36.877,35.88,35.88,36.545,36.545,36.545,36.545,36.545,36.545,36.545,36.545,36.545,34.219,34.219,34.219,34.219,
36.877,36.213,37.209,37.209,37.209,37.209,37.209,37.209,36.877,35.88,35.88,36.545,36.545,36.545,36.545,36.545,36.545,36.545,36.545,36.545,34.219,34.219,34.219,34.219,
36.877,36.213,37.209,37.209,37.209,37.209,37.209,37.209,36.877,35.88,35.88,36.545,36.545,36.545,36.545,36.545,36.545,36.545,36.545,36.545,34.219,34.219,34.219,34.219,
37.209,36.545,37.209,37.209,37.209,37.209,37.209,37.209,36.877,35.88,35.88,36.545,36.545,36.545,36.545,36.545,36.545,36.545,36.545,36.545,34.219,34.219,34.219,34.219,
36.545,36.545,37.209,37.209,37.209,37.209,37.209,37.209,36.545,35.548,35.548,36.213,36.213,36.213,36.213,36.213,36.213,36.213,36.213,36.213,33.887,33.887,33.887,33.887,
36.545,36.545,37.209,34.884,34.884,34.884,34.884,34.884,34.219,33.223,33.223,33.887,33.887,33.887,33.887,33.887,33.887,33.887,32.89,32.89,32.89,32.89,32.89,32.89,
36.877,36.545,34.219,34.219,34.219,34.219,34.884,34.884,34.219,33.223,33.223,33.887,32.89,32.89,32.89,32.89,32.89,32.89,32.89,32.89,32.89,32.89,32.89,32.89,
34.219,34.219,34.219,34.219,34.219,34.219,34.219,34.219,34.219,33.223,33.223,33.887,32.89,32.89,32.89,32.89,32.89,32.89,32.89,32.89,32.89,32.89,32.89,32.89,
33.887,33.887,33.887,33.555,33.555,33.555,33.555,33.555,33.555,32.558,32.558,33.555,32.558,32.558,32.558,32.558,32.558,32.558,32.558,32.558,32.558,32.558,32.558,32.558,
33.555,33.555,33.555,33.555,33.555,33.555,33.555,33.555,33.555,32.558,32.558,32.558,32.558,32.558,32.558,32.558,32.558,32.558,32.558,32.558,32.558,32.558,32.558,32.558,
33.555,33.555,33.555,33.555,33.555,33.555,33.555,33.555,33.555,33.555,33.555,33.555,33.555,33.555,33.555,33.555,33.555,33.555,33.555,33.555,33.555,33.555,33.555,33.555,
33.555,33.555,33.555,33.555,33.555,33.555,33.555,33.555,33.555,33.555,33.555,33.555,33.555,33.555,33.555,33.555,33.555,33.555,33.555,33.555,33.555,33.555,33.555,33.555,
33.555,33.555,33.555,33.555,33.555,33.555,33.555,33.555,33.555,33.555,33.555,33.555,33.555,33.555,33.555,33.555,33.555,33.555,33.555,33.555,33.555,33.555,33.555,33.555,
33.555,33.555,33.555,33.555,33.555,33.555,33.555,33.555,33.555,33.555,33.555,33.555,33.555,33.555,33.555,33.555,33.555,33.555,33.555,33.555,33.555,33.555,33.555,33.555,
33.555,33.555,33.555,33.555,33.555,33.555,33.555,33.555,33.555,33.555,33.555,33.555,33.555,33.555,33.555,33.555,33.555,33.555,33.555,33.555,33.555,33.555,33.555,33.555,
36.877,36.877,36.877,36.877,36.877,36.877,36.877,36.877,36.877,36.877,36.877,36.877,36.877,36.877,36.877,36.877,36.877,36.877,36.877,36.877,36.877,36.877,36.877,36.877,

50.0,49.324,51.014,52.703,50.338,51.351,51.689,52.703,53.041,53.716,53.716,54.054,54.73,53.716,53.041,52.365,54.73,56.419,56.081,55.068,55.068,54.054,54.054,54.054,
50.338,49.324,51.014,52.703,50.338,51.689,51.689,52.703,53.041,53.716,53.716,54.054,54.73,53.716,53.041,52.365,54.73,56.419,56.081,55.068,55.068,54.054,54.054,54.054,
50.338,49.324,51.014,52.703,50.338,51.689,51.689,52.703,53.041,53.716,53.716,54.054,54.73,53.716,53.041,52.365,54.73,56.419,56.081,55.068,55.068,54.054,54.054,54.054,
50.338,49.324,51.014,52.703,50.338,51.689,51.689,52.703,53.041,53.716,53.716,54.054,54.73,53.716,53.041,52.365,54.73,56.419,56.081,55.068,55.068,54.054,54.054,54.054,
50.338,49.324,51.014,52.703,50.338,51.689,51.689,52.703,53.041,53.716,53.716,54.054,54.73,53.716,53.041,52.365,54.73,56.419,56.081,55.068,55.068,54.054,54.054,54.054,
51.014,49.662,51.351,52.703,50.338,51.689,51.689,52.703,53.041,54.392,54.392,54.73,55.405,53.716,53.041,52.365,54.73,56.419,56.081,54.392,54.392,53.378,53.378,53.378,
51.014,50.0,51.689,52.703,50.676,52.027,52.027,53.041,54.054,54.392,54.392,54.73,55.405,53.716,53.041,52.365,54.73,56.419,56.081,54.392,54.392,53.378,53.378,53.378,
51.014,50.0,51.689,52.703,50.676,52.027,52.027,53.041,54.054,54.392,54.392,54.73,55.405,53.716,53.041,52.365,54.73,56.419,56.081,54.392,54.392,53.378,53.378,53.378,
50.676,49.662,51.689,52.703,50.676,52.027,52.027,53.041,54.054,54.392,54.392,54.73,55.405,55.405,53.041,52.365,54.73,56.419,56.081,54.73,54.73,53.378,53.378,53.378,
50.0,50.676,52.703,52.703,50.676,52.027,52.027,53.041,54.054,54.392,54.392,54.73,55.405,55.405,53.041,52.365,54.73,56.419,56.081,54.73,54.73,53.378,53.378,53.378,
51.351,50.676,52.703,52.703,50.338,52.027,52.027,53.041,54.054,54.392,54.392,54.73,55.405,55.405,53.041,52.365,54.73,56.419,56.081,54.73,54.73,53.378,53.378,53.378,
51.689,50.676,52.703,52.703,50.338,52.027,52.027,52.703,53.716,54.054,54.054,54.392,55.068,55.068,52.703,52.027,54.392,55.743,56.081,54.73,54.73,53.378,53.378,53.378,
51.689,52.365,53.378,52.703,52.703,52.703,52.703,52.703,53.716,54.054,54.73,55.068,55.068,55.068,55.068,54.392,54.392,55.743,56.081,54.73,54.73,53.378,53.378,53.378,
51.689,52.365,53.378,52.703,52.703,54.054,53.378,52.703,54.392,54.73,54.73,55.068,55.068,55.068,55.068,54.392,54.392,55.743,56.081,54.73,54.73,53.378,53.378,53.378,
51.689,52.027,53.378,52.703,52.703,54.054,53.378,52.703,54.392,54.73,54.73,54.054,54.054,55.068,55.068,54.392,54.392,55.743,55.743,56.081,56.081,54.73,54.73,54.73,
51.689,52.027,53.378,52.703,53.378,54.054,53.378,53.378,54.392,54.73,54.73,54.054,54.054,55.068,55.068,54.054,54.054,55.743,55.743,56.081,56.081,54.73,54.73,54.73,
51.689,52.027,53.378,52.703,54.054,54.392,54.392,54.392,54.392,54.73,54.73,54.054,54.054,55.068,55.068,54.054,54.054,55.743,55.743,56.081,56.081,54.73,54.73,54.73,
51.689,52.027,53.378,53.041,54.054,54.392,54.392,54.392,54.392,54.73,54.73,54.054,54.054,54.054,54.054,54.054,54.054,56.081,56.081,56.081,56.081,54.73,54.73,54.73,
51.689,52.027,53.378,53.041,53.716,54.392,54.392,53.716,53.716,54.054,54.054,54.054,54.054,54.054,54.054,54.054,54.054,56.081,56.081,56.081,56.081,54.73,54.73,54.73,
51.689,52.027,53.378,53.041,53.716,54.392,54.392,53.716,53.716,54.054,54.054,54.054,54.054,54.054,54.054,54.054,54.054,56.081,56.081,56.081,56.081,54.73,54.73,54.73,
51.689,52.027,53.378,53.716,53.716,54.392,54.392,53.716,53.716,54.054,54.054,54.054,54.054,54.054,54.054,54.054,54.054,56.081,56.081,56.081,56.081,54.73,54.73,54.73,
51.689,52.027,53.378,53.716,53.716,54.392,53.716,53.716,53.716,54.054,54.054,54.054,54.054,54.054,54.054,54.054,54.054,56.081,56.081,56.081,56.081,54.73,54.73,54.73,
51.689,52.027,53.378,53.716,53.716,53.716,53.716,53.716,53.716,54.054,54.054,54.054,54.054,54.054,54.054,54.054,54.054,56.081,56.081,56.081,56.081,54.73,54.73,54.73,
51.689,52.027,53.378,53.716,53.716,53.716,53.716,53.716,53.716,54.054,54.054,54.054,54.054,54.054,54.054,54.054,54.054,56.081,56.081,56.081,56.081,54.73,54.73,54.73,
51.689,52.027,53.378,53.716,53.716,53.716,53.716,53.716,53.716,54.054,54.054,54.054,54.054,54.054,54.054,54.054,54.054,56.081,56.081,56.081,56.081,54.73,54.73,54.73,
52.027,52.027,53.378,53.716,53.716,53.716,53.716,53.716,53.716,54.054,54.054,54.054,54.054,54.054,54.054,54.054,54.054,56.081,56.081,56.081,56.081,54.73,54.73,54.73,
52.365,52.365,53.041,53.716,53.716,53.716,53.716,53.716,53.716,54.054,54.054,54.054,54.054,54.054,54.054,54.054,54.054,56.081,56.081,56.081,56.081,54.73,54.73,54.73,
52.703,52.703,53.378,53.716,53.716,53.716,53.716,53.716,53.716,54.054,54.054,54.054,54.054,54.054,54.054,54.054,54.054,56.081,56.081,56.081,56.081,54.73,54.73,54.73,
53.041,53.378,53.716,53.716,53.716,53.716,53.716,53.716,53.716,54.054,54.054,54.054,54.054,54.054,54.054,54.054,54.054,56.081,56.081,56.081,56.081,54.73,54.73,54.73,
53.041,53.378,53.716,53.716,53.716,53.716,53.716,53.716,53.716,54.054,54.054,54.054,54.054,54.054,54.054,54.054,54.054,56.081,56.081,56.081,56.081,54.73,54.73,54.73,
53.041,53.378,53.716,53.716,53.716,53.716,53.716,53.716,53.716,54.054,54.054,54.054,54.054,54.054,54.054,54.054,54.054,56.081,56.081,56.081,56.081,54.73,54.73,54.73,
53.378,53.716,54.054,54.054,53.716,53.716,53.716,53.716,53.716,54.054,54.054,54.054,54.054,54.054,54.054,54.054,54.054,56.081,56.081,56.081,56.081,54.73,54.73,54.73,
53.378,53.716,54.054,54.054,53.716,53.716,53.716,53.716,54.054,54.054,54.054,54.054,54.054,54.054,54.054,54.054,54.054,56.081,56.081,56.081,56.081,54.73,54.73,54.73,
53.378,53.716,54.054,54.054,53.716,53.716,53.716,53.716,54.054,54.054,54.054,54.054,54.054,54.054,54.054,54.054,54.054,56.081,56.081,56.081,56.081,54.73,54.73,54.73,
53.716,53.716,54.054,54.054,53.716,53.716,53.716,53.716,54.054,54.054,54.054,54.054,54.054,54.054,54.054,54.054,54.054,56.081,56.081,56.081,56.081,54.73,54.73,54.73,
53.716,53.716,54.054,54.054,53.716,53.716,53.716,53.716,54.054,54.054,54.054,54.054,54.054,54.054,54.054,54.054,54.054,56.081,56.081,56.081,56.081,54.73,54.73,54.73,
53.716,53.716,54.054,54.054,53.716,53.716,53.716,53.716,54.054,54.054,54.054,54.054,54.054,54.054,54.054,54.054,54.054,56.081,56.081,56.081,56.081,54.73,54.73,54.73,
53.716,53.716,54.054,54.054,53.716,53.716,53.716,53.716,54.054,54.054,54.054,54.054,54.054,54.054,54.054,54.054,54.054,56.081,56.081,56.081,56.081,54.73,54.73,54.73,
53.716,53.716,54.054,54.054,53.716,53.716,53.716,53.716,54.054,54.054,54.054,54.054,54.054,54.054,54.054,54.054,54.054,56.081,56.081,56.081,56.081,54.73,54.73,54.73,
53.716,53.716,54.054,54.054,53.716,53.716,53.716,53.716,54.054,54.054,54.054,54.054,54.054,54.054,54.054,54.054,54.054,56.081,56.081,56.081,56.081,54.73,54.73,54.73,
53.716,53.716,54.054,54.054,53.716,53.716,53.716,53.716,54.054,54.054,54.054,54.054,54.054,54.054,54.054,54.054,54.054,56.081,56.081,56.081,56.081,50.0,50.0,50.0,
53.716,53.716,54.054,54.054,53.716,53.716,53.716,53.716,54.054,54.054,54.054,54.054,54.054,54.054,54.054,54.054,54.054,50.0,50.0,50.0,50.0,50.0,50.0,50.0,
50.0,50.0,50.0,50.0,50.0,50.0,50.0,50.0,50.0,50.0,50.0,50.0,50.0,50.0,50.0,50.0,50.0,50.0,50.0,50.0,50.0,50.0,50.0,50.0,
50.0,50.0,50.0,50.0,50.0,50.0,50.0,50.0,50.0,50.0,50.0,50.0,50.0,50.0,50.0,50.0,50.0,50.0,50.0,50.0,50.0,50.0,50.0,50.0,
50.0,50.0,50.0,50.0,50.0,50.0,50.0,50.0,50.0,50.0,50.0,50.0,50.0,50.0,50.0,50.0,50.0,50.0,50.0,50.0,50.0,50.0,50.0,50.0,
50.0,50.0,50.0,50.0,50.0,50.0,50.0,50.0,50.0,50.0,50.0,50.0,50.0,50.0,50.0,50.0,50.0,50.0,50.0,50.0,50.0,50.0,50.0,50.0,
50.0,50.0,50.0,50.0,50.0,50.0,50.0,50.0,50.0,50.0,50.0,50.0,50.0,50.0,50.0,50.0,50.0,50.0,50.0,50.0,50.0,50.0,50.0,50.0,
50.0,50.0,50.0,50.0,50.0,50.0,50.0,50.0,50.0,50.0,50.0,50.0,50.0,50.0,50.0,50.0,50.0,50.0,50.0,50.0,50.0,50.0,50.0,50.0,
50.0,50.0,50.0,50.0,50.0,50.0,50.0,50.0,50.0,50.0,50.0,50.0,50.0,50.0,50.0,50.0,50.0,50.0,50.0,50.0,50.0,50.0,50.0,50.0,
50.0,50.0,50.0,50.0,50.0,50.0,50.0,50.0,50.0,50.0,50.0,50.0,50.0,50.0,50.0,50.0,50.0,50.0,50.0,50.0,50.0,50.0,50.0,50.0,

44.815,49.259,47.407,47.037,49.259,48.519,47.778,50.0,49.259,45.185,45.556,41.481,47.037,47.407,47.778,47.778,46.667,47.037,44.815,44.815,44.815,44.815,45.556,45.556,
45.185,49.63,47.407,47.037,49.259,47.778,47.037,50.0,49.259,45.185,45.556,41.481,47.037,47.407,47.778,47.778,46.667,47.037,44.815,44.815,44.815,44.815,45.556,45.556,
45.185,49.63,47.407,47.037,49.259,47.778,47.037,50.0,49.259,45.185,45.556,42.963,48.148,47.407,47.778,47.778,46.667,47.037,44.815,44.815,44.815,44.815,45.556,45.556,
45.185,49.63,47.407,47.037,49.259,47.778,46.667,50.0,49.259,45.185,45.556,42.963,48.148,47.407,47.778,47.778,46.667,47.037,44.815,44.815,44.815,44.815,45.556,45.556,
45.556,50.0,47.407,47.037,49.259,47.778,46.667,50.0,49.259,45.185,45.556,42.963,48.148,47.407,47.778,47.778,46.667,47.037,44.815,44.815,44.815,44.815,45.556,45.556,
47.778,50.0,47.037,47.037,49.259,47.778,46.667,50.0,49.259,48.519,48.889,42.963,48.148,47.407,47.778,47.778,46.667,48.519,46.296,46.296,46.296,46.296,47.037,47.037,
47.778,50.0,48.148,47.778,50.0,47.778,46.667,50.0,50.37,48.519,48.889,44.444,49.63,49.259,47.778,47.778,46.667,48.519,46.296,46.296,46.296,46.296,47.037,47.037,
47.778,50.0,48.148,48.148,50.0,47.778,46.667,50.0,50.37,48.519,48.889,44.444,49.63,49.259,47.778,47.778,46.667,48.519,46.296,46.296,46.296,46.296,47.037,47.037,
47.778,50.0,48.148,48.148,50.0,47.778,46.667,47.407,47.778,45.926,46.296,41.481,47.037,49.259,45.185,45.185,44.074,45.926,46.296,46.296,46.296,46.296,47.037,47.037,
47.778,50.0,48.148,48.148,50.0,47.778,46.667,47.407,47.778,45.926,46.296,41.481,47.037,49.259,45.185,45.185,44.074,45.926,46.296,46.296,46.296,46.296,47.037,47.037,
47.407,50.0,48.519,48.148,50.0,47.778,46.667,47.407,47.778,45.926,46.296,41.481,47.037,49.259,45.185,45.185,44.074,45.926,46.296,46.296,46.296,46.296,47.037,47.037,
47.778,50.0,48.519,48.148,50.0,47.778,46.667,47.407,47.778,45.926,46.296,41.481,47.037,49.259,45.185,45.185,44.074,45.926,46.296,46.296,46.296,46.296,47.037,47.037,
48.519,50.0,48.889,48.148,50.0,47.778,46.667,47.407,47.778,45.926,46.296,41.481,47.037,49.259,45.185,45.185,44.074,45.926,46.296,46.296,46.296,46.296,47.037,47.037,
48.519,50.0,48.889,48.148,50.0,47.778,46.296,47.407,47.778,45.926,46.296,41.481,47.037,49.259,45.185,45.185,44.074,45.926,46.296,46.296,46.296,46.296,47.037,47.037,
48.148,49.63,48.889,48.148,50.0,47.778,46.296,47.407,47.778,45.926,46.296,41.481,47.037,49.259,45.185,45.185,44.074,45.926,46.296,46.296,46.296,46.296,47.037,47.037,
48.148,49.63,48.889,48.148,50.0,47.778,46.296,47.407,47.778,45.926,46.296,41.481,47.037,49.259,45.185,45.185,45.926,47.778,46.296,46.296,46.296,46.296,45.926,45.926,
48.148,49.63,48.889,48.519,50.37,48.148,46.667,47.037,47.778,45.926,46.296,41.481,47.037,49.259,45.185,45.185,45.926,47.778,46.296,46.296,46.296,46.296,45.926,45.926,
48.148,49.63,48.889,48.519,48.148,48.148,46.667,47.037,47.407,45.556,45.926,41.111,47.037,49.259,45.185,45.185,45.926,47.778,46.296,46.296,46.296,46.296,45.926,45.926,
48.148,49.63,48.889,48.519,48.148,48.148,46.667,47.037,47.407,45.556,45.926,41.111,47.037,49.259,45.185,45.185,45.926,47.778,46.296,46.296,46.296,46.296,45.926,45.926,
48.148,49.63,48.889,48.519,48.148,47.778,46.296,47.037,47.407,45.556,45.926,41.111,47.037,49.259,45.185,45.185,45.926,47.778,46.296,46.296,46.296,46.296,45.926,45.926,
48.148,49.63,48.889,48.519,48.148,48.889,46.296,47.037,47.407,45.556,45.926,41.111,47.037,49.259,47.037,47.037,47.778,47.778,46.296,46.296,46.296,46.296,45.926,45.926,
48.148,49.63,48.889,48.519,48.148,48.889,46.296,47.037,47.407,45.556,45.926,41.111,47.037,49.259,47.037,47.037,47.778,47.778,46.296,46.296,46.296,46.296,45.926,45.926,
48.519,50.37,49.63,49.259,48.889,48.889,46.296,47.037,47.407,45.556,45.926,41.481,47.407,49.63,47.407,47.407,47.778,47.778,46.296,46.296,46.296,46.296,45.926,45.926,
48.519,50.741,49.63,48.519,48.148,48.889,45.556,47.037,47.407,45.556,45.926,41.481,47.407,49.63,47.407,47.407,47.778,47.778,46.667,45.926,45.926,45.926,45.926,45.926,
48.519,50.741,49.63,48.519,48.148,48.889,45.556,47.037,47.407,45.556,45.926,41.481,47.407,49.63,47.407,47.407,47.778,47.778,46.667,45.926,45.926,45.926,45.926,45.926,
48.519,50.741,49.63,48.519,48.148,48.889,45.556,47.037,47.407,45.556,45.926,41.481,47.407,49.63,47.407,47.407,47.778,47.778,46.667,45.926,45.926,45.926,45.926,45.926,
48.889,50.37,49.63,49.63,49.259,48.889,46.667,48.148,48.519,47.037,47.407,41.481,47.407,49.259,47.407,47.407,48.148,48.148,47.037,45.926,45.926,45.926,45.926,45.926,
48.519,50.0,50.0,49.63,49.259,48.889,46.667,48.148,48.519,47.037,47.407,41.481,47.407,49.259,47.407,47.407,48.148,48.148,46.667,46.667,46.667,46.667,46.667,46.667,
48.519,50.0,50.0,49.63,49.259,48.889,46.667,48.148,48.519,47.037,47.407,47.407,47.407,49.259,47.407,47.407,48.148,48.148,46.667,46.667,46.667,46.667,46.667,46.667,
49.259,50.741,50.741,50.37,50.0,49.259,47.407,48.889,49.259,47.407,46.667,46.667,46.667,46.667,46.667,46.667,46.667,46.667,46.667,46.667,46.667,46.667,46.667,46.667,
49.259,50.741,50.741,50.741,50.741,49.259,47.037,48.519,48.889,46.667,46.667,46.667,46.667,46.667,46.667,46.667,46.667,46.667,46.667,46.667,46.667,46.667,46.667,46.667,
47.037,48.519,48.519,48.889,48.889,48.889,48.519,48.519,48.889,46.667,46.667,46.667,46.667,46.667,46.667,46.667,46.667,46.667,46.667,46.667,46.667,46.667,46.667,46.667,
47.407,48.889,48.519,48.889,48.889,48.889,48.519,48.519,48.889,46.667,46.667,46.667,46.667,46.667,46.667,46.667,46.667,46.667,46.667,46.667,46.667,46.667,46.667,46.667,
47.407,48.519,48.519,48.889,46.667,46.667,46.667,46.667,46.667,46.667,46.667,46.667,46.667,46.667,46.667,46.667,46.667,46.667,46.667,46.667,46.667,46.667,46.667,46.667,
47.778,48.519,48.519,48.889,46.667,46.667,46.667,46.667,46.667,46.667,46.667,46.667,46.667,46.667,46.667,46.667,46.667,46.667,46.667,46.667,46.667,46.667,46.667,46.667,
47.778,48.519,46.667,46.667,46.667,46.667,46.667,46.667,46.667,46.667,46.667,46.667,46.667,46.667,46.667,46.667,46.667,46.667,46.667,46.667,46.667,46.667,46.667,46.667,
47.778,46.667,46.667,46.667,46.667,46.667,46.667,46.667,46.667,46.667,46.667,46.667,46.667,46.667,46.667,46.667,46.667,46.667,46.667,46.667,46.667,46.667,46.667,46.667,
46.667,46.667,46.667,46.667,46.667,46.667,46.667,46.667,46.667,46.667,46.667,46.667,46.667,46.667,46.667,46.667,46.667,46.667,46.667,46.667,46.667,46.667,46.667,46.667,
46.667,46.667,46.667,46.667,46.667,46.667,46.667,46.667,46.667,46.667,46.667,46.667,46.667,46.667,46.667,46.667,46.667,46.667,46.667,46.667,46.667,46.667,46.667,46.667,
46.667,46.667,46.667,46.667,46.667,46.667,46.667,46.667,46.667,46.667,46.667,46.667,46.667,46.667,46.667,46.667,46.667,46.667,46.667,46.667,46.667,46.667,46.667,46.667,
46.667,46.667,46.667,46.667,46.667,46.667,46.667,46.667,46.667,46.667,46.667,46.667,46.667,46.667,46.667,46.667,46.667,46.667,46.667,46.667,46.667,46.667,46.667,46.667,
46.667,46.667,46.667,46.667,46.667,46.667,46.667,46.667,46.667,46.667,46.667,46.667,46.667,46.667,46.667,46.667,46.667,46.667,46.667,46.667,46.667,46.667,46.667,46.667,
46.667,46.667,46.667,46.667,46.667,46.667,46.667,46.667,46.667,46.667,46.667,46.667,46.667,46.667,46.667,46.667,46.667,46.667,46.667,46.667,46.667,46.667,46.667,46.667,
46.667,46.667,46.667,46.667,46.667,46.667,46.667,46.667,46.667,46.667,46.667,46.667,46.667,46.667,46.667,46.667,46.667,46.667,46.667,46.667,46.667,46.667,46.667,46.667,
46.667,46.667,46.667,46.667,46.667,46.667,46.667,46.667,46.667,46.667,46.667,46.667,46.667,46.667,46.667,46.667,46.667,46.667,46.667,46.667,46.667,46.667,46.667,46.667,
46.667,46.667,46.667,46.667,46.667,46.667,46.667,46.667,46.667,46.667,46.667,46.667,46.667,46.667,46.667,46.667,46.667,46.667,46.667,46.667,46.667,46.667,46.667,46.667,
46.667,46.667,46.667,46.667,46.667,46.667,46.667,46.667,46.667,46.667,46.667,46.667,46.667,46.667,46.667,46.667,46.667,46.667,46.667,46.667,46.667,46.667,46.667,46.667,
46.667,46.667,46.667,46.667,46.667,46.667,46.667,46.667,46.667,46.667,46.667,46.667,46.667,46.667,46.667,46.667,46.667,46.667,46.667,46.667,46.667,46.667,46.667,46.667,
46.667,46.667,46.667,46.667,46.667,46.667,46.667,46.667,46.667,46.667,46.667,46.667,46.667,46.667,46.667,46.667,46.667,46.667,46.667,46.667,46.667,46.667,46.667,46.667,
46.667,46.667,46.667,46.667,46.667,46.667,46.667,46.667,46.667,46.667,46.667,46.667,46.667,46.667,46.667,46.667,46.667,46.667,46.667,46.667,46.667,46.667,46.667,46.667,

43.75,44.141,43.75,42.188,43.359,44.141,45.313,42.578,43.359,43.75,44.141,43.75,44.922,45.313,42.578,42.578,42.578,40.625,42.969,40.234,41.016,41.016,41.406,41.406,
43.75,44.141,43.75,42.188,43.359,44.141,45.313,42.578,43.359,43.75,44.141,43.75,44.922,45.313,42.578,42.578,42.578,40.625,42.969,40.234,41.016,41.016,41.406,41.406,
43.75,44.141,43.75,42.578,43.75,44.141,45.313,42.578,43.359,43.75,44.141,43.75,44.922,45.313,42.578,42.578,42.578,40.625,42.969,40.234,41.016,41.016,41.406,41.406,
43.75,43.359,43.359,41.797,42.969,44.141,45.313,42.578,43.359,43.75,44.141,43.75,44.922,45.313,42.578,42.969,42.578,40.625,42.969,40.234,41.016,41.016,41.406,41.406,
43.75,43.359,43.359,41.797,42.969,44.141,45.313,42.578,43.359,43.75,44.141,43.75,44.922,45.313,42.578,42.969,42.578,40.625,42.969,40.234,41.016,41.016,41.406,41.406,
43.359,42.969,44.141,42.578,42.969,44.922,46.094,43.359,43.75,43.75,44.141,43.75,44.922,45.313,42.578,42.969,42.578,40.625,42.969,40.234,41.016,41.016,41.406,41.406,
43.359,42.969,44.141,42.578,42.969,44.922,46.094,43.359,43.75,43.75,44.141,43.75,45.313,45.703,43.75,44.141,43.75,43.359,43.359,40.625,41.406,41.406,41.797,41.797,
43.359,42.969,44.922,43.359,44.141,44.922,46.094,43.359,43.75,43.75,44.141,43.75,45.313,45.703,43.75,44.141,43.75,43.359,43.359,40.625,41.406,41.406,41.797,41.797,
43.359,42.969,44.922,43.359,44.141,44.922,46.094,43.359,42.969,43.75,44.141,43.75,45.313,45.703,43.75,44.141,43.75,43.359,43.359,40.625,41.406,41.406,41.797,41.797,
43.359,43.359,44.922,43.359,44.141,44.531,46.094,43.75,43.359,44.141,44.141,43.75,45.313,45.703,44.141,44.141,44.141,43.75,43.75,41.406,41.406,41.406,41.797,41.797,
43.359,44.531,44.922,43.359,44.531,44.531,46.094,43.75,43.359,44.141,44.141,44.141,45.703,45.703,44.141,44.141,44.141,43.75,43.75,41.406,41.406,41.406,41.797,41.797,
43.75,44.531,44.922,43.359,44.531,44.531,46.094,43.75,43.359,44.141,44.141,44.141,45.703,45.703,44.141,44.141,44.141,43.75,43.75,41.406,41.406,41.406,41.797,41.797,
42.969,44.531,45.313,43.75,44.531,44.531,46.094,43.75,43.359,44.141,44.141,44.141,45.703,45.703,44.141,44.141,44.141,44.141,44.141,41.406,41.406,41.406,41.797,41.797,
42.969,44.922,45.313,43.75,44.531,44.531,46.094,43.75,43.359,44.141,44.141,44.141,45.703,45.703,44.141,44.141,44.141,44.141,44.141,41.406,41.406,41.406,41.797,41.797,
42.188,44.922,45.313,43.75,44.531,44.531,45.703,43.75,43.359,44.141,44.141,44.141,45.703,45.703,44.141,44.141,44.141,44.141,44.141,41.406,41.406,41.406,41.797,41.797,
41.797,46.094,45.313,43.75,44.531,44.531,45.703,44.141,43.359,43.75,43.75,43.75,48.047,48.047,46.484,46.484,46.484,46.094,46.094,43.75,43.75,43.75,44.141,44.141,
41.797,46.094,45.313,43.75,44.531,44.531,45.703,44.141,43.359,43.75,43.75,43.75,48.047,48.047,46.484,46.484,46.484,46.094,46.094,43.75,43.75,43.75,44.141,44.141,
41.797,46.094,45.313,43.75,44.531,44.531,45.703,44.141,43.359,43.75,43.75,43.75,48.047,48.047,46.484,46.484,46.484,46.094,46.094,43.75,43.75,43.75,44.141,44.141,
41.797,45.703,44.922,43.75,44.531,44.531,45.703,44.141,43.75,43.75,43.75,43.75,48.047,48.047,46.484,46.484,46.484,46.094,46.094,43.75,43.75,43.75,44.141,44.141,
41.406,45.703,44.922,43.75,45.313,45.313,45.703,44.141,43.75,43.75,43.75,43.75,48.047,48.047,46.484,46.484,46.484,46.094,46.094,43.75,43.75,43.75,44.141,44.141,
41.406,45.703,44.922,43.75,45.703,45.703,46.094,44.141,43.75,43.75,43.75,43.75,48.047,46.875,46.484,46.484,46.484,46.094,46.094,43.75,43.75,43.75,44.141,44.141,
42.578,45.703,44.922,44.141,45.703,45.703,46.094,44.141,43.75,43.75,43.75,43.75,48.047,46.875,46.484,46.484,46.484,46.094,46.094,43.75,43.75,43.75,44.141,44.141,
42.188,45.703,45.313,44.531,46.094,46.094,46.094,44.141,43.75,43.75,43.75,43.75,48.047,46.875,46.484,46.484,46.484,46.094,46.094,43.75,43.75,43.75,44.141,44.141,
42.578,45.703,45.313,44.531,46.484,46.484,46.484,44.531,44.141,44.141,44.141,44.141,48.438,47.266,46.875,46.875,46.875,46.484,46.484,44.141,44.141,44.141,44.141,44.141,
42.578,45.313,42.969,42.188,43.75,43.75,43.75,41.797,41.797,41.797,41.797,41.797,45.703,44.531,44.141,44.141,44.141,44.141,44.141,44.141,44.141,44.141,44.141,44.141,
41.016,43.359,43.359,42.578,43.75,43.75,43.75,41.797,41.797,41.797,41.797,41.797,45.703,44.531,44.141,44.141,44.141,44.141,44.141,44.141,44.141,44.141,44.141,44.141,
41.016,43.359,43.359,42.578,43.75,43.75,43.75,41.797,41.797,41.797,43.75,43.75,45.313,44.141,44.141,44.141,44.141,44.141,44.141,44.141,44.141,44.141,44.141,44.141,
41.797,43.359,43.359,42.578,43.75,43.75,43.75,41.797,41.797,41.797,43.75,43.75,45.313,44.141,44.141,44.141,44.141,44.141,44.141,44.141,44.141,44.141,44.141,44.141,
41.797,43.359,43.359,42.578,43.75,43.75,43.75,43.75,43.75,43.75,43.75,43.75,45.313,44.141,44.141,44.141,44.141,44.141,44.141,44.141,44.141,44.141,44.141,44.141,
41.797,42.969,42.969,42.578,43.75,43.75,43.75,43.75,43.75,43.75,43.75,43.75,45.313,44.141,44.141,44.141,44.141,44.141,44.141,44.141,44.141,44.141,44.141,44.141,
42.578,42.969,42.969,42.578,43.75,43.75,43.75,43.75,43.75,43.75,43.75,43.75,45.313,44.141,44.141,44.141,44.141,44.141,44.141,44.141,44.141,44.141,44.141,44.141,
42.578,42.969,42.969,42.578,43.75,43.75,43.75,43.75,43.75,43.75,43.75,43.75,45.313,44.141,44.141,44.141,44.141,44.141,44.141,44.141,44.141,44.141,44.141,44.141,
42.578,43.75,44.141,42.578,43.75,43.75,43.75,43.75,43.75,43.75,43.75,43.75,45.313,44.141,44.141,44.141,44.141,44.141,44.141,44.141,44.141,44.141,44.141,44.141,
42.578,43.75,44.141,42.578,43.75,43.75,43.75,43.75,43.75,43.75,43.75,43.75,45.313,44.141,44.141,44.141,44.141,44.141,44.141,44.141,44.141,44.141,44.141,44.141,
42.578,43.75,44.141,42.578,43.75,43.75,43.75,43.75,43.75,43.75,43.75,43.75,45.313,44.141,44.141,44.141,44.141,44.141,44.141,44.141,44.141,44.141,44.141,44.141,
42.969,44.531,44.922,43.359,44.531,44.531,44.531,43.359,43.359,43.359,43.359,43.359,45.313,44.141,44.141,44.141,44.141,44.141,44.141,44.141,44.141,44.141,44.141,44.141,
42.969,44.531,44.922,44.922,44.531,44.531,44.531,43.359,43.359,43.359,43.359,43.359,45.313,44.141,44.141,44.141,44.141,44.141,44.141,44.141,44.141,44.141,44.141,44.141,
43.359,44.531,43.75,43.75,43.359,43.359,44.531,43.359,43.359,43.359,43.359,43.359,45.313,44.141,44.141,44.141,44.141,44.141,44.141,44.141,44.141,44.141,44.141,44.141,
42.578,43.75,43.75,43.75,43.359,43.359,44.531,43.359,43.359,43.359,43.359,43.359,45.313,44.141,44.141,44.141,44.141,44.141,44.141,44.141,44.141,44.141,44.141,44.141,
43.75,43.75,43.75,43.75,43.359,43.359,44.531,43.359,43.359,43.359,43.359,43.359,45.313,44.141,44.141,44.141,44.141,44.141,44.141,44.141,44.141,44.141,44.141,44.141,
43.75,43.75,43.75,43.75,43.359,43.359,44.531,43.359,43.359,43.359,43.359,43.359,45.313,44.531,44.531,44.531,44.531,44.531,44.531,44.531,44.531,44.531,44.531,44.531,
43.75,43.75,43.75,43.75,43.359,43.359,44.531,43.359,43.359,43.359,43.359,43.359,45.313,44.531,44.531,44.531,44.531,44.531,44.531,44.531,44.531,44.531,44.531,44.531,
43.75,43.75,43.75,43.75,43.359,43.359,44.531,43.359,43.359,43.359,43.359,43.359,44.531,44.531,44.531,44.531,44.531,44.531,44.531,44.531,44.531,44.531,44.531,44.531,
43.75,43.75,43.75,43.75,43.359,43.359,44.531,43.359,43.359,43.359,43.359,43.359,44.531,44.531,44.531,44.531,44.531,44.531,44.531,44.531,44.531,44.531,44.531,44.531,
43.75,43.75,43.75,43.75,43.359,43.359,44.531,43.359,43.359,43.359,43.359,43.359,44.531,44.531,44.531,44.531,44.531,44.531,44.531,44.531,44.531,44.531,44.531,44.531,
44.922,44.922,44.922,44.922,44.531,44.531,45.703,44.531,44.531,44.531,44.531,44.531,45.703,45.703,45.703,45.703,45.703,45.703,45.703,45.703,45.703,45.703,45.703,45.703,
44.922,44.922,44.922,44.922,44.531,44.531,45.703,44.531,44.531,44.531,44.531,44.531,45.703,45.703,45.703,45.703,45.703,45.703,45.703,45.703,45.703,45.703,45.703,45.703,
38.672,38.672,38.672,38.672,38.281,38.281,39.453,38.281,38.281,38.281,38.281,38.281,39.453,39.453,39.453,39.453,39.453,39.453,39.453,39.453,39.453,39.453,39.453,39.453,
39.844,39.844,39.844,39.844,39.453,39.453,39.453,39.453,39.453,39.453,39.453,39.453,39.453,39.453,39.453,39.453,39.453,39.453,39.453,39.453,39.453,39.453,39.453,39.453,
36.719,36.719,36.719,36.719,36.719,36.719,36.719,36.719,36.719,36.719,36.719,36.719,36.719,36.719,36.719,36.719,36.719,36.719,36.719,36.719,36.719,36.719,36.719,36.719,

39.044,37.45,33.865,31.474,32.669,32.669,31.474,31.076,30.677,31.076,29.88,29.88,30.677,29.482,29.482,29.88,30.677,31.873,31.873,35.06,32.669,32.669,32.669,30.279,
39.044,37.45,33.865,31.474,32.669,32.669,31.474,30.677,30.677,31.076,29.88,29.88,30.677,28.685,28.685,29.88,30.677,31.873,31.873,35.06,32.669,32.669,32.669,30.279,
39.044,37.45,33.865,31.474,31.474,31.873,30.279,29.88,29.482,29.88,29.88,29.88,30.677,28.685,28.685,29.88,30.677,31.873,31.873,35.06,32.669,32.669,32.669,30.279,
39.044,37.45,33.865,31.474,31.474,31.873,30.279,29.88,29.482,29.88,29.88,29.88,30.677,28.685,28.685,29.88,30.677,31.873,31.873,35.06,32.669,32.669,32.669,30.279,
39.044,37.45,33.865,31.474,31.474,31.873,30.279,29.88,29.482,29.88,29.88,29.88,30.677,28.685,28.685,29.88,30.677,31.873,31.873,32.669,32.669,32.669,32.669,30.677,
39.044,37.45,33.865,31.474,31.474,31.873,30.279,31.076,29.482,29.88,29.88,29.88,30.677,28.685,28.685,29.88,30.677,31.873,31.873,32.669,32.669,32.669,32.669,30.677,
39.044,37.45,33.865,31.474,31.474,31.873,30.279,31.076,29.482,29.88,29.88,29.88,30.677,28.685,28.685,29.88,30.677,31.873,31.873,32.669,32.669,32.669,32.669,30.677,
39.044,37.45,33.865,31.474,31.474,31.873,30.279,31.076,29.482,29.88,29.88,29.88,30.677,28.685,28.685,29.88,30.677,31.873,31.873,32.669,32.669,32.669,32.669,30.677,
39.044,36.255,33.865,31.076,31.474,31.873,30.279,31.076,29.482,29.88,29.88,29.88,30.677,28.685,28.685,29.88,30.677,31.873,31.873,32.669,32.669,32.669,32.669,30.677,
39.044,36.653,34.263,31.474,31.474,31.474,30.279,30.677,29.084,29.482,29.88,29.88,30.677,28.685,28.685,29.88,30.677,31.873,31.873,32.669,32.669,32.669,32.669,30.677,
39.442,36.653,34.661,31.474,31.474,31.474,30.279,30.677,29.084,29.482,29.88,29.88,30.677,28.685,28.685,29.88,30.677,31.873,31.873,32.669,32.669,32.669,32.669,30.677,
39.442,37.052,34.661,31.474,31.474,31.474,30.279,30.677,29.084,29.482,29.88,29.88,30.677,28.685,28.685,29.88,30.677,31.873,31.873,32.669,32.669,32.669,32.669,30.677,
39.442,37.052,34.661,31.474,31.474,31.474,30.279,30.677,29.084,29.482,29.88,29.88,30.677,28.685,28.685,29.88,30.677,31.873,31.873,32.669,32.669,32.669,32.669,30.677,
39.841,37.052,34.661,31.474,30.279,30.279,29.482,29.482,29.084,29.482,29.88,29.88,30.677,28.685,28.685,29.88,29.88,31.076,31.076,31.873,31.873,31.873,31.873,30.677,
39.841,37.052,34.661,31.474,30.279,30.279,29.88,29.482,29.084,29.482,29.482,29.482,30.279,28.685,28.685,29.88,29.88,31.076,31.076,31.873,31.873,31.873,31.873,30.677,
39.841,36.653,34.661,31.474,30.677,30.677,30.279,29.88,29.482,29.482,29.482,29.482,30.279,28.685,28.685,29.88,29.88,30.677,30.677,31.474,31.474,31.474,31.474,30.279,
39.841,36.653,33.466,29.88,30.677,30.677,30.279,29.88,29.482,29.482,29.482,29.482,30.279,28.685,28.685,29.88,29.88,30.677,30.677,31.474,31.474,31.474,31.474,30.279,
39.841,36.653,32.669,29.482,30.677,30.677,30.279,29.88,29.482,29.482,29.482,29.482,30.279,28.685,28.685,29.88,29.88,29.88,30.677,31.474,31.474,31.474,31.474,30.279,
39.841,36.653,32.669,29.482,30.677,30.677,30.279,29.88,29.482,29.482,29.482,29.482,30.279,28.685,28.685,29.88,29.88,29.88,30.677,31.474,31.474,31.474,31.474,30.279,
39.841,36.653,32.669,29.482,30.677,30.677,30.279,29.88,29.482,29.482,29.482,29.482,30.279,28.685,28.685,29.88,29.88,29.88,30.677,31.474,31.474,31.474,31.474,30.279,
39.841,36.653,32.669,29.482,30.279,30.279,30.279,29.88,29.482,29.482,29.482,29.482,30.279,28.685,28.685,29.88,29.88,29.88,30.677,31.474,31.474,31.474,31.474,30.279,
39.841,36.653,32.669,29.482,30.279,30.279,30.279,29.88,29.482,29.482,29.482,29.482,30.279,28.685,28.685,29.88,29.88,29.88,30.677,31.474,31.474,31.474,31.474,30.279,
39.442,37.052,33.068,29.88,30.677,30.677,29.88,29.482,29.084,29.084,29.084,29.084,29.88,28.287,28.287,29.482,29.482,29.88,30.677,31.474,31.474,31.474,31.474,30.279,
39.442,37.052,33.068,29.88,29.88,29.88,29.88,29.482,29.084,29.084,29.084,29.084,29.88,28.287,28.287,29.482,29.482,29.88,30.677,31.474,31.474,31.474,31.474,30.279,
39.442,35.857,33.068,29.88,29.88,29.88,29.88,29.482,29.084,29.084,29.084,29.084,29.88,28.287,28.287,29.084,29.084,29.482,30.677,31.474,31.474,31.474,31.474,30.279,
39.442,35.857,33.068,29.88,29.88,29.88,29.88,29.482,29.084,29.084,29.084,29.084,29.88,28.685,28.685,29.482,29.482,29.482,30.677,31.474,31.474,31.474,31.474,30.279,
38.645,35.857,32.669,29.482,29.88,29.88,29.88,29.482,29.084,29.084,29.084,29.084,29.88,28.685,28.685,29.482,29.482,29.482,30.677,31.474,31.474,31.474,31.474,30.279,
37.45,35.857,32.271,29.482,29.88,29.88,29.88,29.482,29.084,29.084,29.084,29.084,29.88,28.685,28.685,29.482,29.482,29.482,30.677,31.474,31.474,31.474,31.474,30.279,
35.458,34.263,31.076,28.287,29.88,29.88,29.88,29.482,29.084,29.084,29.084,29.084,30.677,29.482,29.482,30.279,30.279,30.279,31.474,31.474,31.474,31.474,31.474,30.279,
35.458,33.466,30.279,28.287,29.482,29.482,29.88,29.482,29.084,29.084,29.084,29.084,30.677,29.482,29.482,30.279,30.279,30.279,31.474,31.474,31.474,31.474,31.474,30.279,
34.661,33.466,30.677,29.88,30.677,30.677,31.076,30.677,30.279,30.279,30.279,30.279,30.677,29.482,29.482,30.279,30.279,30.279,31.474,31.474,31.474,31.474,31.474,30.279,
32.271,33.068,30.279,29.88,30.677,30.677,31.076,30.677,30.279,30.279,30.279,30.279,30.677,29.482,29.482,30.279,30.279,30.279,31.474,31.474,31.474,31.474,31.474,30.279,
32.271,33.068,30.279,29.88,30.677,30.677,31.076,30.677,30.279,30.279,30.279,30.279,30.677,29.482,29.482,30.279,30.279,30.279,31.474,31.474,31.474,31.474,31.474,30.279,
31.873,33.068,31.474,29.88,30.677,30.677,30.677,30.677,30.279,30.279,30.279,30.279,30.677,29.482,29.482,30.279,30.279,30.279,31.474,31.474,31.474,31.474,31.474,30.279,
31.873,31.474,29.88,29.88,30.677,30.677,30.677,30.677,30.279,30.279,30.279,30.279,30.677,29.482,29.482,30.279,30.279,30.279,31.474,31.474,31.474,31.474,31.474,30.279,
29.88,29.482,30.279,30.279,30.677,30.677,30.677,30.677,30.279,30.279,30.279,30.279,30.677,29.482,29.482,30.279,30.279,30.279,31.474,31.474,31.474,31.474,31.474,30.279,
30.279,29.482,30.279,30.279,30.677,30.677,30.677,30.677,30.279,30.279,30.279,30.279,30.677,29.482,29.482,30.279,30.279,30.279,31.474,31.474,31.474,31.474,31.474,30.279,
30.279,29.482,30.279,30.279,30.677,30.677,30.677,30.677,30.279,30.279,30.279,30.279,30.677,29.482,29.482,30.279,30.279,30.279,30.279,30.279,30.279,30.279,30.279,30.279,
31.474,30.279,30.279,30.279,30.677,30.677,30.677,30.677,30.279,30.279,30.279,30.279,30.677,29.482,29.482,30.279,30.279,30.279,30.279,30.279,30.279,30.279,30.279,30.279,
31.873,31.076,31.076,31.076,31.474,31.474,31.474,31.474,31.076,31.076,31.076,31.076,31.474,29.482,29.482,30.279,30.279,30.279,30.279,30.279,30.279,30.279,30.279,30.279,
31.076,31.076,31.076,31.076,31.474,31.474,31.474,31.474,31.076,31.076,31.076,31.076,31.474,29.482,29.482,30.279,30.279,30.279,30.279,30.279,30.279,30.279,30.279,30.279,
29.88,29.88,29.88,29.88,30.279,30.279,30.279,30.279,29.88,29.88,29.88,29.88,30.279,29.482,29.482,30.279,30.279,30.279,30.279,30.279,30.279,30.279,30.279,30.279,
29.88,29.88,29.88,29.88,30.279,30.279,30.279,30.279,29.88,29.88,29.88,29.88,30.279,29.482,29.482,30.279,30.279,30.279,30.279,30.279,30.279,30.279,30.279,30.279,
29.88,29.88,29.88,29.88,30.279,30.279,30.279,30.279,29.88,29.88,29.88,29.88,30.279,29.482,29.482,30.279,30.279,30.279,30.279,30.279,30.279,30.279,30.279,30.279,
29.88,29.88,29.88,29.88,30.279,30.279,30.279,30.279,29.88,29.88,29.88,29.88,30.279,29.482,29.482,30.279,30.279,30.279,30.279,30.279,30.279,30.279,30.279,30.279,
29.88,30.279,30.279,30.279,30.279,30.279,30.279,30.279,32.669,32.669,32.669,32.669,30.279,32.669,32.669,32.669,32.669,32.669,32.669,32.669,32.669,32.669,32.669,32.669,
32.669,32.669,32.669,32.669,32.669,32.669,32.669,32.669,32.669,32.669,32.669,32.669,32.669,32.669,32.669,32.669,32.669,32.669,32.669,32.669,32.669,32.669,32.669,32.669,
32.669,32.669,32.669,32.669,32.669,32.669,32.669,32.669,32.669,32.669,32.669,32.669,32.669,32.669,32.669,32.669,32.669,32.669,32.669,32.669,32.669,32.669,32.669,32.669,
32.669,32.669,32.669,32.669,32.669,32.669,32.669,32.669,32.669,32.669,32.669,32.669,32.669,32.669,32.669,32.669,32.669,32.669,32.669,32.669,32.669,32.669,32.669,32.669,
32.669,32.669,32.669,32.669,32.669,32.669,32.669,32.669,32.669,32.669,32.669,32.669,32.669,32.669,32.669,32.669,32.669,32.669,32.669,32.669,32.669,32.669,32.669,32.669,

57.94,57.94,60.515,62.661,63.09,63.519,63.519,64.378,64.378,64.378,64.378,63.09,63.09,60.944,61.373,61.373,61.373,60.086,60.515,60.515,60.515,61.373,62.232,62.232,
57.94,57.94,60.944,63.09,63.519,63.948,63.948,64.807,64.807,64.807,64.807,63.519,63.519,61.373,61.373,61.373,61.373,60.086,60.515,60.515,60.515,61.373,62.661,62.661,
57.94,57.94,60.944,63.09,63.519,63.948,63.948,64.807,64.807,64.807,64.807,63.519,63.519,61.373,61.373,61.373,61.373,60.086,60.515,60.515,60.515,61.373,62.661,62.661,
57.94,60.944,64.378,63.519,63.948,64.378,63.948,64.807,64.807,64.807,64.807,63.519,63.519,61.373,61.373,61.373,61.373,60.086,60.515,60.515,60.515,61.373,62.661,62.661,
57.94,60.944,63.09,61.803,63.948,63.948,63.948,64.807,64.807,64.807,64.807,63.519,63.519,61.373,61.373,61.373,61.373,60.086,60.515,60.515,60.515,61.373,62.661,62.661,
57.511,60.515,62.661,61.803,63.948,64.378,64.378,65.236,65.236,65.236,65.236,63.948,63.948,61.803,61.803,61.803,61.803,60.515,60.515,60.515,60.515,61.373,62.661,62.661,
60.515,60.515,62.661,61.803,63.948,64.378,64.378,65.236,65.236,65.236,65.236,63.948,63.948,61.803,61.803,61.803,61.803,60.515,60.515,60.515,60.515,61.373,62.661,62.661,
60.944,60.515,62.661,61.803,63.948,64.378,64.378,65.236,65.236,65.236,65.236,63.948,63.948,61.803,61.803,61.803,61.803,60.515,60.515,60.515,60.515,61.373,62.661,62.661,
60.944,60.515,62.661,61.803,64.378,64.807,64.378,65.236,65.236,65.236,65.236,63.948,63.948,61.803,61.803,61.803,61.803,60.515,60.515,60.515,60.515,61.373,62.661,62.661,
60.944,60.515,62.661,61.803,64.378,64.807,64.378,66.094,66.094,66.094,66.094,64.807,64.807,62.661,62.661,62.661,62.661,60.515,60.515,60.515,60.515,61.373,62.661,62.661,
60.944,60.515,62.661,61.803,64.378,64.807,66.094,66.094,66.094,66.094,66.094,64.807,64.807,62.661,62.661,62.661,62.661,60.515,60.515,60.515,60.515,61.373,62.661,62.661,
60.944,60.515,62.232,61.803,64.378,64.807,66.094,66.094,66.094,66.094,66.094,64.807,64.807,62.661,62.661,62.661,62.661,60.515,60.515,60.515,60.515,61.373,62.661,62.661,
60.944,60.515,64.378,63.948,66.524,66.953,67.811,67.811,67.811,67.811,67.811,66.524,66.524,64.378,64.378,64.378,64.378,64.378,64.378,64.378,64.378,63.09,64.378,64.378,
62.232,62.232,64.378,65.236,66.524,66.953,67.811,67.811,67.811,67.811,67.811,66.524,66.524,64.378,64.378,64.378,64.378,64.378,64.378,64.378,64.378,63.09,64.378,64.378,
62.232,62.232,64.378,65.236,66.524,66.953,67.811,67.811,67.811,67.811,67.811,66.524,66.524,64.378,64.378,64.378,64.378,64.378,64.378,64.378,64.378,63.09,64.378,64.378,
61.803,62.232,65.236,65.236,66.524,66.953,67.811,67.811,67.811,67.811,67.811,66.524,66.524,64.378,64.378,64.378,64.378,64.378,64.378,64.378,64.378,63.09,64.378,64.378,
61.803,62.232,65.236,65.236,67.382,67.811,67.811,67.811,67.811,67.811,67.811,66.524,66.524,64.378,64.378,64.378,64.378,64.378,64.378,64.378,64.378,64.378,64.378,64.378,
61.803,62.232,65.236,65.236,67.382,67.811,67.811,67.811,67.811,67.811,67.811,66.524,66.524,64.378,64.378,64.378,64.378,64.378,64.378,64.378,64.378,64.378,64.378,64.378,
62.232,62.232,65.236,65.236,67.382,67.811,67.811,67.811,67.811,67.811,67.811,66.524,66.524,64.378,64.378,64.378,64.378,64.378,64.378,64.378,64.378,64.378,64.378,64.378,
62.232,62.232,65.236,65.236,67.382,67.811,67.811,67.811,67.811,67.811,67.811,66.524,66.524,64.378,64.378,64.378,64.378,64.378,64.378,64.378,64.378,64.378,64.378,64.378,
62.232,62.232,65.236,65.236,67.382,67.811,67.811,67.811,67.811,67.811,67.811,66.524,66.524,64.378,64.378,64.378,64.378,64.378,64.378,64.378,64.378,64.378,64.378,64.378,
62.232,63.948,65.236,65.236,67.382,67.811,67.811,67.811,67.811,67.811,67.811,66.524,66.524,64.378,64.378,64.378,64.378,64.378,64.378,64.378,64.378,64.378,64.378,64.378,
62.232,63.948,65.236,65.236,67.382,67.811,67.811,67.811,67.811,67.811,67.811,66.524,66.524,64.378,64.378,64.378,64.378,64.378,64.378,64.378,64.378,64.378,64.378,64.378,
63.948,63.948,65.236,65.236,67.382,67.811,67.811,67.811,67.811,67.811,67.811,66.524,66.524,64.378,64.378,64.378,64.378,64.378,64.378,64.378,64.378,64.378,64.378,64.378,
63.948,63.948,65.236,65.236,67.382,67.811,67.811,67.811,67.811,67.811,67.811,66.524,66.524,64.378,64.378,64.378,64.378,64.378,64.378,64.378,64.378,64.378,64.378,64.378,
63.948,63.948,65.236,65.236,67.382,67.811,67.811,67.811,67.811,67.811,67.811,66.524,66.524,64.378,64.378,64.378,64.378,64.378,64.378,64.378,64.378,64.378,64.378,64.378,
64.807,64.807,65.236,65.236,67.382,67.811,67.811,67.811,67.811,67.811,67.811,66.524,66.524,64.378,64.378,64.378,64.378,64.378,64.378,64.378,64.378,64.378,64.378,64.378,
64.807,65.665,65.236,67.382,67.382,67.811,67.811,67.811,67.811,67.811,67.811,66.524,66.524,64.378,64.378,64.378,64.378,64.378,64.378,64.378,64.378,64.378,64.378,64.378,
64.807,65.665,65.236,67.382,67.382,67.811,67.811,67.811,67.811,67.811,67.811,66.524,66.524,64.378,64.378,64.378,64.378,64.378,64.378,64.378,64.378,64.378,64.378,64.378,
65.665,65.665,65.236,67.382,67.382,67.811,67.811,67.811,67.811,67.811,67.811,66.524,66.524,64.378,64.378,64.378,64.378,64.378,64.378,64.378,64.378,64.378,64.378,64.378,
65.665,65.665,65.236,67.382,67.382,67.811,67.811,67.811,67.811,67.811,67.811,66.524,66.524,64.378,64.378,64.378,64.378,64.378,64.378,64.378,64.378,64.378,64.378,64.378,
65.665,65.665,65.236,67.382,67.382,67.811,67.811,67.811,67.811,67.811,67.811,66.524,66.524,64.378,64.378,64.378,64.378,64.378,64.378,64.378,64.378,64.378,64.378,64.378,
67.382,67.382,67.382,67.382,67.382,67.811,67.811,67.811,67.811,67.811,67.811,66.524,66.524,64.378,64.378,64.378,64.378,64.378,64.378,64.378,64.378,64.378,64.378,64.378,
67.382,67.382,67.382,67.382,67.382,67.811,67.811,67.811,67.811,67.811,67.811,66.524,66.524,64.378,64.378,64.378,64.378,64.378,64.378,64.378,64.378,64.378,64.378,64.378,
67.382,67.382,67.382,67.382,67.382,67.811,67.811,67.811,67.811,67.811,67.811,66.524,66.524,64.378,64.378,64.378,64.378,64.378,64.378,64.378,64.378,64.378,64.378,64.378,
67.382,67.382,67.382,67.382,67.382,67.811,67.811,67.811,67.811,67.811,67.811,66.524,66.524,66.953,66.953,66.953,66.953,66.953,66.953,66.953,66.953,66.953,66.953,66.953,
67.382,67.382,67.382,67.382,67.382,67.811,67.811,67.811,67.811,67.811,67.811,66.524,66.524,66.953,66.953,66.953,66.953,66.953,66.953,66.953,66.953,66.953,66.953,66.953,
67.382,67.382,67.382,67.382,67.382,67.811,67.811,67.811,67.811,67.811,67.811,66.524,66.524,66.953,66.953,66.953,66.953,66.953,66.953,66.953,66.953,66.953,66.953,66.953,
67.382,67.382,67.382,67.382,67.382,67.811,67.811,67.811,67.811,67.811,67.811,66.524,66.524,65.665,65.665,65.665,65.665,65.665,65.665,65.665,65.665,65.665,65.665,65.665,
67.382,67.382,66.524,66.524,66.524,66.953,66.953,66.953,66.953,66.953,66.953,65.665,65.665,65.665,65.665,65.665,65.665,65.665,65.665,65.665,65.665,65.665,65.665,65.665,
66.524,66.524,66.524,66.524,66.524,66.953,66.953,66.953,66.953,66.953,66.953,65.665,65.665,65.665,65.665,65.665,65.665,65.665,65.665,65.665,65.665,65.665,65.665,65.665,
66.524,66.953,66.953,66.953,66.953,66.953,66.953,66.953,66.953,66.953,66.953,65.665,65.665,65.665,65.665,65.665,65.665,65.665,65.665,65.665,65.665,65.665,65.665,65.665,
66.953,66.953,66.953,66.953,66.953,66.953,66.953,66.953,66.953,66.953,66.953,65.665,65.665,65.665,65.665,65.665,65.665,65.665,65.665,65.665,65.665,65.665,65.665,65.665,
66.953,66.953,66.953,66.953,66.953,66.953,66.953,66.953,66.953,66.953,66.953,65.665,65.665,65.665,65.665,65.665,65.665,65.665,65.665,65.665,65.665,65.665,65.665,65.665,
66.953,66.953,66.953,66.953,66.953,66.953,66.953,66.953,66.953,66.953,66.953,65.665,65.665,65.665,65.665,65.665,65.665,65.665,65.665,65.665,65.665,65.665,65.665,65.665,
66.953,66.953,66.953,66.953,66.953,66.953,66.953,66.953,66.953,66.953,66.953,65.665,65.665,65.665,65.665,65.665,65.665,65.665,65.665,65.665,65.665,65.665,65.665,65.665,
66.953,66.953,66.953,66.953,66.953,66.953,66.953,66.953,66.953,66.953,66.953,65.665,65.665,65.665,65.665,65.665,65.665,65.665,65.665,65.665,65.665,65.665,65.665,65.665,
66.953,66.953,66.953,66.953,66.953,66.953,66.953,66.953,66.953,66.953,66.953,65.665,65.665,65.665,65.665,65.665,65.665,65.665,65.665,65.665,65.665,65.665,65.665,65.665,
66.094,66.953,66.094,66.094,66.094,66.094,66.094,66.094,66.094,66.094,66.094,64.807,64.807,64.807,64.807,64.807,64.807,64.807,64.807,64.807,64.807,64.807,64.807,64.807,
67.811,67.811,67.811,67.811,67.811,67.811,67.811,67.811,67.811,67.811,67.811,66.524,66.524,66.524,66.524,66.524,66.524,66.524,66.524,66.524,66.524,66.524,66.524,66.524,

35.193,35.622,34.764,35.622,36.91,36.052,36.052,36.052,38.197,36.91,36.91,36.052,36.052,36.052,36.052,36.052,36.052,36.052,36.052,36.052,36.052,36.052,36.052,36.052,
35.193,35.622,34.764,35.622,37.339,36.052,36.052,36.052,38.197,36.91,36.91,36.052,36.052,36.052,36.052,36.052,36.052,36.052,36.052,36.052,36.052,36.052,36.052,36.052,
35.193,35.622,34.764,35.622,37.339,36.052,36.052,36.052,38.197,36.91,36.91,36.052,36.052,36.052,36.052,36.052,36.052,36.052,36.052,36.052,36.052,36.052,36.052,36.052,
35.193,35.622,34.764,35.622,37.339,36.052,36.052,36.052,38.197,36.91,36.91,36.052,36.052,36.052,36.052,36.052,36.052,36.052,36.052,36.052,36.052,36.052,36.052,36.052,
35.193,35.622,34.764,35.622,37.339,36.052,35.193,35.193,37.339,36.052,36.052,36.052,36.052,36.052,36.052,36.052,36.052,36.052,36.052,36.052,36.052,36.052,36.052,36.052,
35.193,35.622,34.764,36.481,36.91,36.052,35.193,35.193,37.339,36.052,36.052,36.052,36.052,36.052,36.052,36.052,36.052,36.052,36.052,36.052,36.052,36.052,36.052,36.052,
35.622,36.052,34.764,36.481,36.91,36.052,35.193,35.193,37.339,36.052,36.052,36.052,36.052,36.052,36.052,36.052,36.052,36.052,36.052,36.052,36.052,36.052,36.052,36.052,
35.622,36.052,34.764,36.481,39.914,39.056,35.193,35.193,37.339,36.052,36.052,36.052,36.052,36.052,36.052,36.052,36.052,36.052,36.052,36.052,36.052,36.052,36.052,36.052,
35.622,36.052,34.764,36.481,39.914,39.056,35.193,35.193,36.052,36.052,36.052,36.052,36.052,36.052,36.052,36.052,36.052,36.052,36.052,36.052,36.052,36.052,36.052,36.052,
35.622,36.052,34.764,36.052,39.485,39.056,35.193,35.193,36.052,36.052,36.052,36.052,36.052,36.052,36.052,36.052,36.052,36.052,36.052,36.052,36.052,36.052,36.052,36.052,
35.193,36.052,34.764,36.052,39.485,39.056,35.193,35.193,36.052,36.052,36.052,36.052,36.052,36.052,36.052,36.052,36.052,36.052,36.052,36.052,36.052,36.052,36.052,36.052,
35.193,36.052,34.764,36.052,39.485,39.056,35.193,35.193,39.056,39.056,36.052,36.052,36.052,36.052,36.052,36.052,36.052,36.052,36.052,36.052,36.052,36.052,36.052,36.052,
35.622,36.052,35.193,35.193,37.339,36.91,35.193,35.193,39.056,39.056,36.052,36.052,36.052,36.052,36.052,36.052,36.052,36.052,36.052,36.052,36.052,36.052,36.052,36.052,
36.052,36.481,35.622,35.193,37.339,36.91,35.193,35.193,39.056,39.056,36.052,36.052,36.052,36.052,36.052,36.052,36.052,36.052,36.052,36.052,36.052,36.052,36.052,36.052,
36.481,38.197,35.622,35.193,37.339,36.91,35.193,35.193,39.056,39.056,36.052,36.052,36.052,36.052,36.052,36.052,36.052,36.052,36.052,36.052,36.052,36.052,36.052,36.052,
36.481,38.197,35.622,36.052,37.339,36.91,35.193,35.193,39.056,39.056,36.052,36.052,36.052,36.052,36.052,36.052,36.052,36.052,36.052,36.052,36.052,36.052,36.052,36.052,
36.91,38.197,35.622,36.052,37.339,36.91,35.193,35.193,39.056,39.056,38.197,38.197,38.197,38.197,38.197,38.197,38.197,38.197,38.197,38.197,38.197,38.197,38.197,38.197,
37.339,36.91,35.622,36.052,37.339,36.91,35.193,35.193,39.056,39.056,38.197,38.197,38.197,38.197,38.197,38.197,38.197,38.197,38.197,38.197,38.197,38.197,38.197,38.197,
37.768,36.481,35.622,36.052,37.339,36.91,35.193,35.193,38.627,38.627,38.197,38.197,38.197,38.197,38.197,38.197,38.197,38.197,38.197,38.197,38.197,38.197,38.197,38.197,
37.768,36.481,34.764,36.052,37.339,36.91,35.193,35.193,38.627,38.627,38.197,38.197,38.197,38.197,38.197,38.197,38.197,38.197,38.197,38.197,38.197,38.197,38.197,38.197,
36.91,36.481,35.622,36.052,37.339,36.91,35.193,35.193,38.627,38.627,38.197,38.197,38.197,38.197,38.197,38.197,38.197,38.197,38.197,38.197,38.197,38.197,38.197,38.197,
36.91,36.481,35.622,36.052,37.339,36.91,35.193,35.193,38.627,38.627,38.197,38.197,38.197,38.197,38.197,38.197,38.197,38.197,38.197,38.197,38.197,38.197,38.197,38.197,
36.91,36.481,35.622,36.052,37.339,36.91,35.193,35.193,38.627,38.627,38.197,38.197,38.197,38.197,38.197,38.197,38.197,38.197,38.197,38.197,38.197,38.197,38.197,38.197,
36.91,36.481,35.622,36.052,37.339,36.91,35.193,35.193,38.627,38.627,38.197,38.197,38.197,38.197,38.197,38.197,38.197,38.197,38.197,38.197,38.197,38.197,38.197,38.197,
36.91,36.481,35.622,36.052,37.339,36.91,35.193,35.193,38.627,38.627,38.197,38.197,38.197,38.197,38.197,38.197,38.197,38.197,38.197,38.197,38.197,38.197,38.197,38.197,
36.91,36.481,35.622,36.052,37.339,36.91,35.193,35.193,38.627,38.627,38.197,38.197,38.197,38.197,38.197,38.197,38.197,38.197,38.197,38.197,38.197,38.197,38.197,38.197,
36.91,36.481,35.622,36.052,37.339,36.91,35.193,35.193,38.627,38.627,38.197,38.197,38.197,38.197,38.197,38.197,38.197,38.197,38.197,38.197,38.197,38.197,38.197,38.197,
36.91,36.481,35.622,36.052,37.339,36.91,35.193,35.193,38.627,38.627,38.197,38.197,38.197,38.197,38.197,38.197,38.197,38.197,38.197,38.197,38.197,38.197,38.197,38.197,
36.91,36.481,35.622,36.052,37.339,36.91,35.193,35.193,38.627,38.627,38.197,38.197,38.197,38.197,38.197,38.197,38.197,38.197,38.197,38.197,38.197,38.197,38.197,38.197,
36.91,36.481,35.622,36.052,37.339,36.91,35.193,37.339,38.627,38.627,38.197,37.768,37.768,37.768,37.768,37.768,37.768,37.768,37.768,37.768,37.768,37.768,37.768,37.768,
36.91,36.481,35.193,35.622,37.339,36.91,35.193,37.339,38.627,38.627,38.197,37.768,37.768,37.768,37.768,37.768,37.768,37.768,37.768,37.768,37.768,37.768,37.768,37.768,
36.91,37.339,35.622,36.052,37.768,37.768,37.768,37.339,38.627,38.627,38.197,37.768,37.768,37.768,37.768,37.768,37.768,37.768,37.768,37.768,37.768,37.768,37.768,37.768,
37.339,36.91,35.622,36.052,37.768,37.768,37.768,37.339,38.627,38.627,38.197,37.768,37.768,37.768,37.768,37.768,37.768,37.768,37.768,37.768,37.768,37.768,37.768,37.768,
37.339,36.91,35.622,36.052,37.768,37.768,37.768,37.339,38.627,38.627,37.768,37.339,37.339,37.339,37.339,37.339,37.339,37.339,37.339,37.339,37.339,37.339,37.339,37.339,
37.768,36.91,35.622,36.052,37.768,37.768,37.768,37.339,38.197,38.197,37.768,37.339,37.339,37.339,37.339,37.339,37.339,37.339,37.339,37.339,37.339,37.339,37.339,37.339,
37.768,36.91,35.622,36.052,37.768,37.768,36.91,36.481,37.339,37.339,37.768,37.339,37.339,37.339,37.339,37.339,37.339,37.339,37.339,37.339,37.339,37.339,37.339,37.339,
37.768,36.91,35.622,36.052,36.481,36.481,36.91,36.481,37.339,37.339,37.768,37.339,37.339,37.339,37.339,37.339,37.339,37.339,37.339,37.339,37.339,37.339,37.339,37.339,
38.197,37.339,36.052,36.052,36.481,36.481,36.91,36.481,37.339,37.339,37.768,37.339,37.339,37.339,37.339,37.339,37.339,37.339,37.339,37.339,37.339,37.339,37.339,37.339,
38.197,37.768,36.481,36.481,36.481,36.481,36.91,36.481,37.339,37.339,37.768,37.339,37.339,37.339,37.339,37.339,37.339,37.339,37.339,37.339,37.339,37.339,37.339,37.339,
38.197,37.768,36.481,36.481,36.481,36.481,36.91,36.481,37.339,37.339,37.339,37.339,37.339,37.339,37.339,37.339,37.339,37.339,37.339,37.339,37.339,37.339,37.339,37.339,
38.197,37.768,36.481,36.481,36.481,36.481,36.91,36.481,37.339,37.339,37.339,37.339,37.339,37.339,37.339,37.339,37.339,37.339,37.339,37.339,37.339,37.339,37.339,37.339,
38.197,37.768,36.481,36.481,36.481,36.481,36.481,37.339,37.339,37.339,37.339,37.339,37.339,37.339,37.339,37.339,37.339,37.339,37.339,37.339,37.339,37.339,37.339,37.339,
37.768,37.768,36.481,36.481,36.481,36.481,36.481,37.339,37.339,37.339,37.339,37.339,37.339,37.339,37.339,37.339,37.339,37.339,37.339,37.339,37.339,37.339,37.339,37.339,
37.768,37.768,36.481,36.481,36.481,36.481,37.339,37.339,37.339,37.339,37.339,37.339,37.339,37.339,37.339,37.339,37.339,37.339,37.339,37.339,37.339,37.339,37.339,37.339,
36.481,36.481,36.481,36.481,36.481,36.481,37.339,37.339,37.339,37.339,37.339,37.339,37.339,37.339,37.339,37.339,37.339,37.339,37.339,37.339,37.339,37.339,37.339,37.339,
36.481,36.481,37.339,37.339,37.339,36.481,37.339,37.339,37.339,37.339,37.339,37.339,37.339,37.339,37.339,37.339,37.339,37.339,37.339,37.339,37.339,37.339,37.339,37.339,
37.339,37.339,37.339,37.339,37.339,37.339,37.339,37.339,37.339,37.339,37.339,37.339,37.339,37.339,37.339,37.339,37.339,37.339,37.339,37.339,37.339,37.339,37.339,37.339,
37.339,37.339,37.339,37.339,37.339,37.339,37.339,37.339,37.339,37.339,37.339,37.339,37.339,37.339,37.339,37.339,37.339,37.339,37.339,37.339,37.339,37.339,37.339,37.339,
37.339,37.339,37.339,37.339,37.339,37.339,37.339,37.339,37.339,37.339,37.339,37.339,37.339,37.339,37.339,37.339,37.339,37.339,37.339,37.339,37.339,37.339,37.339,37.339,
37.339,37.339,37.339,37.339,37.339,37.339,37.339,37.339,37.339,37.339,37.339,37.339,37.339,37.339,37.339,37.339,37.339,37.339,37.339,37.339,37.339,37.339,37.339,37.339,

38.073,39.45,40.367,39.908,39.908,41.284,41.743,41.743,41.743,40.367,41.284,39.908,36.697,36.697,36.697,36.697,37.156,41.284,41.743,41.743,41.743,41.743,41.743,41.743,
38.073,39.45,40.367,39.908,39.908,41.284,41.743,41.743,41.743,40.367,41.284,39.908,36.697,36.697,36.697,36.697,37.156,41.284,41.743,41.743,41.743,41.743,41.743,41.743,
38.073,39.45,40.367,39.908,39.908,41.284,41.743,41.743,42.202,40.367,41.284,39.908,36.697,36.697,36.697,36.697,37.156,41.284,41.743,41.743,41.743,41.743,41.743,41.743,
38.073,39.45,40.367,39.908,39.908,41.284,41.743,41.743,42.202,40.367,41.284,39.908,36.239,36.697,36.697,36.697,37.156,41.284,41.743,41.743,41.743,41.743,41.743,41.743,
37.615,38.991,39.908,39.908,39.908,41.284,41.743,41.743,42.202,40.367,41.284,39.908,36.239,36.697,36.697,36.697,37.156,41.284,41.743,41.743,41.743,41.743,41.743,41.743,
37.615,38.991,39.45,39.908,39.908,38.532,41.743,41.743,42.202,40.367,40.826,39.908,36.239,36.697,36.697,36.697,37.156,41.284,41.743,41.743,41.743,41.743,41.743,41.743,
37.615,38.991,39.45,39.908,40.367,38.532,41.743,41.284,42.202,40.367,40.826,39.908,36.239,36.697,36.697,36.697,37.156,41.284,41.743,41.743,41.743,41.743,41.743,41.743,
37.615,38.991,39.908,39.45,39.908,38.532,41.743,41.284,42.202,40.367,40.826,39.908,36.239,36.697,37.156,37.156,37.156,41.284,41.743,41.743,41.743,41.743,41.743,41.743,
37.615,38.991,40.367,39.45,39.908,38.532,41.743,41.284,42.202,40.367,40.826,39.908,36.239,36.697,37.156,37.156,37.156,41.284,41.743,41.743,41.743,41.743,41.743,41.743,
37.615,38.991,40.367,39.45,39.908,38.532,41.743,41.284,42.202,41.284,40.826,39.908,36.239,36.697,37.156,37.156,37.156,41.284,41.743,41.743,41.743,41.743,41.743,41.743,
37.615,38.991,40.367,38.991,39.45,38.532,41.743,41.284,42.202,41.284,40.826,39.908,36.239,36.697,37.156,37.156,37.156,41.284,41.743,41.743,41.743,41.743,41.743,41.743,
37.615,38.991,40.367,38.991,39.45,38.532,41.743,41.284,42.202,41.284,40.826,39.908,36.239,37.156,37.156,37.156,37.156,41.284,41.743,41.743,41.743,41.743,41.743,41.743,
37.615,38.991,40.367,38.991,39.45,38.532,41.743,41.284,42.202,41.284,40.826,39.908,36.239,37.156,37.156,37.156,37.156,41.284,41.743,41.743,41.743,41.743,41.743,41.743,
37.615,38.991,40.367,38.991,39.45,38.991,41.743,41.284,42.202,41.284,40.826,39.45,40.367,41.284,41.284,41.284,41.284,41.284,41.743,41.743,41.743,41.743,41.743,41.743,
37.615,38.991,39.908,38.532,39.45,38.991,41.743,41.284,42.202,41.284,40.826,39.45,40.367,41.284,41.284,41.284,41.284,41.284,41.743,41.743,41.743,41.743,41.743,41.743,
37.615,38.991,39.908,38.532,39.45,38.991,41.743,41.284,42.202,41.284,40.826,39.45,40.367,41.284,41.284,41.284,41.284,41.284,41.743,41.743,41.743,41.743,41.743,41.743,
37.615,38.991,39.908,38.532,39.45,38.991,41.743,41.284,42.202,41.284,40.826,39.45,40.367,41.284,41.284,41.284,41.284,41.284,41.743,41.743,41.743,41.743,41.743,41.743,
37.615,39.908,41.284,38.991,39.45,38.991,41.743,41.284,42.202,41.284,40.826,39.45,40.367,41.743,41.743,41.743,41.743,41.743,41.743,41.743,41.743,41.743,41.743,41.743,
37.615,39.908,41.284,38.991,39.45,38.991,41.284,40.826,41.743,40.826,40.826,39.45,40.367,41.743,41.743,41.743,41.743,41.743,41.743,41.743,41.743,41.743,41.743,41.743,
36.697,38.532,39.908,38.073,38.532,38.532,40.826,40.367,41.284,40.826,40.826,39.45,40.367,41.743,41.743,41.743,41.743,41.743,41.743,41.743,41.743,41.743,41.743,41.743,
37.615,38.532,39.908,38.073,38.532,38.532,40.826,40.367,41.284,40.826,40.826,39.45,40.367,41.743,41.743,41.743,41.743,41.743,41.743,41.743,41.743,41.743,41.743,41.743,
37.615,38.532,40.367,38.073,38.532,38.532,40.826,40.367,41.284,40.826,40.826,39.45,40.367,41.743,41.743,41.743,41.743,41.743,41.743,41.743,41.743,41.743,41.743,41.743,
37.156,38.991,40.826,38.991,38.991,38.532,40.826,40.367,40.826,40.826,40.826,39.45,40.367,41.743,41.743,41.743,41.743,41.743,41.743,41.743,41.743,41.743,41.743,41.743,
37.156,38.991,40.826,38.991,38.991,38.532,40.826,40.367,40.826,40.826,40.826,39.45,40.367,41.743,41.743,41.743,41.743,41.743,41.743,41.743,41.743,41.743,41.743,41.743,
37.156,38.991,41.743,39.908,38.991,38.532,40.826,40.367,40.826,40.826,40.826,39.45,37.615,38.532,38.532,38.532,38.532,38.532,38.532,38.532,38.532,38.532,38.532,38.532,
37.615,39.908,41.743,39.908,38.991,38.532,40.826,40.367,39.45,39.45,39.45,37.615,37.615,38.532,38.532,38.532,38.532,38.532,38.532,38.532,38.532,38.532,38.532,38.532,
37.615,39.908,41.743,39.908,38.991,38.532,39.45,39.45,39.45,39.45,39.45,37.615,37.615,38.532,38.532,38.532,38.532,38.532,38.532,38.532,38.532,38.532,38.532,38.532,
37.615,40.826,41.743,39.908,38.991,38.532,39.45,39.45,39.45,39.45,39.45,37.615,37.615,38.532,38.532,38.532,38.532,38.532,38.532,38.532,38.532,38.532,38.532,38.532,
38.073,40.826,41.284,38.532,38.991,38.532,39.45,39.45,39.45,39.45,39.45,37.615,37.615,38.532,38.532,38.532,38.532,38.532,38.532,38.532,38.532,38.532,38.532,38.532,
38.073,40.367,40.367,38.991,39.45,38.532,39.45,39.45,39.45,39.45,39.45,37.615,37.615,38.532,38.532,38.532,38.532,38.532,38.532,38.532,38.532,38.532,38.532,38.532,
38.073,40.367,40.367,38.991,39.45,38.532,39.45,39.45,39.45,39.45,39.45,37.615,37.615,38.532,38.532,38.532,38.532,38.532,38.532,38.532,38.532,38.532,38.532,38.532,
38.532,38.991,38.991,38.073,38.991,38.532,39.45,39.45,39.45,39.45,39.45,37.615,37.615,38.532,38.532,38.532,38.532,38.532,38.532,38.532,38.532,38.532,38.532,38.532,
38.532,38.991,38.991,38.073,38.991,38.532,39.45,39.45,39.45,39.45,39.45,37.615,37.615,38.532,38.532,38.532,38.532,38.532,38.532,38.532,38.532,38.532,38.532,38.532,
37.156,39.45,38.532,38.073,38.991,38.532,39.45,39.45,39.45,39.45,39.45,37.615,37.615,36.697,36.697,36.697,36.697,36.697,36.697,36.697,36.697,36.697,36.697,36.697,
37.615,39.45,38.532,38.073,38.991,38.532,39.45,39.45,39.45,39.45,39.45,37.615,37.615,36.697,36.697,36.697,36.697,36.697,36.697,36.697,36.697,36.697,36.697,36.697,
39.45,39.45,39.45,38.073,38.991,38.532,39.45,39.45,39.45,39.45,39.45,37.615,37.615,36.697,36.697,36.697,36.697,36.697,36.697,36.697,36.697,36.697,36.697,36.697,
39.45,39.45,39.45,38.073,38.991,38.532,39.45,39.45,39.45,39.45,39.45,37.615,37.615,36.697,36.697,36.697,36.697,36.697,36.697,36.697,36.697,36.697,36.697,36.697,
39.45,39.45,39.45,37.156,37.615,37.615,38.073,38.073,38.073,38.073,38.073,37.615,37.615,37.615,37.615,37.615,37.615,37.615,37.615,37.615,37.615,37.615,37.615,37.615,
39.45,39.45,39.45,37.156,37.615,37.615,38.073,38.073,38.073,38.073,38.073,37.615,37.615,37.615,37.615,37.615,37.615,37.615,37.615,37.615,37.615,37.615,37.615,37.615,
39.45,39.45,39.45,37.615,37.615,37.615,38.073,38.073,38.073,38.073,38.073,37.615,37.615,37.615,37.615,37.615,37.615,37.615,37.615,37.615,37.615,37.615,37.615,37.615,
38.991,38.991,37.615,37.615,37.615,37.615,37.615,37.615,37.615,37.615,37.615,37.615,37.615,37.615,37.615,37.615,37.615,37.615,37.615,37.615,37.615,37.615,37.615,37.615,
37.615,37.615,37.615,37.615,37.615,37.615,37.615,37.615,37.615,37.615,37.615,37.615,37.615,37.615,37.615,37.615,37.615,37.615,37.615,37.615,37.615,37.615,37.615,37.615,
37.615,37.615,37.615,37.615,37.615,37.615,37.615,37.615,37.615,37.615,37.615,37.615,37.615,37.615,37.615,37.615,37.615,37.615,37.615,37.615,37.615,37.615,37.615,37.615,
37.615,37.615,37.615,37.615,37.615,37.615,37.615,37.615,37.615,37.615,37.615,37.615,37.615,37.615,37.615,37.615,37.615,37.615,37.615,37.615,37.615,37.615,37.615,37.615,
37.615,37.615,37.615,37.615,37.615,37.615,37.615,37.615,37.615,37.615,37.615,37.615,37.615,37.615,37.615,37.615,37.615,37.615,37.615,37.615,37.615,37.615,37.615,37.615,
37.615,37.615,37.615,37.615,37.615,37.615,37.615,37.615,37.615,37.615,37.615,37.615,37.615,37.615,37.615,37.615,37.615,37.615,37.615,37.615,37.615,37.615,37.615,37.615,
37.615,37.615,37.615,37.615,37.615,37.615,37.615,37.615,37.615,37.615,37.615,37.615,37.615,37.615,37.615,37.615,37.615,37.615,37.615,37.615,37.615,37.615,37.615,37.615,
37.615,37.615,37.615,37.615,37.615,37.615,37.615,37.615,37.615,37.615,37.615,37.615,37.615,37.615,37.615,37.615,37.615,37.615,37.615,37.615,37.615,37.615,37.615,37.615,
37.615,37.615,37.615,37.615,37.615,37.615,37.615,37.615,37.615,37.615,37.615,37.615,37.615,37.615,37.615,37.615,37.615,37.615,37.615,37.615,37.615,37.615,37.615,37.615,
37.615,37.615,37.615,37.615,37.615,37.615,37.615,37.615,37.615,37.615,37.615,37.615,37.615,37.615,37.615,37.615,37.615,37.615,37.615,37.615,37.615,37.615,37.615,37.615,

41.584,42.574,42.079,42.574,41.584,43.069,43.564,47.525,45.545,43.069,43.069,43.069,46.535,47.03,47.525,46.535,45.05,45.05,45.05,45.05,42.574,42.574,42.574,45.545,
41.584,42.574,42.079,42.574,41.584,43.069,43.564,47.525,45.545,43.069,43.069,43.069,46.535,47.03,47.525,46.535,45.05,45.05,45.05,45.05,42.574,42.574,42.574,45.545,
41.584,42.079,41.584,41.089,40.594,43.069,43.564,47.525,45.545,43.069,43.069,43.069,46.535,47.03,47.525,46.535,45.05,45.05,45.05,45.05,42.574,42.574,42.574,45.545,
41.089,42.079,41.584,41.089,40.594,46.535,47.03,50.495,48.515,47.525,47.525,47.525,46.535,47.03,47.525,46.535,45.05,45.05,45.05,45.05,42.574,42.574,42.574,45.545,
40.594,41.584,40.594,39.604,40.099,46.04,47.03,50.495,48.515,47.525,47.525,47.525,46.535,47.03,47.525,46.535,45.05,45.05,45.05,45.05,42.574,42.574,42.574,45.545,
40.594,41.584,40.594,39.604,45.545,46.04,47.03,50.495,48.515,47.525,47.525,47.525,46.535,47.03,47.525,45.05,45.05,45.05,45.05,45.05,42.574,42.574,42.574,45.545,
40.594,41.584,40.594,39.604,45.545,46.04,47.03,48.02,45.545,44.554,44.554,44.554,46.535,47.03,47.525,45.05,45.05,45.05,45.05,45.05,42.574,42.574,42.574,45.545,
40.594,41.584,40.594,39.604,45.545,45.545,46.535,47.525,45.545,45.05,45.05,45.05,47.03,47.03,47.525,45.05,45.05,45.05,45.05,45.05,42.574,42.574,42.574,45.545,
39.604,41.584,40.594,39.604,45.545,45.545,46.535,47.525,42.574,45.05,45.05,45.05,47.03,47.03,47.525,45.05,45.05,45.05,45.05,45.05,42.574,42.574,42.574,45.545,
39.604,41.584,40.594,39.109,45.05,45.05,46.04,47.03,45.05,45.05,45.05,45.05,47.03,47.03,47.525,45.05,45.05,45.05,45.05,45.05,42.574,42.574,42.574,45.545,
39.604,41.584,40.594,39.109,45.05,45.05,46.04,47.03,45.05,45.05,45.05,45.05,47.03,47.03,47.525,45.05,45.05,45.05,45.05,45.05,42.574,42.574,42.574,45.545,
39.604,41.584,40.594,39.109,45.05,45.05,46.04,47.03,45.05,45.05,45.05,45.05,47.03,47.03,47.525,45.05,45.05,45.05,45.05,45.05,42.574,42.574,42.574,45.545,
41.584,46.535,45.545,44.059,45.05,45.05,46.04,47.03,41.584,45.05,45.05,45.05,47.03,47.03,47.525,45.05,45.05,45.05,45.05,45.05,42.574,42.574,42.574,45.545,
41.089,46.535,45.545,44.059,45.05,45.05,46.04,47.03,41.584,45.05,45.05,45.05,47.03,47.03,47.525,45.05,45.05,45.05,45.05,45.05,42.574,42.574,42.574,45.545,
44.059,46.535,45.545,44.059,45.545,45.545,46.535,47.525,42.079,43.069,43.069,43.069,47.03,47.03,45.05,45.05,45.05,45.05,45.05,45.05,42.574,42.574,42.574,45.545,
44.554,46.535,45.545,44.059,44.554,44.554,45.545,46.535,43.069,43.069,43.069,43.069,47.03,45.05,45.05,45.05,45.05,45.05,45.05,45.05,42.574,42.574,42.574,45.545,
44.554,46.535,45.545,44.059,44.554,44.554,45.545,43.069,43.069,43.069,43.069,43.069,47.03,45.05,45.05,45.05,45.05,45.05,45.05,45.05,42.574,42.574,42.574,45.545,
44.554,46.535,45.545,43.564,44.554,44.554,45.545,43.069,43.069,43.069,43.069,43.069,45.05,45.05,45.05,45.05,45.05,45.05,45.05,45.05,42.574,42.574,42.574,45.545,
44.554,46.535,45.545,43.564,44.554,44.554,45.545,43.069,43.069,43.069,43.069,43.069,45.05,45.05,45.05,45.05,45.05,45.05,45.05,45.05,42.574,42.574,42.574,45.545,
44.554,46.535,45.05,43.564,44.554,44.554,43.069,43.069,43.069,43.069,43.069,43.069,45.05,45.05,45.05,45.05,45.05,45.05,45.05,45.05,42.574,42.574,42.574,45.545,
46.04,46.535,45.05,43.564,44.554,44.554,43.069,43.069,43.069,43.069,43.069,43.069,45.05,45.05,45.05,45.05,45.05,45.05,45.05,45.05,42.574,42.574,42.574,45.545,
46.04,46.04,45.05,43.564,43.069,44.554,43.069,43.069,43.069,43.069,43.069,43.069,45.05,45.05,45.05,45.05,45.05,45.05,45.05,45.05,42.574,42.574,42.574,45.545,
46.04,46.04,45.05,43.564,43.069,44.554,43.069,43.069,43.069,43.069,43.069,43.069,45.05,45.05,45.05,45.05,45.05,45.05,45.05,45.05,42.574,42.574,42.574,45.545,
46.04,46.04,43.069,43.069,43.069,43.069,43.069,43.069,43.069,43.069,43.069,43.069,45.05,45.05,45.05,45.05,45.05,45.05,45.05,45.05,42.574,42.574,42.574,46.04,
43.069,43.069,43.069,43.069,43.069,43.069,43.069,43.069,43.069,43.069,43.069,43.069,45.05,45.05,45.05,45.05,45.05,45.05,45.05,45.05,42.574,42.574,42.574,46.04,
43.069,43.069,43.069,43.069,43.069,43.069,43.069,43.069,43.069,43.069,43.069,43.069,45.05,45.05,45.05,45.05,45.05,45.05,45.05,45.05,42.574,42.574,42.574,46.04,
43.069,43.069,43.069,43.069,43.069,43.069,43.069,43.069,43.069,43.069,43.069,43.069,45.05,45.05,45.05,45.05,45.05,45.05,45.05,45.05,42.574,42.574,42.574,46.04,
43.564,43.069,43.069,43.069,43.069,43.069,43.069,43.069,43.069,43.069,43.069,43.069,45.05,45.05,45.05,45.05,45.05,45.05,45.05,45.05,42.574,42.574,42.574,46.04,
43.564,43.069,43.069,43.069,43.069,43.069,43.069,43.069,43.069,43.069,43.069,43.069,45.05,45.05,45.05,45.05,45.05,45.05,45.05,45.05,42.574,42.574,42.574,46.04,
43.564,43.069,43.069,43.069,43.069,43.069,43.069,46.535,46.535,46.535,46.535,46.535,48.515,48.515,48.515,48.515,48.515,48.515,48.515,48.515,46.04,46.04,46.04,46.04,
43.564,43.069,43.069,43.069,43.069,43.069,43.069,46.535,46.535,46.535,46.535,46.535,48.515,48.515,48.515,48.515,48.515,48.515,48.515,48.515,46.04,46.04,46.04,46.04,
43.564,43.069,43.069,43.069,43.069,43.069,43.069,46.535,46.535,46.535,46.535,46.535,48.515,48.515,48.515,48.515,48.515,48.515,48.515,48.515,46.04,46.04,46.04,46.04,
43.564,43.069,43.069,43.069,43.069,43.069,43.069,46.535,46.535,46.535,46.535,46.535,48.515,48.515,48.515,48.515,48.515,48.515,48.515,48.515,46.04,46.04,46.04,46.04,
43.564,43.069,46.535,46.535,46.535,46.535,46.535,46.535,46.535,46.535,46.535,46.535,48.515,48.515,48.515,48.515,48.515,48.515,48.515,48.515,46.04,46.04,46.04,46.04,
47.03,46.535,46.535,46.535,46.535,46.535,46.535,46.535,46.535,46.535,46.535,46.535,48.515,48.515,48.515,48.515,48.515,48.515,48.515,48.515,46.04,46.04,46.04,46.04,
47.03,46.535,46.535,46.535,46.535,46.535,46.535,46.535,46.535,46.535,46.535,46.535,48.515,48.515,48.515,48.515,48.515,48.515,48.515,48.515,46.04,46.04,46.04,46.04,
47.03,46.535,46.535,46.535,46.535,46.535,46.535,46.535,46.535,46.535,46.535,46.535,48.515,48.515,48.515,48.515,48.515,48.515,48.515,48.515,46.04,46.04,46.04,46.04,
47.03,46.535,46.535,46.535,46.535,46.535,46.535,46.535,46.535,46.535,46.535,46.535,46.04,46.04,46.04,46.04,46.04,46.04,46.04,46.04,46.04,46.04,46.04,46.04,
47.03,46.535,46.535,46.535,46.535,46.535,46.535,46.535,46.535,46.535,46.535,46.535,46.04,46.04,46.04,46.04,46.04,46.04,46.04,46.04,46.04,46.04,46.04,46.04,
47.03,46.535,46.535,46.535,46.535,46.535,46.535,46.535,46.535,46.535,46.535,46.535,46.04,46.04,46.04,46.04,46.04,46.04,46.04,46.04,46.04,46.04,46.04,46.04,
47.03,46.535,46.535,46.535,46.535,46.535,46.535,46.535,46.535,46.535,46.535,46.535,46.04,46.04,46.04,46.04,46.04,46.04,46.04,46.04,46.04,46.04,46.04,46.04,
47.03,46.535,46.535,46.535,46.535,46.535,46.535,46.535,46.535,46.535,46.535,46.535,46.04,46.04,46.04,46.04,46.04,46.04,46.04,46.04,46.04,46.04,46.04,46.04,
47.03,46.535,46.535,46.535,46.535,46.535,46.535,46.535,46.535,46.535,46.535,46.535,46.04,46.04,46.04,46.04,46.04,46.04,46.04,46.04,46.04,46.04,46.04,46.04,
47.03,46.535,46.535,46.535,46.535,46.535,46.535,46.535,46.535,46.535,46.535,46.535,46.04,46.04,46.04,46.04,46.04,46.04,46.04,46.04,46.04,46.04,46.04,46.04,
46.535,46.535,46.535,46.535,46.535,46.535,46.535,46.535,46.535,46.535,46.535,46.535,46.04,46.04,46.04,46.04,46.04,46.04,46.04,46.04,46.04,46.04,46.04,46.04,
46.535,46.535,46.535,46.535,46.535,46.535,46.535,46.535,46.535,46.535,46.535,46.535,46.04,46.04,46.04,46.04,46.04,46.04,46.04,46.04,46.04,46.04,46.04,46.04,
46.535,46.04,46.04,46.04,46.04,46.04,46.04,46.04,46.04,46.04,46.04,46.04,46.04,46.04,46.04,46.04,46.04,46.04,46.04,46.04,46.04,46.04,46.04,46.04,
46.04,46.04,46.04,46.04,46.04,46.04,46.04,46.04,46.04,46.04,46.04,46.04,46.04,46.04,46.04,46.04,46.04,46.04,46.04,46.04,46.04,46.04,46.04,46.04,
46.04,46.04,46.04,46.04,46.04,46.04,46.04,46.04,46.04,46.04,46.04,46.04,46.04,46.04,46.04,46.04,46.04,46.04,46.04,46.04,46.04,46.04,46.04,46.04,
46.04,46.04,46.04,46.04,46.04,46.04,46.04,46.04,46.04,46.04,46.04,46.04,46.04,46.04,46.04,46.04,46.04,46.04,46.04,46.04,46.04,46.04,46.04,46.04,

