27.062,28.351,29.639,30.155,28.608,28.351,29.124,29.897,29.639,30.155,29.381,27.32,28.093,28.093,29.124,28.608,29.124,27.835,28.093,29.381,29.124,29.124,29.124,29.124,
27.062,28.608,29.639,30.155,28.608,28.351,29.124,29.897,29.639,30.155,29.381,27.32,28.093,28.093,29.124,28.608,29.124,27.835,28.093,29.381,29.124,29.124,29.124,29.124,
27.062,28.608,29.639,30.155,28.608,28.351,29.124,29.897,29.639,30.155,29.639,27.32,28.093,28.093,29.124,28.608,29.124,27.835,28.093,29.381,29.124,29.124,29.124,29.124,
27.062,28.608,29.639,30.155,28.608,28.351,29.124,29.897,29.639,30.155,29.639,27.32,28.093,28.093,29.124,28.608,29.124,27.835,28.093,29.381,29.124,29.124,29.124,29.124,
27.062,28.608,29.639,30.155,28.866,28.351,29.124,29.897,29.639,30.155,29.639,27.32,28.093,28.093,29.124,28.608,29.124,27.835,28.093,29.381,29.124,29.124,29.124,29.124,
27.062,28.608,29.897,30.155,28.866,28.351,29.124,29.897,29.639,30.155,29.639,27.32,28.093,28.093,29.124,28.608,29.124,27.835,28.093,29.381,29.124,29.124,29.124,29.124,
27.062,28.608,29.639,30.155,28.866,28.351,29.124,29.897,29.639,30.155,29.639,27.32,28.093,28.093,29.124,28.608,29.124,28.351,28.608,29.897,29.124,29.124,29.124,29.124,
27.062,28.608,29.639,30.155,28.866,28.351,29.124,29.897,29.639,30.155,29.639,27.32,28.093,28.093,29.124,28.608,29.124,28.093,28.608,29.897,29.124,29.124,29.124,29.124,
27.32,28.608,29.639,30.155,28.866,28.351,29.124,29.897,29.639,30.155,29.639,27.32,28.093,28.093,29.124,28.608,29.124,28.093,28.608,29.897,29.124,29.124,29.124,29.124,
26.804,27.835,28.866,29.381,28.866,28.351,29.124,29.897,29.639,30.155,29.639,27.32,27.835,27.835,28.866,28.351,29.124,28.093,28.608,29.897,29.124,29.124,29.124,29.124,
26.804,27.577,28.351,29.381,28.866,28.351,29.124,29.897,29.639,30.155,29.639,27.32,27.835,27.835,28.866,28.351,29.124,28.093,28.608,29.897,29.124,29.124,29.124,29.124,
26.804,27.577,28.608,29.639,28.866,28.351,29.124,29.897,29.639,30.155,29.639,27.32,27.835,27.835,28.866,28.351,28.866,27.835,28.351,29.897,29.124,29.124,29.124,29.124,
26.804,27.577,28.608,29.639,28.608,28.093,28.866,29.639,29.381,29.897,29.381,27.062,27.835,27.835,28.866,28.351,28.866,27.835,28.351,29.381,28.608,28.608,28.608,28.608,
26.804,27.577,28.608,29.639,28.608,28.093,28.866,29.639,29.381,29.897,29.381,27.062,27.835,27.835,28.866,28.351,28.866,27.835,28.093,29.124,28.351,28.351,28.351,28.351,
26.804,27.32,28.351,29.124,28.093,27.577,28.351,29.381,29.381,29.897,30.155,28.093,27.835,27.835,28.866,28.351,28.866,27.835,28.093,29.124,28.351,28.351,28.351,28.351,
27.32,27.577,28.351,29.124,27.835,27.062,27.835,28.866,28.866,29.381,29.639,28.093,27.835,27.835,28.866,28.351,28.866,27.835,28.093,29.124,28.351,28.351,28.351,28.351,
27.32,27.577,28.608,29.124,27.062,27.32,28.093,28.866,28.866,29.381,29.381,28.093,27.835,27.835,28.866,28.351,28.866,27.835,28.093,29.124,28.351,28.351,28.351,28.351,
27.835,27.577,28.608,29.124,27.062,27.32,28.093,28.866,28.866,29.381,29.381,28.093,27.835,27.835,28.866,28.351,28.866,27.835,28.093,29.124,28.351,28.351,28.351,28.351,
27.577,27.577,28.866,29.124,27.32,26.804,27.577,28.351,28.351,28.866,28.866,27.577,27.32,27.32,28.351,28.351,29.124,27.835,28.093,29.381,28.608,28.608,28.608,28.608,
27.577,27.577,28.608,29.124,27.32,27.062,27.577,28.351,28.351,28.866,28.866,27.577,28.093,27.835,28.608,28.608,29.381,29.124,29.381,29.639,28.608,28.608,28.608,28.608,
27.577,27.32,28.351,28.866,26.804,26.289,26.804,27.577,27.577,28.093,28.866,27.577,28.093,27.835,28.608,28.608,29.381,29.639,29.897,30.155,29.124,29.124,29.124,29.124,
27.577,27.062,28.093,28.608,26.546,26.289,26.804,27.577,27.577,28.093,28.866,28.093,28.608,28.351,29.124,29.124,29.381,29.639,29.897,30.155,30.155,30.155,30.155,30.155,
27.577,27.062,28.093,28.608,26.289,26.804,27.32,28.093,28.093,28.608,28.866,28.093,28.608,28.351,29.124,29.124,29.381,30.155,30.928,31.186,31.186,31.186,31.186,31.186,
28.351,26.804,27.577,28.093,26.289,26.804,27.32,28.093,28.351,28.608,29.124,28.351,28.866,28.608,29.381,29.381,29.639,30.412,31.186,31.186,31.186,31.186,31.186,31.186,
28.351,26.804,27.577,28.608,26.804,26.804,27.32,28.093,28.351,28.608,29.381,28.608,29.639,29.381,29.381,29.381,29.639,31.186,31.959,31.959,31.959,31.959,31.959,31.959,
28.351,26.804,27.32,28.351,26.804,26.804,27.32,28.351,28.608,28.866,30.67,30.155,30.928,30.412,30.928,30.928,31.186,31.443,31.959,31.959,31.959,31.959,31.959,31.959,
28.093,26.289,26.546,27.835,27.062,26.546,27.577,28.866,29.124,29.381,30.412,29.897,30.67,30.412,31.186,31.186,31.186,31.443,31.959,31.959,31.959,31.959,31.959,31.959,
28.351,26.804,27.062,28.351,27.577,28.351,28.866,29.639,29.897,30.412,30.928,29.897,31.186,30.928,31.186,31.186,31.186,31.959,31.959,31.959,31.959,31.959,31.959,31.959,
28.351,27.062,27.32,28.351,28.351,28.351,28.866,29.639,29.897,30.412,31.443,31.443,31.186,31.186,31.959,31.959,31.959,31.959,31.959,31.959,31.959,31.959,31.959,31.959,
28.866,27.32,27.062,28.093,29.124,28.608,29.124,29.639,29.897,30.412,31.959,31.443,31.186,31.186,31.959,31.959,31.959,31.959,31.959,31.959,31.959,31.959,31.959,31.959,
29.124,27.32,27.32,29.381,29.124,28.608,29.639,30.67,30.155,30.67,32.216,32.216,31.186,31.186,31.959,31.959,31.959,31.959,31.959,31.959,31.959,31.959,31.959,31.959,
28.351,27.835,27.577,29.639,28.866,28.608,29.897,30.928,31.186,31.443,32.216,32.216,31.186,31.959,31.959,31.959,31.959,31.959,31.959,31.959,31.959,31.959,31.959,31.959,
28.093,27.062,28.608,29.639,30.412,29.639,29.897,30.928,31.186,31.443,32.216,32.216,31.186,31.959,31.959,31.959,31.959,31.959,31.959,31.959,31.959,31.959,31.959,31.959,
27.577,27.577,28.093,29.124,29.897,29.639,30.412,30.928,31.443,31.701,32.732,32.732,31.959,31.959,31.959,31.959,31.959,31.959,31.959,31.959,31.959,31.959,31.959,31.959,
27.577,28.093,29.639,30.155,29.897,30.412,30.412,31.186,31.443,32.216,32.732,32.732,31.959,31.959,31.959,31.959,31.959,31.959,31.959,31.959,31.959,31.959,31.959,31.959,
27.577,28.093,29.639,30.155,31.443,31.186,30.412,31.186,31.443,32.216,32.216,32.216,31.959,31.959,31.959,31.959,31.959,31.959,31.959,31.959,31.959,31.959,31.959,31.959,
28.351,29.124,29.897,30.412,31.443,31.186,31.186,31.186,31.959,32.216,32.216,32.216,31.959,31.959,31.959,31.959,31.959,31.959,31.959,31.959,31.959,31.959,31.959,31.959,
29.124,29.381,29.639,30.928,31.959,31.701,31.959,31.959,31.959,32.216,32.216,32.216,31.959,31.959,31.959,31.959,31.959,31.959,31.959,31.959,31.959,31.959,31.959,31.959,
29.124,29.639,29.897,31.186,31.959,31.701,31.959,31.959,31.959,32.216,32.216,32.216,31.959,31.959,31.959,31.959,31.959,31.959,31.959,31.959,31.959,31.959,31.959,31.959,
29.124,29.639,30.412,31.701,31.959,31.701,31.959,31.959,31.959,32.216,32.216,32.216,31.959,31.959,31.959,31.959,31.959,31.959,31.959,31.959,31.959,31.959,31.959,31.959,
29.639,30.928,31.186,31.701,31.959,31.701,31.959,31.959,31.959,32.216,32.216,32.216,31.959,31.959,31.959,31.959,31.959,31.959,31.959,31.959,31.959,31.959,31.959,31.959,
29.639,31.186,31.443,31.959,31.959,31.701,31.959,31.959,31.959,32.216,32.216,32.216,31.959,31.959,31.959,31.959,31.959,31.959,31.959,31.959,31.959,31.959,31.959,31.959,
31.443,31.443,31.443,31.959,31.959,31.701,31.959,31.959,31.959,32.216,32.216,32.216,31.959,31.959,31.959,31.959,31.959,31.959,31.959,31.959,31.959,31.959,31.959,31.959,
31.443,31.443,31.443,31.959,31.959,31.701,31.959,31.959,31.959,32.216,32.216,32.216,31.959,31.959,31.959,31.959,31.959,31.959,31.959,31.959,31.959,31.959,31.959,31.959,
31.443,31.443,31.443,31.959,31.959,31.701,31.959,31.959,31.959,31.959,31.959,31.959,31.959,31.959,31.959,31.959,31.959,31.959,31.959,31.959,31.959,31.959,31.959,31.959,
31.443,31.443,31.443,31.959,31.959,31.701,31.959,31.959,31.959,31.959,31.959,31.959,31.959,31.959,31.959,31.959,31.959,31.959,31.959,31.959,31.959,31.959,31.959,31.959,
31.443,31.443,31.443,31.959,31.959,31.959,31.959,31.959,31.959,31.959,31.959,31.959,31.959,31.959,31.959,31.959,31.959,31.959,31.959,31.959,31.959,31.959,31.959,31.959,
31.443,31.443,31.443,31.959,31.959,31.959,31.959,31.959,31.959,31.959,31.959,31.959,31.959,31.959,31.959,31.959,31.959,31.959,31.959,31.959,31.959,31.959,31.959,31.959,
31.443,31.443,31.443,31.959,31.959,31.959,31.959,31.959,31.959,31.959,31.959,31.959,31.959,31.959,31.959,31.959,31.959,31.959,31.959,31.959,31.959,31.959,31.959,31.959,
31.959,31.959,31.959,31.959,31.959,31.959,31.959,31.959,31.959,31.959,31.959,31.959,31.959,31.959,31.959,31.959,31.959,31.959,31.959,31.959,31.959,31.959,31.959,31.959,

20.655,21.159,20.907,22.166,22.166,22.166,23.678,21.914,23.426,22.922,22.922,22.418,23.426,22.418,23.174,23.678,24.181,25.441,25.441,24.937,25.693,25.441,25.441,25.441,
20.403,20.907,20.907,22.166,22.166,22.166,23.678,21.914,23.426,22.922,22.922,22.418,23.426,22.418,23.174,23.678,24.181,25.441,25.441,24.937,25.693,25.441,25.441,25.441,
20.403,20.907,20.907,22.166,22.166,22.166,23.678,21.914,23.426,22.922,22.922,22.418,23.426,22.418,23.174,23.678,24.181,25.441,25.441,24.937,25.693,25.441,25.441,25.441,
20.403,20.907,20.907,22.166,22.166,22.166,23.678,21.914,23.426,22.922,22.922,22.418,23.426,22.418,23.174,23.678,24.181,25.441,25.441,24.937,25.693,25.441,25.441,25.441,
20.403,20.907,20.907,22.166,22.166,22.166,23.929,22.166,23.426,22.922,22.922,22.418,23.426,22.418,23.174,23.678,24.181,25.441,25.441,24.937,25.693,25.441,25.441,25.441,
20.151,20.655,20.403,21.662,21.914,22.166,23.929,22.166,23.426,22.922,22.922,22.418,23.426,22.418,23.174,23.678,24.181,25.441,25.441,24.937,25.693,25.189,25.189,25.189,
20.151,20.655,20.403,21.662,21.914,22.166,23.929,22.166,22.922,22.418,22.418,21.914,23.426,22.67,23.426,23.929,24.685,25.945,25.945,25.441,26.196,25.189,25.189,25.189,
19.899,20.403,20.151,21.411,21.662,22.166,23.929,22.418,23.426,22.922,22.922,22.418,23.929,23.174,23.929,24.433,24.685,25.945,25.945,25.441,26.196,25.189,25.189,25.189,
19.899,20.403,19.899,21.411,21.662,22.166,23.929,22.418,23.426,22.922,22.922,22.418,23.678,22.922,23.678,24.433,24.685,25.945,25.945,25.441,25.945,24.937,24.937,24.937,
19.899,20.151,20.151,21.662,21.662,22.166,23.929,22.418,23.426,22.922,22.922,22.418,24.181,23.426,24.181,24.937,25.189,25.945,25.945,25.441,25.945,25.189,25.189,25.189,
19.899,20.151,20.151,21.662,21.662,22.166,23.929,22.418,23.426,22.922,22.922,22.418,24.181,23.426,24.181,24.937,25.189,25.945,25.945,25.441,25.945,25.189,25.189,25.189,
19.899,20.151,20.151,21.662,21.662,22.166,23.929,22.418,23.426,22.922,22.922,22.418,24.181,23.426,24.433,25.189,25.189,25.945,25.945,25.945,25.945,25.189,25.189,25.189,
19.899,20.403,20.151,21.662,21.662,22.166,23.929,22.418,23.426,22.922,22.922,22.418,24.181,23.426,24.433,25.189,25.189,25.945,25.945,25.945,25.945,25.189,25.189,25.189,
20.151,20.403,20.151,21.662,21.662,22.166,23.929,22.418,23.426,22.922,22.922,22.418,24.181,23.426,24.433,25.189,25.189,25.945,25.945,25.945,25.945,25.189,25.189,25.189,
20.151,20.403,20.403,22.166,21.914,22.418,23.929,22.418,23.426,22.922,22.922,22.418,24.181,23.426,24.433,25.189,25.189,25.945,25.945,25.945,25.945,25.189,25.189,25.189,
19.899,20.403,20.403,22.166,21.914,22.67,23.929,22.922,23.174,22.922,22.922,22.418,24.181,23.426,24.433,25.189,25.189,25.945,25.945,25.945,25.189,25.189,25.189,25.189,
19.899,20.403,20.403,22.166,21.914,22.67,23.929,22.922,23.174,22.922,22.922,22.418,24.181,23.426,24.433,25.189,25.189,25.945,25.945,25.945,25.189,25.189,25.189,25.189,
19.899,20.403,20.403,22.166,21.914,22.67,24.433,22.922,23.174,22.922,22.922,22.418,24.181,23.426,24.433,25.189,25.189,25.945,25.945,25.945,25.189,25.189,25.189,25.189,
19.899,19.899,20.403,22.418,21.914,22.67,24.433,22.922,22.418,22.922,22.418,21.914,23.678,22.922,23.929,24.685,24.685,25.441,25.441,25.441,25.189,25.189,25.189,25.189,
19.647,19.899,20.151,21.159,20.655,21.662,23.678,22.166,22.418,22.418,22.418,21.914,23.678,22.922,23.929,24.685,24.685,25.441,25.441,25.441,25.189,25.189,25.189,25.189,
19.647,19.899,19.395,21.159,20.655,21.411,22.922,21.411,21.662,22.418,22.418,21.914,23.678,22.922,23.929,24.685,24.685,25.441,25.441,25.441,25.189,25.189,25.189,25.189,
19.647,20.151,19.395,21.159,20.655,21.411,22.922,21.411,21.411,23.174,23.174,22.67,24.433,23.678,24.685,24.433,24.433,25.189,25.189,25.189,24.937,23.929,23.929,23.929,
20.151,20.151,19.899,21.159,20.655,22.418,23.929,22.922,21.411,23.174,23.174,21.662,24.433,23.678,24.685,24.433,24.433,25.189,25.189,25.189,24.937,23.929,23.678,23.678,
19.899,19.899,19.899,21.159,21.662,22.418,23.678,22.67,21.411,22.166,22.166,21.662,22.922,22.166,23.174,22.922,22.922,23.678,23.678,23.678,23.426,23.929,23.678,23.678,
19.899,20.151,20.151,21.159,21.914,22.418,23.678,22.67,21.411,21.411,21.662,21.159,22.418,21.662,23.174,22.922,22.922,23.678,23.678,23.678,23.426,23.678,23.678,24.181,
19.647,20.151,20.151,21.159,21.914,22.418,23.678,22.67,21.411,21.411,21.159,20.655,21.914,21.662,22.418,22.166,22.166,22.922,22.922,22.922,22.67,23.426,23.426,23.929,
20.151,21.159,20.403,21.159,21.914,22.922,23.929,22.922,20.907,20.907,20.655,20.151,21.914,21.662,22.67,22.418,22.418,23.174,23.174,23.174,22.922,23.929,23.929,24.181,
19.899,20.655,20.403,20.907,21.662,22.67,24.433,22.67,20.907,20.907,20.655,20.403,21.914,21.662,22.67,22.418,22.418,22.922,22.922,22.922,22.67,23.426,23.426,23.678,
19.647,21.411,20.655,21.159,21.662,22.418,24.181,22.418,20.655,20.907,20.907,20.403,22.418,22.166,22.166,22.922,22.418,22.418,22.418,22.418,22.922,23.426,23.426,23.929,
20.151,21.411,20.655,21.914,20.907,22.418,23.929,22.166,19.899,20.655,20.403,19.899,22.418,22.166,22.166,22.922,22.418,22.418,22.418,21.914,22.922,22.922,23.174,23.678,
20.151,21.411,20.655,22.166,20.907,22.418,23.678,22.166,19.899,20.151,19.899,21.411,23.174,23.174,23.426,22.922,22.418,22.418,22.418,21.914,22.922,22.922,23.426,23.678,
20.403,21.159,21.914,22.67,20.907,21.914,23.678,23.174,20.403,20.907,21.914,21.662,23.174,23.174,23.426,23.426,23.426,23.426,22.418,21.914,22.922,22.922,23.426,23.678,
20.907,21.159,21.914,22.418,22.418,21.662,22.166,22.418,21.411,20.907,21.914,21.662,23.929,23.929,24.181,24.181,24.181,24.181,23.174,22.67,23.678,23.426,23.929,24.181,
21.662,21.159,20.655,21.159,21.914,21.914,22.67,22.922,22.922,22.166,21.914,21.662,23.929,23.929,24.181,24.181,24.181,24.181,24.181,22.67,23.678,23.426,24.685,24.937,
21.411,21.159,20.403,21.159,21.662,21.914,22.922,23.174,23.678,23.426,24.433,24.433,24.685,24.685,24.937,24.937,24.937,24.937,24.937,24.685,24.937,24.685,24.685,24.937,
22.418,22.418,20.907,21.662,22.166,22.67,23.174,23.426,23.678,24.433,24.433,24.433,24.433,24.433,24.685,25.189,25.189,24.685,24.685,24.685,24.937,25.441,25.441,26.448,
21.914,22.922,22.418,22.418,22.166,22.67,22.67,22.922,23.174,24.433,24.433,24.433,24.433,24.433,24.685,24.685,24.685,24.685,24.685,24.685,24.937,25.441,25.441,26.448,
22.418,23.174,24.181,24.433,24.181,22.922,22.922,22.922,23.174,24.433,24.433,24.433,25.441,25.441,25.693,25.693,25.693,25.693,25.693,25.693,25.693,26.448,26.448,26.448,
23.174,23.174,24.433,24.433,24.181,24.181,24.181,25.189,25.441,25.441,25.441,25.441,25.441,26.448,26.448,26.448,26.448,25.693,25.693,25.693,25.693,26.448,26.448,26.448,
24.937,25.945,25.441,25.441,25.441,25.441,25.441,26.448,26.448,26.448,26.448,26.448,26.448,26.448,26.448,26.448,26.448,25.693,25.693,25.693,25.693,26.448,26.448,26.448,
26.196,26.448,26.448,26.448,26.448,26.448,26.448,26.448,26.448,26.448,26.448,26.448,26.448,26.448,26.448,26.448,26.448,26.448,26.448,26.448,26.448,26.448,26.448,26.448,
26.448,26.448,26.448,26.448,26.448,26.448,26.448,26.448,26.448,26.448,26.448,26.448,26.448,26.448,26.448,26.448,26.448,26.448,26.448,26.448,26.448,26.448,26.448,26.448,
26.448,26.448,26.448,26.448,26.448,26.448,26.448,26.448,26.448,26.448,26.448,26.448,26.448,26.448,26.448,26.448,26.448,26.448,26.448,26.448,26.448,26.448,26.448,26.448,
26.448,26.448,26.448,26.448,26.448,26.448,26.448,26.448,26.448,26.448,26.448,26.448,26.448,26.448,26.448,26.448,26.448,26.448,26.448,26.448,26.448,26.448,26.448,26.448,
26.448,26.448,26.448,26.448,26.448,26.448,26.448,26.448,26.448,26.448,26.448,26.448,26.448,26.448,26.448,26.448,26.448,26.448,26.448,26.448,26.448,26.448,26.448,26.448,
26.448,26.448,26.448,26.448,26.448,26.448,26.448,26.448,26.448,26.448,26.448,26.448,26.448,26.448,26.448,26.448,26.448,26.448,26.448,26.448,26.448,26.448,26.448,26.448,
26.448,26.448,26.448,26.448,26.448,26.448,26.448,26.448,26.448,26.448,26.448,26.448,26.448,26.448,26.448,26.448,26.448,26.448,26.448,26.448,26.448,26.448,26.448,26.448,
26.448,26.448,26.448,26.448,26.448,26.448,26.448,26.448,26.448,26.448,26.448,26.448,26.448,26.448,26.448,26.448,26.448,26.448,26.448,26.448,26.448,26.448,26.448,26.448,
26.448,26.448,26.448,26.448,26.448,26.448,26.448,26.448,26.448,26.448,26.448,26.448,26.448,26.448,26.448,26.448,26.448,26.448,26.448,26.448,26.448,26.448,26.448,26.448,
26.448,26.448,26.448,26.448,26.448,26.448,26.448,26.448,26.448,26.448,26.448,26.448,26.448,26.448,26.448,26.448,26.448,26.448,26.448,26.448,26.448,26.448,26.448,26.448,

37.209,39.826,39.535,39.244,41.279,41.279,41.279,39.535,38.372,38.081,37.791,37.5,38.372,38.953,38.953,39.244,39.244,39.535,39.535,39.826,39.826,39.826,39.826,39.826,
37.5,39.826,39.535,39.244,41.279,41.279,41.279,39.535,38.372,38.081,37.791,37.5,38.372,38.953,38.953,39.244,39.244,39.535,39.535,39.826,39.826,39.826,39.826,39.826,
37.5,39.826,39.535,39.244,41.279,41.279,41.279,39.535,38.372,38.081,37.791,37.5,38.372,38.953,38.953,39.244,39.244,39.535,39.535,39.826,39.826,39.826,39.826,39.826,
37.791,39.826,39.535,39.244,41.279,41.279,41.279,39.535,38.372,38.081,37.791,37.5,38.372,38.953,38.953,39.244,39.244,39.535,39.535,39.826,39.826,39.826,39.826,39.826,
37.791,40.116,39.535,38.663,40.988,40.988,40.988,39.535,38.372,38.081,37.791,37.5,38.372,38.953,38.953,39.244,39.244,39.535,39.535,39.826,39.826,39.826,39.826,39.826,
37.5,40.116,39.535,38.663,40.988,40.988,40.988,39.826,38.663,38.081,37.791,37.5,38.372,38.953,38.953,39.244,39.244,39.535,39.535,39.826,39.826,39.826,39.826,39.826,
37.791,40.116,39.535,38.663,40.988,40.988,40.988,39.826,38.663,38.081,37.791,37.791,38.663,39.244,39.244,39.535,39.535,39.826,39.826,40.116,40.116,40.116,40.116,40.116,
37.5,39.826,39.826,38.953,40.988,40.988,40.988,39.826,38.663,38.081,37.791,37.791,38.663,39.244,39.244,39.535,39.535,40.407,40.407,40.698,40.698,40.698,40.698,40.698,
38.081,40.407,39.826,38.953,40.988,41.279,40.988,39.826,38.663,38.372,38.081,37.791,38.663,39.244,40.116,40.407,40.407,40.407,40.407,40.698,40.698,40.698,40.698,40.698,
38.081,40.407,39.535,38.663,40.698,40.988,40.698,39.826,38.953,38.372,38.081,37.791,38.663,39.244,40.407,40.698,40.698,41.279,41.279,41.279,41.279,41.279,41.279,41.279,
38.081,40.116,39.244,38.663,40.407,40.698,40.698,40.116,39.244,38.663,38.372,37.791,38.663,39.244,40.407,40.698,40.698,41.279,41.279,41.279,41.279,41.279,41.279,41.279,
38.081,40.116,39.244,38.663,40.407,40.698,40.698,40.116,39.244,38.663,38.372,37.791,39.244,39.826,40.988,41.279,41.279,41.279,41.279,41.279,41.279,41.279,41.279,41.279,
38.372,40.698,39.535,38.953,40.407,40.698,41.279,41.279,40.116,39.535,39.244,38.663,39.535,40.116,40.988,41.279,41.279,41.279,41.279,41.279,41.279,41.279,41.279,41.279,
38.372,40.698,39.535,38.953,40.407,40.988,41.57,41.86,40.698,40.116,39.535,39.535,40.407,40.988,41.279,41.279,41.279,41.279,41.279,41.279,41.279,41.279,41.279,41.279,
39.244,40.698,39.535,38.953,40.407,41.279,41.86,42.151,40.698,40.116,39.535,39.535,40.407,40.988,41.279,41.279,41.279,41.279,41.279,41.279,41.279,41.279,41.279,41.279,
39.244,40.698,38.953,39.244,40.698,41.57,42.151,42.442,40.988,39.826,39.535,39.244,40.407,40.988,41.57,41.57,41.57,41.57,41.57,41.57,41.57,41.57,41.57,41.57,
38.663,40.116,38.953,39.244,40.698,41.86,41.86,42.151,41.279,39.826,39.826,39.244,40.407,40.988,41.57,41.57,41.57,41.57,41.57,41.57,41.57,41.57,41.57,41.57,
39.244,40.407,39.244,39.244,40.698,41.86,41.86,42.151,41.86,40.407,40.407,39.244,40.407,40.988,41.57,41.57,41.57,41.57,41.57,41.57,41.57,41.57,41.57,41.57,
39.244,40.407,39.535,39.826,40.988,42.733,42.733,42.151,41.279,40.407,40.407,39.244,40.988,40.988,41.57,41.57,41.57,41.57,41.57,41.57,41.57,41.57,41.57,41.57,
39.244,40.698,39.535,39.826,40.988,42.733,42.733,42.151,41.279,41.279,41.279,40.116,40.988,40.988,41.57,41.57,41.57,41.57,41.57,41.57,41.57,41.57,41.57,41.57,
39.535,40.698,39.535,39.826,40.988,42.733,42.733,42.442,41.279,41.279,41.279,40.988,40.988,40.988,41.57,41.57,41.57,41.57,41.57,41.57,41.57,41.57,41.57,41.57,
40.407,40.698,39.826,39.244,40.116,41.57,42.151,42.442,41.279,41.279,41.279,40.988,40.988,40.988,41.57,41.57,41.57,41.57,41.57,41.57,41.57,41.57,41.57,41.57,
40.407,40.407,40.407,39.826,40.116,41.57,42.151,42.442,41.279,41.279,41.279,40.988,40.988,40.988,41.57,41.57,41.57,41.57,41.57,41.57,41.57,41.57,41.57,41.57,
41.279,41.57,40.407,40.698,40.988,42.151,42.151,42.442,41.279,41.279,41.279,40.988,40.988,40.988,41.57,41.57,41.57,41.57,41.57,41.57,41.57,41.57,41.57,41.57,
41.279,41.279,42.151,40.698,40.988,42.151,42.151,42.442,41.279,41.279,41.279,40.988,40.988,40.988,41.57,41.57,41.57,41.57,41.57,41.57,41.57,41.57,41.57,41.57,
41.57,41.279,42.151,41.86,41.86,42.151,42.151,42.442,41.279,41.279,41.279,40.988,40.988,40.988,41.57,41.57,41.57,41.57,41.57,41.57,41.57,41.57,41.57,41.57,
41.86,41.57,42.733,41.86,41.86,42.151,42.151,42.442,41.279,41.279,41.279,40.988,40.988,40.988,41.57,41.57,41.57,41.57,41.57,41.57,41.57,41.57,41.57,41.57,
41.86,41.86,42.442,42.442,42.442,42.442,41.86,42.442,41.279,41.279,41.279,40.988,40.988,40.988,41.57,41.57,41.57,41.57,41.57,41.57,41.57,41.57,41.57,41.57,
41.57,41.86,42.442,42.442,42.442,42.442,41.86,42.442,41.57,41.57,41.57,40.988,40.988,40.988,41.57,41.57,41.57,41.57,41.57,41.57,41.57,41.57,41.57,41.57,
41.57,42.733,42.442,42.442,42.442,42.442,42.442,42.442,41.57,41.57,41.57,40.988,40.988,40.988,41.57,41.57,41.57,41.57,41.57,41.57,41.57,41.57,41.57,41.57,
41.57,42.733,42.442,42.442,42.442,42.442,42.442,42.442,41.57,41.57,41.57,40.988,40.988,40.988,41.57,41.57,41.57,41.57,41.57,41.57,41.57,41.57,41.57,41.57,
42.151,42.733,42.442,42.442,42.442,42.442,42.442,42.442,41.57,41.57,41.57,40.988,40.988,40.988,41.57,41.57,41.57,41.57,41.57,41.57,41.57,41.57,41.57,41.57,
41.86,42.733,42.442,42.442,42.442,42.442,42.442,42.442,41.57,41.57,41.57,40.988,40.988,40.988,41.57,41.57,41.57,41.57,41.57,41.57,41.57,41.57,41.57,41.57,
42.442,42.733,42.442,42.442,42.442,42.442,42.442,42.442,41.57,41.57,41.57,40.988,40.988,40.988,41.57,41.57,41.57,41.57,41.57,41.57,41.57,41.57,41.57,41.57,
42.442,42.733,42.442,42.442,42.442,42.442,42.442,42.442,41.57,41.57,41.57,40.988,40.988,40.988,41.57,41.57,41.57,41.57,41.57,41.57,41.57,41.57,41.57,41.57,
42.442,42.733,42.442,42.442,42.442,42.442,42.442,42.442,41.57,41.57,41.57,40.988,40.988,40.988,41.57,41.57,41.57,41.57,41.57,41.57,41.57,41.57,41.57,41.57,
42.442,42.733,42.442,42.442,42.442,42.442,42.442,42.442,41.57,41.57,41.57,40.988,40.988,40.988,41.57,41.57,41.57,41.57,41.57,41.57,41.57,41.57,41.57,41.57,
42.442,42.733,42.442,42.442,42.442,42.442,42.442,42.442,41.57,41.57,41.57,40.988,40.988,40.988,41.57,41.57,41.57,41.57,41.57,41.57,41.57,41.57,41.57,41.57,
42.442,42.733,42.442,42.442,42.442,42.442,42.442,42.442,41.57,41.57,41.57,40.988,40.988,40.988,41.57,41.57,41.57,41.57,41.57,41.57,41.57,41.57,41.57,41.57,
42.442,42.733,42.442,42.442,42.442,42.442,42.442,42.442,41.57,41.57,41.57,40.988,40.988,40.988,41.57,41.57,41.57,41.57,41.57,41.57,41.57,41.57,41.57,41.57,
42.442,42.733,42.442,42.442,42.442,42.442,42.442,42.442,41.57,41.57,41.57,40.988,40.988,40.988,41.57,41.57,41.57,41.57,41.57,41.57,41.57,41.57,41.57,41.57,
42.442,42.733,42.442,42.442,42.442,42.442,42.442,42.442,41.57,41.57,41.57,40.988,40.988,40.988,41.57,41.57,41.57,41.57,41.57,41.57,41.57,41.57,41.57,41.57,
42.442,42.733,42.442,42.442,42.442,42.442,42.442,42.442,41.57,41.57,41.57,40.988,40.988,40.988,41.57,41.57,41.57,41.57,41.57,41.57,41.57,41.57,41.57,41.57,
42.442,42.733,42.442,42.442,42.442,42.442,42.442,42.442,41.57,41.57,41.57,40.988,40.988,40.988,41.57,41.57,41.57,41.57,41.57,41.57,41.57,41.57,41.57,41.57,
42.442,42.733,42.442,42.442,42.442,42.442,42.442,42.442,41.57,41.57,41.57,40.988,40.988,40.988,41.57,41.57,41.57,41.57,41.57,41.57,41.57,41.57,41.57,41.57,
42.442,42.733,42.442,42.442,42.442,42.442,42.442,42.442,41.57,41.57,41.57,40.988,40.988,40.988,41.57,41.57,41.57,41.57,41.57,41.57,41.57,41.57,41.57,41.57,
42.442,42.733,42.442,42.442,42.442,42.442,42.442,42.442,41.57,41.57,41.57,41.57,41.57,41.57,41.57,41.57,41.57,41.57,41.57,41.57,41.57,41.57,41.57,41.57,
42.442,42.733,42.442,42.442,42.442,42.442,42.442,42.442,41.57,41.57,41.57,41.57,41.57,41.57,41.57,41.57,41.57,41.57,41.57,41.57,41.57,41.57,41.57,41.57,
42.442,42.733,42.442,42.442,42.442,42.442,42.442,42.442,41.57,41.57,41.57,41.57,41.57,41.57,41.57,41.57,41.57,41.57,41.57,41.57,41.57,41.57,41.57,41.57,
42.442,42.733,42.442,42.442,42.442,42.442,42.442,42.442,41.57,41.57,41.57,41.57,41.57,41.57,41.57,41.57,41.57,41.57,41.57,41.57,41.57,41.57,41.57,41.57,

25.079,27.937,27.619,27.302,25.714,26.349,27.302,26.667,26.667,26.349,27.302,26.667,26.667,29.206,28.254,27.937,26.032,26.032,25.714,26.032,27.619,25.714,25.397,21.587,
25.079,27.937,27.619,27.302,25.714,26.667,27.302,26.667,26.667,26.349,27.302,26.667,26.667,29.206,28.254,27.937,26.032,26.032,25.714,26.032,27.619,25.714,25.397,21.587,
25.079,27.937,27.619,27.302,25.714,26.667,27.302,26.667,26.667,26.349,27.302,26.667,26.667,29.206,28.254,27.937,26.032,26.032,25.714,26.032,27.619,25.714,25.397,21.587,
25.079,27.937,27.619,27.302,25.714,26.667,27.302,26.667,26.667,26.349,27.302,26.667,26.667,29.206,28.254,27.937,26.032,26.032,25.714,26.032,27.619,25.714,25.397,21.587,
25.079,27.937,27.619,27.302,25.714,26.032,26.667,26.667,26.667,26.349,27.302,26.667,26.667,29.206,28.571,28.254,26.032,26.032,25.714,26.032,27.619,25.714,25.397,21.587,
25.714,27.937,27.619,27.302,25.714,26.032,26.667,26.667,26.667,26.349,27.302,26.667,26.667,28.889,28.254,27.937,26.032,26.032,25.714,26.032,27.619,25.714,25.397,21.27,
26.032,28.254,27.619,26.667,25.079,25.397,26.667,26.667,26.667,26.349,27.302,26.667,26.667,28.889,28.254,27.937,26.032,26.032,26.032,26.349,27.937,25.714,25.397,21.27,
26.032,28.254,27.302,26.349,25.079,25.397,26.984,26.984,26.349,26.032,26.984,26.667,26.667,28.571,27.937,27.937,26.349,26.349,26.349,26.349,27.937,25.714,25.397,21.27,
26.032,28.254,27.302,26.349,25.079,25.397,26.984,26.984,26.349,26.032,26.984,26.667,26.667,28.571,27.937,27.937,26.349,26.349,26.349,26.349,27.937,25.714,25.397,21.27,
26.349,28.571,27.619,26.349,25.079,25.397,26.984,26.984,26.349,26.032,27.619,27.302,27.302,29.206,28.571,28.571,26.349,26.349,26.349,26.349,27.937,25.714,25.397,21.27,
26.667,29.206,27.937,26.667,25.079,25.397,26.984,26.984,26.349,26.032,27.619,27.302,27.302,29.206,28.571,28.571,26.349,26.349,26.349,26.349,27.937,25.714,25.397,21.27,
26.667,29.206,27.937,26.667,25.079,25.397,26.984,26.984,26.349,26.032,27.619,27.302,27.302,29.524,28.889,28.571,26.349,26.349,26.349,26.349,27.937,25.714,25.397,21.27,
27.619,30.159,28.889,26.667,25.079,25.397,26.984,26.984,26.349,26.032,27.619,27.302,27.302,29.524,28.889,28.571,26.349,26.349,26.032,26.032,26.032,25.714,25.397,21.27,
27.937,30.159,28.889,26.667,25.079,25.397,26.667,26.667,26.349,26.032,27.619,27.302,27.302,29.524,28.889,28.571,26.349,26.349,26.032,26.032,26.032,25.714,25.397,21.27,
27.302,29.841,28.254,26.032,25.079,24.762,26.032,26.667,26.349,26.032,27.619,27.302,27.302,29.524,28.889,28.571,26.349,26.349,26.032,26.032,26.032,25.714,25.397,21.27,
27.302,29.841,28.254,25.397,24.127,23.81,25.397,26.667,26.349,26.032,27.619,27.302,27.302,29.524,28.889,28.571,26.349,26.349,26.032,26.032,26.032,25.714,25.397,21.27,
27.302,29.841,28.254,25.397,24.127,23.81,26.032,27.302,26.984,26.667,27.619,27.302,27.302,29.524,28.889,28.571,26.349,26.349,26.032,26.032,26.032,25.714,25.397,21.27,
27.937,29.841,28.254,25.397,24.127,23.81,26.032,27.302,26.984,26.667,27.619,27.302,27.302,29.524,28.889,28.571,26.349,26.349,26.032,26.032,26.032,25.714,25.397,21.27,
27.619,28.889,27.619,25.397,24.127,23.81,26.032,26.667,26.349,26.032,26.984,27.302,27.302,29.524,28.889,28.571,26.349,26.349,26.032,26.032,26.032,25.714,25.397,21.27,
27.619,28.889,27.619,25.397,24.444,23.81,26.032,26.667,26.349,26.032,26.984,27.302,27.302,29.524,28.889,28.571,26.349,26.349,26.032,26.032,26.032,25.714,25.397,21.27,
27.302,28.571,27.302,25.397,24.444,23.81,25.714,26.349,26.032,25.714,26.984,27.302,27.302,29.524,28.889,28.254,26.032,26.032,25.714,25.714,25.714,25.397,25.079,21.27,
27.302,28.571,27.302,25.397,24.444,24.127,25.714,26.349,26.032,26.349,27.619,27.302,27.302,29.524,28.889,28.254,26.349,26.349,25.714,25.714,25.714,25.397,25.079,21.27,
27.302,28.571,27.302,25.079,24.762,24.444,25.714,26.349,26.032,26.349,27.619,27.302,27.302,29.524,28.889,28.254,26.032,26.032,25.397,25.397,27.302,25.714,25.397,21.27,
26.984,27.937,26.984,25.079,24.762,24.444,25.397,26.349,26.032,26.349,27.619,27.302,27.302,29.524,28.889,28.254,26.032,26.032,25.397,25.397,27.302,25.714,25.397,21.27,
26.984,27.937,26.984,25.079,24.762,24.444,25.397,26.349,26.032,26.349,27.619,27.302,27.302,29.524,28.889,27.937,25.714,25.714,25.079,25.397,27.302,25.714,25.397,21.27,
26.984,27.937,26.984,25.079,24.444,24.127,25.397,26.349,25.714,26.032,27.302,26.984,26.984,29.206,28.889,28.254,26.032,26.032,25.397,25.397,27.302,25.714,25.397,21.27,
26.349,26.984,26.667,25.079,25.079,24.762,25.714,26.032,25.397,25.714,26.984,26.349,26.349,28.889,28.571,27.937,26.032,26.032,25.397,25.397,27.302,25.714,25.397,21.27,
25.714,26.984,26.667,25.397,25.079,24.762,25.714,26.032,25.079,25.397,26.667,26.032,26.032,28.571,28.254,27.619,25.714,25.714,25.397,25.397,27.302,25.714,25.397,21.27,
25.714,26.984,26.667,26.032,25.079,24.762,25.714,26.032,25.079,25.397,26.667,26.032,26.032,28.571,27.937,27.302,25.397,25.397,25.397,25.397,27.302,25.714,25.397,21.27,
25.714,26.349,26.667,26.032,25.079,24.127,24.127,25.397,24.444,24.762,26.032,26.032,26.032,28.571,27.937,27.302,25.397,25.397,25.397,25.397,27.302,25.714,25.397,21.27,
26.349,26.349,26.667,25.397,24.127,23.81,24.127,25.397,24.444,24.762,26.032,26.032,26.032,28.571,28.254,27.619,25.397,25.397,25.397,25.397,27.302,25.714,25.397,21.27,
25.397,25.714,26.349,25.079,23.492,23.175,24.127,25.397,23.81,24.127,25.397,24.127,24.127,26.667,26.984,26.349,23.81,23.81,23.81,23.81,25.714,25.397,25.079,21.27,
25.079,25.714,26.349,25.079,23.492,23.175,24.127,25.397,23.81,24.127,24.762,24.127,24.127,25.714,26.032,25.397,22.857,22.857,22.857,22.857,24.762,24.444,24.127,21.27,
25.079,25.714,25.079,24.127,22.54,22.54,23.175,24.127,23.492,22.54,23.175,23.81,23.81,25.397,25.714,25.397,22.857,22.857,22.857,22.857,24.762,24.444,24.127,21.27,
24.762,25.397,24.127,23.175,21.587,21.27,22.222,23.175,22.222,22.222,22.857,23.492,23.492,25.079,25.714,25.397,23.175,23.175,23.175,23.175,25.079,24.762,24.444,21.587,
24.127,25.079,23.175,22.222,21.587,21.27,22.222,23.175,22.222,22.222,22.857,23.492,23.492,25.079,25.714,25.397,23.175,23.175,23.175,23.175,25.079,24.762,24.444,21.587,
22.54,24.127,23.175,22.222,21.587,20.952,22.222,23.175,22.222,22.222,22.54,23.175,23.175,24.127,24.762,24.444,22.222,22.222,22.222,22.222,24.127,23.81,23.492,21.587,
22.54,24.127,23.175,22.222,21.587,20.952,22.222,23.175,22.54,22.54,22.857,22.54,22.54,24.127,24.762,24.444,22.222,22.222,22.222,22.222,24.127,23.81,23.492,21.587,
22.857,24.127,23.175,22.222,21.587,21.27,22.54,23.492,22.857,22.857,22.857,22.54,22.54,23.492,24.127,24.444,22.222,22.222,22.222,22.222,24.127,23.81,23.492,21.587,
22.857,24.762,24.127,23.492,22.857,21.587,23.175,24.127,22.857,22.857,22.857,22.54,22.54,23.492,24.127,24.444,22.222,22.222,22.222,22.222,24.127,23.81,23.492,21.587,
22.222,24.127,24.127,23.81,22.857,21.587,22.857,23.81,22.857,22.857,22.857,22.54,22.54,23.492,24.127,24.444,22.222,22.222,22.222,22.222,22.857,23.81,23.492,21.587,
22.54,24.444,24.762,24.444,22.54,21.27,22.54,23.492,22.54,22.54,22.54,22.222,22.222,23.175,23.81,24.444,22.222,22.222,22.222,22.222,22.857,23.81,23.492,21.587,
24.127,26.032,26.032,25.714,23.81,22.54,23.81,24.762,23.81,23.81,23.81,23.492,23.492,24.127,25.397,26.032,23.81,23.81,23.81,23.81,23.81,24.762,24.444,22.54,
23.81,25.079,25.079,24.444,23.175,22.54,22.857,24.127,23.81,23.81,23.81,23.492,23.492,24.127,25.397,25.397,23.175,23.175,23.175,23.175,23.175,23.81,23.81,22.54,
23.175,25.079,25.079,25.079,23.81,23.175,23.492,23.81,23.492,23.492,23.492,23.175,23.175,23.175,23.492,23.175,21.905,21.905,21.905,21.905,21.905,22.54,22.54,22.222,
22.54,24.444,24.444,24.444,23.175,22.54,22.857,23.175,22.857,22.857,22.857,22.54,22.54,22.54,22.857,22.54,21.905,21.905,21.905,21.905,21.905,22.54,22.54,22.222,
24.127,25.079,25.079,25.079,23.81,22.857,23.492,23.81,23.175,23.175,23.175,22.857,22.857,22.222,21.905,21.587,21.587,21.587,21.587,21.587,21.587,22.222,22.222,22.222,
23.492,24.444,24.444,24.444,23.175,22.857,22.857,23.175,23.175,23.175,23.175,22.857,22.857,22.222,21.587,21.27,21.27,21.27,21.27,21.27,21.27,21.905,21.905,21.27,
22.222,23.175,23.175,23.81,23.492,23.175,23.175,23.492,23.492,23.492,23.492,23.175,23.175,22.54,20.635,20.635,20.635,20.635,20.635,20.635,20.635,20.635,20.635,20.635,
22.222,23.175,23.175,23.175,22.857,22.54,22.54,22.857,22.857,22.857,22.857,22.54,22.54,22.222,20.952,21.27,21.27,21.27,21.27,21.27,21.27,21.27,21.27,21.27,

34.688,35.0,33.125,33.75,31.875,30.625,31.25,32.188,35.313,35.0,31.875,36.563,36.563,37.188,36.563,35.625,36.563,36.563,36.563,35.938,35.938,35.0,34.688,32.5,
34.688,35.0,33.125,33.75,31.875,30.625,31.25,32.188,35.313,35.0,31.875,36.563,36.563,37.188,36.563,35.625,36.563,36.563,36.563,35.938,35.938,35.0,34.688,32.5,
34.688,35.0,33.125,33.75,31.875,30.625,31.25,32.188,35.313,35.0,31.875,36.563,36.563,37.188,36.563,35.625,36.563,36.563,36.563,35.938,35.938,35.0,34.688,32.5,
34.688,35.0,33.125,33.75,31.875,30.625,31.25,32.188,35.313,35.0,31.875,36.563,36.563,37.188,36.563,35.625,36.563,36.563,36.563,35.938,35.938,35.0,34.688,32.5,
34.688,35.0,33.125,33.75,31.875,30.625,31.25,32.188,33.75,35.0,31.875,36.563,36.563,37.188,36.563,35.625,36.563,36.563,36.563,35.938,35.938,35.0,34.688,32.5,
34.688,35.0,33.125,33.75,31.875,30.625,31.25,32.188,33.75,35.0,31.875,36.563,36.563,37.188,36.563,36.563,36.563,36.563,36.563,35.938,35.938,35.0,34.688,32.5,
35.625,35.313,33.438,34.063,31.25,30.625,31.25,32.188,33.75,35.0,32.5,37.188,36.875,37.188,36.563,36.563,36.563,36.563,36.563,35.938,35.938,35.0,34.688,32.5,
35.625,35.313,33.438,34.063,32.5,30.625,31.25,32.188,33.75,35.0,32.5,37.188,36.875,37.188,36.563,36.563,36.563,36.563,36.563,35.938,35.938,35.0,34.688,32.5,
35.938,34.688,32.813,33.438,32.5,30.938,31.563,32.5,33.75,35.0,32.5,37.188,36.875,37.188,36.563,36.563,36.563,36.563,36.563,35.938,35.938,35.0,34.688,31.875,
35.313,34.688,33.125,33.438,32.5,30.938,31.563,32.5,33.75,35.313,32.813,37.188,36.875,37.188,36.563,36.563,36.563,36.563,36.563,35.938,35.938,35.0,34.688,31.875,
35.625,35.0,32.813,33.125,32.5,30.938,31.563,32.5,33.75,35.313,32.813,37.188,36.875,37.188,36.563,36.563,36.563,36.563,36.563,35.938,35.938,35.0,34.688,31.875,
35.313,34.688,32.5,32.813,32.5,32.188,31.563,32.5,33.75,35.313,32.813,37.188,36.875,37.188,36.563,36.563,36.563,36.563,36.563,35.938,35.938,35.0,34.688,31.875,
35.0,34.375,31.875,32.813,32.5,32.188,31.563,32.5,33.75,35.313,32.813,37.188,36.875,37.188,36.563,36.563,36.563,36.563,36.563,35.938,35.938,35.0,34.688,31.875,
35.0,34.063,31.563,32.5,32.188,31.875,31.25,32.188,33.75,35.313,32.813,36.563,36.25,36.563,36.563,36.563,36.563,36.563,36.563,35.938,35.938,35.0,34.375,31.563,
35.0,33.75,31.563,33.75,32.188,32.188,31.563,32.188,33.75,35.313,32.813,36.563,36.25,36.563,36.563,36.563,36.563,36.563,36.563,35.938,35.938,35.0,34.375,31.563,
34.063,33.75,31.563,33.75,32.188,33.125,32.5,33.125,33.75,35.313,32.813,36.563,36.25,36.563,36.563,36.563,36.563,36.563,36.563,35.938,35.938,35.313,34.688,31.875,
34.375,34.063,31.563,33.75,32.5,33.125,32.5,33.125,33.75,35.313,33.438,36.563,36.25,36.563,36.563,36.563,36.563,36.563,36.563,35.938,35.938,35.313,34.688,31.875,
34.063,33.75,31.875,32.813,32.5,33.125,32.5,33.125,33.75,35.313,33.438,36.563,36.25,36.563,36.563,36.563,36.563,36.563,36.563,35.313,35.313,34.688,34.063,31.25,
33.75,33.125,32.813,32.813,32.5,33.125,32.5,33.125,33.75,35.625,32.5,35.625,35.313,35.625,35.625,35.625,35.625,35.625,35.625,34.375,34.375,33.75,34.063,31.25,
33.125,32.5,32.188,32.813,32.5,33.125,32.5,33.75,33.75,35.625,32.5,35.625,35.313,35.625,35.625,35.625,35.625,35.625,35.625,34.375,34.375,33.75,34.063,31.25,
33.125,32.5,32.188,32.813,32.5,33.75,33.438,33.75,34.063,35.625,33.125,35.625,35.313,35.625,35.625,35.625,35.625,35.625,35.625,34.375,34.375,33.75,34.063,31.25,
32.813,32.188,32.188,32.813,32.813,32.5,33.438,33.75,33.438,35.625,33.125,35.625,34.063,34.375,35.0,35.0,35.0,35.0,35.0,33.75,33.75,33.125,33.438,31.25,
32.813,32.188,32.188,33.125,32.813,32.5,33.438,33.438,33.125,35.0,32.813,34.688,33.438,33.75,34.375,34.375,34.375,34.375,34.375,33.125,33.125,32.5,32.813,31.25,
32.813,32.188,32.188,33.125,33.75,33.438,33.438,33.438,33.438,35.313,33.438,35.0,33.75,33.75,34.375,34.375,34.375,34.375,34.375,33.125,33.125,32.5,32.813,31.25,
32.813,31.563,32.188,33.125,33.75,33.438,33.438,33.438,33.438,35.313,33.438,35.0,34.063,33.75,34.375,34.375,34.375,34.375,34.375,33.125,33.125,32.5,32.813,31.25,
32.188,30.938,32.813,34.063,33.75,33.438,33.438,33.125,33.125,35.313,33.438,33.438,33.75,33.75,34.375,34.063,34.063,34.063,34.063,32.813,32.813,32.5,32.813,31.25,
32.188,30.938,33.75,33.75,33.75,33.438,33.438,33.125,33.125,35.313,33.125,33.438,33.75,33.75,34.375,34.063,34.063,34.063,34.063,32.813,32.813,32.5,32.813,31.25,
32.188,30.938,33.438,32.5,32.5,33.75,33.75,33.438,33.125,35.313,33.125,33.438,33.75,33.75,34.375,34.063,34.063,34.063,34.063,32.813,32.813,32.5,32.813,31.25,
31.875,30.938,33.125,32.5,33.125,33.75,33.75,33.438,33.125,35.313,33.125,32.188,32.5,32.5,33.125,34.063,34.063,34.063,34.063,32.813,32.813,32.5,32.813,31.25,
32.188,30.625,32.188,32.5,33.125,33.75,33.75,33.438,33.125,35.313,33.125,32.188,31.875,31.875,32.5,33.438,33.438,33.438,33.438,32.188,32.188,31.875,32.188,31.25,
32.188,30.625,33.438,33.75,33.75,34.375,34.375,34.375,34.375,35.313,33.125,32.188,31.875,31.875,32.813,33.75,33.75,33.75,33.75,32.5,32.5,32.188,32.5,31.563,
31.25,31.25,34.063,33.75,33.75,34.063,34.063,34.063,34.063,35.313,31.875,32.188,31.875,31.875,32.813,33.75,33.75,33.75,33.75,32.5,32.5,32.188,32.5,31.563,
31.25,32.188,33.125,34.063,33.438,34.063,34.063,34.063,34.375,35.0,31.563,32.188,31.875,31.875,32.813,33.75,33.75,33.75,33.75,32.5,32.5,32.188,32.5,31.563,
31.563,32.188,33.125,33.438,33.438,34.063,34.063,34.063,34.375,35.0,32.188,32.5,32.188,32.188,32.813,33.75,33.75,33.75,33.75,32.5,32.5,32.188,32.5,31.563,
32.188,30.938,32.5,33.125,34.063,34.375,34.375,34.375,34.375,35.313,31.563,32.188,32.188,32.188,32.813,33.75,33.75,33.75,33.75,32.5,32.5,32.188,32.5,32.188,
31.875,30.625,31.563,32.5,33.438,34.063,34.063,34.063,34.063,35.313,31.875,32.5,32.5,31.875,32.5,33.438,33.438,33.438,33.438,33.438,33.438,33.125,33.125,32.813,
31.563,30.625,31.875,33.125,34.063,34.688,34.688,34.688,34.688,34.688,31.25,31.875,31.875,31.875,32.5,33.438,33.438,33.438,33.438,33.438,33.438,33.125,33.125,32.813,
32.5,30.313,32.813,33.125,34.063,34.688,34.688,34.688,34.688,34.688,31.25,32.5,32.5,32.5,32.5,33.438,33.438,33.438,33.438,33.438,33.438,33.125,33.125,32.813,
32.188,30.0,32.5,33.438,33.75,33.438,33.438,33.438,34.063,34.688,32.188,32.188,32.188,32.188,32.188,33.125,33.125,33.125,33.125,33.125,33.125,32.813,32.813,32.813,
33.75,32.5,32.5,32.813,32.5,32.813,32.813,32.813,34.375,35.0,32.188,32.188,32.188,32.188,32.188,33.125,33.125,33.125,33.125,33.125,33.125,32.813,32.813,32.813,
34.063,33.125,33.125,33.125,33.125,33.438,33.438,33.438,34.688,35.0,32.188,32.188,32.188,32.188,32.188,33.125,33.125,33.125,33.125,33.125,33.125,32.813,32.813,32.813,
33.438,33.125,33.438,33.438,33.438,33.438,33.438,33.438,34.688,34.688,31.875,32.188,32.188,32.188,32.188,33.125,33.125,33.125,33.125,33.125,33.125,32.813,32.813,32.813,
32.813,32.813,33.438,33.438,33.438,33.438,33.438,33.438,34.688,34.688,31.875,32.188,32.188,32.188,32.188,33.125,33.125,33.125,33.125,33.125,33.125,32.813,32.813,32.813,
32.813,32.813,34.063,34.063,34.063,34.063,34.063,34.063,35.313,35.313,31.875,32.188,32.188,32.188,32.188,33.125,33.125,33.125,33.125,33.125,33.125,32.813,32.813,32.813,
33.125,33.125,34.063,34.063,34.063,34.063,34.063,34.063,33.438,33.438,30.0,30.313,30.313,30.313,30.313,31.25,31.25,31.25,31.25,31.25,31.25,31.25,31.25,31.25,
34.063,34.063,34.063,34.063,34.063,34.063,34.063,34.063,33.438,33.438,30.0,30.313,30.313,30.313,30.313,31.25,31.25,31.25,31.25,31.25,31.25,31.25,31.25,31.25,
34.063,34.063,34.063,34.063,34.063,34.063,34.063,34.063,33.438,33.438,30.0,30.313,30.313,30.313,30.313,31.25,31.25,31.25,31.25,31.25,31.25,31.25,31.25,31.25,
34.063,34.063,34.063,34.063,34.063,34.063,34.063,34.063,33.438,33.438,30.938,31.25,31.25,31.25,31.25,31.25,31.25,31.25,31.25,31.25,31.25,31.25,31.25,31.25,
34.063,34.063,34.063,34.063,34.063,34.063,34.063,34.063,33.438,33.438,30.938,31.25,31.25,31.25,31.25,31.25,31.25,31.25,31.25,31.25,31.25,31.25,31.25,31.25,
34.063,34.063,34.063,34.063,34.063,34.063,34.063,34.063,33.438,33.438,30.938,31.25,31.25,31.25,31.25,31.25,31.25,31.25,31.25,31.25,31.25,31.25,31.25,31.25,

28.378,29.392,32.432,33.108,33.446,33.108,33.784,33.784,33.446,30.405,31.081,33.446,33.108,33.784,32.77,34.797,34.459,34.797,35.135,35.811,35.811,35.811,34.122,33.446,
28.378,29.392,32.432,33.108,33.446,33.108,33.784,33.784,33.446,30.405,31.081,33.446,33.108,33.784,32.77,34.797,34.459,34.797,35.135,35.811,35.811,35.811,34.122,33.446,
28.378,29.392,32.432,33.108,33.446,33.108,33.784,33.784,33.446,30.405,31.081,33.446,33.108,33.784,32.77,34.797,34.459,34.797,35.135,35.811,35.811,35.811,34.122,33.446,
28.378,29.392,32.432,33.108,33.446,33.108,33.784,33.784,33.446,30.405,31.081,33.446,33.108,33.784,32.77,34.797,34.459,34.797,35.135,35.811,35.811,35.811,34.122,33.446,
28.378,29.392,32.432,33.108,33.446,33.108,33.446,33.108,33.446,30.405,31.081,32.77,32.432,32.77,31.757,33.784,33.784,34.797,35.135,35.811,35.811,35.811,34.122,33.446,
28.378,29.392,32.432,33.108,33.446,33.108,33.446,33.784,33.446,30.405,31.081,32.77,32.432,32.77,31.757,33.784,33.784,34.797,35.135,35.811,35.811,35.811,34.122,33.446,
28.378,29.392,32.432,33.108,33.446,33.108,33.784,34.797,34.459,31.419,32.095,33.784,33.446,33.446,32.432,33.784,33.784,34.797,35.135,35.811,35.811,35.811,34.122,33.446,
28.378,29.73,32.77,33.446,33.108,32.77,33.446,34.459,34.459,31.757,32.095,33.784,33.446,33.446,32.432,33.784,33.784,34.797,35.135,35.811,35.811,35.811,34.122,33.446,
29.054,30.405,33.108,35.135,33.446,31.757,33.108,35.811,35.473,32.77,33.108,33.784,33.446,33.446,32.432,33.784,33.784,34.797,35.135,35.811,35.811,35.811,34.122,33.446,
29.054,30.405,32.77,34.459,34.122,31.757,33.108,35.473,35.473,32.77,33.108,33.784,33.446,33.446,32.432,33.784,33.784,34.797,35.135,35.811,35.811,35.811,34.122,33.446,
29.054,30.405,33.108,34.797,34.459,32.095,33.446,35.473,35.473,32.77,33.108,33.784,33.446,33.446,32.432,33.784,33.784,34.797,35.135,35.811,35.811,35.811,34.122,33.446,
29.054,30.743,33.784,35.135,35.473,32.77,33.446,35.473,35.473,32.77,33.108,33.784,33.446,33.446,32.095,33.784,33.784,34.797,35.135,35.811,35.811,35.811,34.122,33.446,
28.716,30.743,33.784,34.122,34.797,32.095,33.446,35.473,35.473,32.77,33.108,33.784,33.446,33.446,32.095,33.784,33.784,34.797,35.135,35.811,35.811,35.811,34.122,33.446,
28.716,29.73,33.446,33.108,34.797,32.095,33.446,35.473,35.473,32.77,33.108,33.784,33.446,33.446,32.095,34.122,34.122,35.135,35.473,35.811,35.811,35.811,34.122,33.446,
29.392,30.068,33.446,33.108,34.797,32.095,33.446,35.473,35.473,32.77,33.446,34.122,33.784,33.784,32.432,34.122,34.122,35.135,35.473,35.811,35.811,35.811,34.122,33.446,
29.392,30.068,33.108,33.108,34.797,32.095,34.459,35.473,35.473,32.77,33.446,34.122,33.784,33.784,32.432,34.122,34.122,35.135,35.473,35.811,35.811,35.811,34.122,33.446,
29.392,30.068,33.446,32.77,34.797,32.095,34.459,35.473,35.473,32.77,33.446,34.122,33.784,33.784,32.432,34.122,34.122,35.135,35.473,35.811,35.811,35.811,34.122,33.446,
29.392,29.73,33.108,32.432,34.459,33.108,34.459,35.473,35.473,32.77,33.446,34.122,33.784,33.784,32.432,34.122,34.122,35.135,35.473,35.811,35.811,35.811,34.122,33.446,
29.392,29.73,33.108,32.432,34.459,33.446,34.797,35.473,35.473,32.77,33.446,34.122,33.784,33.784,32.432,34.122,34.122,35.135,35.473,35.811,35.811,35.811,34.122,33.446,
29.054,29.73,33.108,32.432,34.459,33.446,34.797,35.473,35.473,32.77,33.446,34.122,33.784,33.784,32.432,34.122,34.122,35.135,35.473,35.811,35.811,35.811,34.122,33.446,
29.73,30.743,33.446,32.77,34.122,33.108,34.459,35.135,35.473,32.432,33.108,33.784,33.784,33.784,32.432,34.122,34.122,35.135,35.473,35.811,35.811,35.811,34.122,33.446,
29.73,31.081,33.784,33.446,34.459,33.446,34.797,35.473,35.811,33.446,33.446,33.784,33.784,33.784,32.432,34.122,34.122,34.797,35.135,35.473,35.473,35.473,33.784,33.446,
29.73,31.757,34.459,34.122,35.135,33.784,35.135,35.811,36.486,34.122,33.784,34.122,34.122,34.122,32.77,34.459,34.459,35.135,35.473,35.473,35.473,35.473,33.784,33.446,
29.73,32.432,34.459,34.459,35.811,34.459,35.135,36.149,36.824,34.459,34.122,34.459,34.459,34.459,34.459,34.797,34.797,35.473,35.473,35.473,35.473,35.473,33.784,33.446,
30.743,34.459,34.797,34.797,35.811,34.459,35.135,36.149,36.824,34.459,34.122,34.459,34.459,34.459,34.459,34.797,34.797,35.473,35.473,35.473,35.473,35.473,33.784,33.446,
32.095,34.459,34.459,34.797,35.811,34.797,35.473,36.149,36.824,34.459,34.122,34.459,34.459,34.459,34.459,34.797,34.797,35.135,35.135,35.135,35.135,35.135,33.446,33.108,
32.77,35.135,35.811,35.473,35.811,34.797,35.473,36.149,36.824,34.459,34.122,34.459,34.459,34.459,34.459,34.797,34.797,35.135,35.135,35.135,35.135,35.135,33.446,32.77,
32.77,35.135,36.149,35.473,35.135,34.797,35.473,36.149,36.824,34.459,34.122,34.459,34.459,34.459,34.459,34.797,34.797,35.135,35.135,35.135,35.135,35.135,33.446,32.77,
34.122,35.473,36.486,35.811,35.473,35.135,35.811,36.149,36.824,34.459,34.122,34.459,34.459,34.459,34.459,34.797,34.797,35.135,35.135,35.135,35.135,35.135,33.446,32.77,
34.122,36.486,36.149,35.473,35.135,35.135,35.473,35.811,36.149,34.459,34.122,34.459,34.459,34.459,34.459,34.797,34.797,35.135,35.135,35.135,35.135,35.135,33.108,32.77,
34.122,36.486,36.149,35.473,35.135,35.135,35.473,35.811,36.149,34.459,34.122,34.797,34.797,34.797,34.797,34.797,34.797,35.135,35.135,35.135,35.135,35.135,33.108,32.77,
34.122,36.149,36.486,36.149,35.135,35.135,35.473,35.811,36.149,34.459,34.122,34.797,34.797,34.797,34.797,34.797,34.797,35.135,35.135,35.135,35.135,35.135,33.108,32.095,
34.797,36.486,36.486,36.149,35.135,35.135,36.486,35.811,36.149,34.459,34.122,34.797,33.784,33.784,33.784,33.784,33.784,34.122,34.122,34.122,34.122,34.122,32.095,32.095,
34.459,36.486,36.824,36.149,35.135,35.135,36.486,35.811,36.149,34.459,33.108,33.784,33.784,33.784,33.784,33.784,33.784,34.459,34.459,34.459,34.459,34.459,32.432,32.432,
34.797,36.149,36.486,35.811,35.135,35.135,36.824,35.811,36.149,34.459,33.108,33.784,33.784,33.784,33.784,33.784,33.784,34.459,34.459,34.459,34.459,34.459,32.432,32.095,
34.122,35.473,35.811,35.473,35.135,35.135,36.824,34.459,34.797,33.108,33.108,34.459,33.784,33.784,33.784,33.784,33.784,34.459,34.459,34.459,34.459,34.459,31.757,31.757,
34.459,35.473,36.149,36.486,36.149,36.149,37.838,35.473,35.135,32.432,32.432,33.446,32.77,32.77,32.77,32.77,32.77,33.446,33.446,33.446,33.446,33.446,31.757,31.757,
34.459,36.486,36.824,36.486,36.149,36.149,37.838,34.122,34.459,33.108,33.108,33.446,32.77,32.77,32.77,32.77,32.77,33.446,33.446,33.446,33.446,33.446,31.757,31.757,
35.811,37.162,36.824,36.486,36.149,36.149,36.149,34.122,34.459,33.108,33.108,33.446,32.77,32.77,32.77,32.77,32.77,33.446,33.446,33.446,33.446,33.446,31.757,31.757,
36.486,37.162,37.162,36.486,36.149,36.149,34.459,33.108,33.446,32.432,32.432,32.432,31.757,31.757,31.757,31.757,31.757,32.432,32.432,32.432,32.432,32.432,31.757,31.757,
35.811,35.135,34.122,33.446,34.122,34.122,34.122,32.77,32.77,32.095,31.419,31.419,30.743,30.743,30.743,30.743,30.743,31.419,31.419,31.419,31.419,31.419,31.419,32.095,
34.122,34.122,34.459,33.784,34.122,33.784,33.108,31.419,31.419,31.419,31.419,31.419,31.419,31.419,31.419,31.419,31.419,31.419,31.419,31.419,31.419,31.419,31.419,32.095,
33.784,34.122,33.784,33.108,33.446,33.784,32.095,31.757,31.757,31.757,31.757,31.757,31.757,31.757,31.757,31.757,31.757,31.757,31.757,31.757,31.757,31.757,31.757,32.432,
32.432,32.432,32.432,32.432,31.757,31.757,32.095,31.757,31.757,32.77,32.77,32.77,32.77,32.77,32.77,32.77,32.77,32.77,32.77,32.77,32.77,32.77,32.77,33.446,
32.432,32.432,32.432,31.757,31.757,31.757,33.108,33.446,33.446,33.446,33.446,33.446,33.446,33.446,33.446,33.446,33.446,33.446,33.446,33.446,33.446,33.446,33.446,33.446,
32.77,33.108,32.432,32.77,32.77,33.446,33.446,33.446,33.446,33.446,33.446,33.446,33.446,33.446,33.446,33.446,33.446,33.446,33.446,33.446,33.446,33.446,33.446,33.446,
33.446,33.446,33.446,33.446,33.446,33.446,33.446,33.446,33.446,33.446,33.446,33.446,33.446,33.446,33.446,33.446,33.446,33.446,33.446,33.446,33.446,33.446,33.446,33.446,
33.446,33.446,33.446,33.446,33.446,33.446,33.446,33.446,33.446,33.446,33.446,33.446,33.446,33.446,33.446,33.446,33.446,33.446,33.446,33.446,33.446,33.446,33.446,33.446,
33.446,33.446,33.446,33.446,33.446,33.446,33.446,33.446,33.446,33.446,33.446,33.446,33.446,33.446,33.446,33.446,33.446,33.446,33.446,33.446,33.446,33.446,33.446,33.446,
33.446,33.446,33.446,33.446,33.446,33.446,33.446,33.446,33.446,33.446,33.446,33.446,33.446,33.446,33.446,33.446,33.446,33.446,33.446,33.446,33.446,33.446,33.446,33.446,

29.655,31.034,33.103,32.069,33.448,35.172,35.172,34.138,35.517,35.172,36.207,36.207,35.517,34.828,34.828,34.483,33.448,34.138,36.897,36.897,36.207,34.483,34.828,35.172,
29.655,31.034,33.448,32.069,33.448,35.172,35.172,34.138,35.517,35.172,36.207,36.207,35.517,34.828,34.828,34.483,33.103,33.793,36.552,36.897,36.207,34.483,34.828,35.172,
29.655,31.034,33.103,31.379,33.448,35.172,35.172,34.138,35.517,35.172,36.207,36.207,35.517,34.828,34.828,34.483,33.103,33.793,36.552,36.897,36.207,34.483,34.828,35.172,
29.655,31.034,33.103,31.379,33.448,35.172,35.172,34.138,35.517,34.828,35.862,35.862,35.172,34.483,34.483,34.138,32.759,33.448,36.207,36.552,36.207,34.483,34.828,35.172,
29.655,31.034,33.103,32.069,33.448,35.172,35.172,34.138,35.517,34.828,35.862,35.862,35.172,34.483,34.483,34.138,32.759,33.448,36.207,36.552,36.207,34.483,34.828,35.172,
29.655,31.034,33.103,32.069,33.448,35.172,35.172,34.138,35.172,34.483,35.517,35.862,35.172,34.483,34.483,34.138,32.759,33.448,36.207,36.552,36.207,34.483,34.828,35.172,
29.31,30.69,32.759,32.414,33.448,35.172,34.828,33.793,34.828,34.138,35.517,35.862,35.172,34.483,34.483,34.138,32.759,33.103,35.862,36.207,35.862,34.483,34.483,35.172,
29.31,30.69,32.759,32.069,33.103,34.828,34.483,33.793,34.828,34.138,35.517,35.862,35.172,34.483,34.483,34.138,32.759,33.103,35.862,36.207,35.862,34.483,34.483,35.172,
29.31,31.034,33.103,32.414,33.103,34.828,34.483,33.793,34.828,34.138,35.517,34.828,34.138,33.793,34.138,33.793,33.448,33.793,36.552,36.207,35.862,34.483,34.483,35.172,
29.31,31.034,32.414,32.069,32.759,34.483,34.138,33.793,34.828,34.138,35.517,34.483,33.793,33.793,34.138,33.793,33.448,33.793,36.552,36.207,35.862,34.483,34.483,35.172,
29.31,31.034,32.069,31.379,32.759,33.793,33.448,33.103,34.483,34.483,35.862,34.828,34.138,34.138,34.483,34.138,33.793,33.793,36.552,36.207,35.862,34.483,34.483,35.172,
29.31,30.345,32.069,33.448,34.138,35.172,34.828,34.483,35.517,34.483,35.862,34.828,34.138,34.138,34.483,34.138,33.793,33.793,36.552,36.207,35.862,34.483,34.483,35.172,
30.0,30.69,31.724,33.448,34.138,35.172,34.828,34.483,35.517,34.483,35.862,34.828,34.138,34.138,34.483,34.138,33.793,33.793,36.552,36.207,35.862,34.483,34.483,35.172,
30.0,31.379,32.414,33.448,34.138,34.483,34.138,33.793,34.828,33.793,35.862,34.828,34.138,34.138,34.483,34.138,33.793,33.793,36.552,36.207,35.862,34.483,34.483,35.172,
30.0,30.345,32.414,33.793,34.138,34.483,34.483,34.138,35.172,34.138,35.862,35.172,34.483,34.483,34.828,34.483,34.138,34.138,36.552,36.207,35.862,34.483,34.483,35.172,
29.655,30.345,31.379,33.793,34.138,34.483,34.483,34.138,35.172,34.138,35.862,35.172,34.483,34.483,34.828,34.483,34.138,34.138,36.552,36.207,35.862,34.828,34.828,35.517,
29.31,30.345,31.379,33.793,34.483,34.828,34.828,34.483,35.517,34.483,36.207,35.517,34.828,34.828,34.828,34.483,34.138,34.138,36.552,36.897,35.862,34.828,34.828,35.517,
29.31,30.345,31.379,34.138,34.138,34.483,35.517,35.172,36.207,36.207,37.931,37.241,36.552,36.552,36.552,36.552,36.207,35.862,36.552,36.897,35.862,34.828,34.828,35.517,
28.966,30.69,31.379,34.483,34.483,34.483,35.517,35.172,36.207,36.207,37.931,37.241,36.552,36.552,36.552,36.552,36.207,35.862,36.552,36.897,35.862,34.828,34.828,35.517,
28.276,30.69,31.379,34.138,34.483,34.483,35.517,35.172,36.207,36.207,37.931,37.241,36.552,36.552,36.552,36.552,36.207,35.862,36.552,36.897,35.862,34.828,34.828,35.517,
28.276,31.034,31.379,34.138,34.483,34.828,35.172,34.828,35.862,35.862,37.586,36.897,36.552,36.552,36.552,36.552,36.207,35.862,36.552,36.897,35.862,34.828,34.828,35.517,
28.621,31.379,31.724,35.172,34.483,35.517,35.172,34.828,35.862,35.862,37.586,36.897,36.552,36.552,36.552,36.552,36.207,35.862,36.552,36.897,35.862,34.828,34.828,35.517,
29.655,32.069,31.379,35.172,34.483,35.517,35.172,34.828,35.862,35.862,37.586,36.897,36.552,36.552,36.552,36.552,36.207,35.862,36.552,36.897,35.862,34.828,34.828,35.517,
29.31,32.414,31.379,35.172,34.483,35.517,35.862,35.517,36.897,36.897,37.586,36.897,36.552,36.552,36.552,36.552,36.207,35.862,36.552,36.897,35.862,34.828,34.828,34.483,
29.31,33.793,32.759,35.172,35.172,35.517,35.862,35.517,35.517,36.897,35.862,35.517,35.172,35.172,35.172,35.172,34.828,35.862,36.552,35.517,35.862,34.138,34.138,33.793,
29.31,33.103,32.759,35.517,35.172,35.517,35.862,35.517,35.517,35.517,34.483,34.138,33.793,33.793,33.793,33.793,33.448,34.483,35.172,34.138,33.793,32.759,32.759,33.103,
29.655,33.103,33.448,35.517,35.172,35.517,35.517,35.517,35.517,35.172,34.138,33.793,33.448,33.448,33.448,33.793,33.448,33.448,34.138,34.138,33.793,32.759,32.069,32.414,
30.0,33.448,33.448,34.483,34.138,34.483,34.483,34.483,34.483,33.793,33.793,33.793,33.448,33.448,33.448,33.793,33.448,33.448,34.138,34.138,33.793,32.759,32.069,32.414,
31.034,33.793,33.103,33.793,33.448,33.793,33.793,33.793,33.793,33.103,33.103,33.103,33.103,33.103,33.103,33.103,32.759,32.759,33.448,33.448,33.103,32.759,32.069,32.414,
32.414,34.138,33.103,32.759,31.724,32.069,32.069,32.069,33.103,32.414,32.414,32.414,32.414,32.414,32.414,32.414,32.069,32.069,32.759,32.069,32.414,32.069,32.069,32.069,
33.103,33.793,33.103,31.724,31.724,32.414,32.069,32.069,33.103,32.414,32.414,32.414,32.414,32.414,32.414,32.069,31.724,31.724,32.414,32.069,32.414,32.069,32.069,32.069,
32.759,33.448,32.414,31.724,31.724,32.414,32.069,32.069,32.759,31.724,31.724,31.724,31.724,31.724,31.724,32.069,31.724,31.724,32.069,31.724,32.069,32.069,32.069,32.069,
33.103,33.793,32.069,31.379,31.379,31.379,31.724,31.724,32.759,31.724,31.724,31.724,31.724,31.724,31.724,32.069,31.724,31.724,32.069,32.069,32.414,32.414,32.414,32.414,
33.103,32.759,32.069,31.379,31.379,31.379,31.724,31.724,32.759,32.069,32.069,32.069,32.069,32.069,32.069,32.414,32.414,32.414,32.414,32.414,32.414,32.414,32.414,32.414,
31.724,32.414,31.724,31.379,31.379,31.724,32.069,32.069,32.759,32.069,32.069,32.069,32.069,32.069,32.069,32.414,32.414,32.414,32.414,32.414,32.414,32.414,32.414,32.414,
31.724,32.069,32.069,31.724,31.379,32.069,32.069,32.069,32.759,32.069,32.069,32.069,32.069,32.069,32.069,32.414,32.414,32.414,32.414,32.414,32.414,32.414,32.414,32.414,
31.034,32.069,32.414,31.724,31.379,32.069,32.069,32.069,32.759,32.069,32.069,32.069,32.069,32.069,32.069,32.414,32.414,32.414,32.414,32.414,32.414,32.414,32.414,32.414,
31.034,32.414,32.414,31.379,31.724,32.414,31.724,31.724,32.069,32.069,32.069,32.069,32.069,32.069,32.069,32.414,32.414,32.414,32.414,32.414,32.414,32.414,32.414,32.414,
31.379,32.414,32.414,31.379,31.724,32.414,31.724,31.724,31.724,32.069,32.069,32.069,32.069,32.069,32.069,32.414,32.414,33.448,33.448,33.448,33.448,33.448,33.448,33.448,
31.724,32.414,32.414,31.379,31.724,32.414,31.724,31.724,31.724,32.069,32.069,32.069,32.069,32.069,32.069,32.414,32.414,33.448,33.448,33.448,33.448,33.448,33.448,33.448,
32.069,31.724,32.069,32.414,31.724,32.414,33.103,33.103,32.759,33.103,33.103,33.103,33.103,33.103,33.103,33.448,33.448,33.448,33.448,33.448,33.448,33.448,33.448,33.448,
33.103,31.724,32.759,32.414,32.759,33.103,33.103,33.103,32.759,33.103,33.103,33.103,33.103,33.103,33.103,33.448,33.448,33.448,33.448,33.448,33.448,33.448,33.448,33.448,
32.759,32.759,32.759,32.414,32.759,33.103,33.103,33.103,32.759,33.103,33.103,33.103,33.103,33.103,33.103,33.448,33.448,33.448,33.448,33.448,33.448,33.448,33.448,33.448,
32.759,32.759,32.759,32.414,32.759,33.448,33.448,33.448,33.103,33.448,33.448,33.448,33.448,33.448,33.448,33.448,33.448,33.448,33.448,33.448,33.448,33.448,33.448,33.448,
32.759,32.414,32.759,32.759,33.103,33.448,33.448,33.448,33.103,33.448,33.448,33.448,33.448,33.448,33.448,33.448,33.448,33.448,33.448,33.448,33.448,33.448,33.448,33.448,
32.759,32.759,32.759,32.759,33.103,33.448,33.448,33.448,33.103,33.448,33.448,33.448,33.448,33.448,33.448,33.448,33.448,33.448,33.448,33.448,33.448,33.448,33.448,33.448,
32.759,32.759,32.759,32.759,33.103,33.448,33.448,33.448,33.448,33.448,33.448,33.448,33.448,33.448,33.448,33.448,33.448,33.448,33.448,33.448,33.448,33.448,33.448,33.448,
32.759,32.759,32.759,32.759,33.103,33.448,33.448,33.448,33.448,33.448,33.448,33.448,33.448,33.448,33.448,33.448,33.448,33.448,33.448,33.448,33.448,33.448,33.448,33.448,
32.759,32.759,32.759,32.759,33.103,33.448,33.448,33.448,33.448,33.448,33.448,33.448,33.448,33.448,33.448,33.448,33.448,33.448,33.448,33.448,33.448,33.448,33.448,33.448,
33.448,33.448,33.448,33.448,33.448,33.448,33.448,33.448,33.448,33.448,33.448,33.448,33.448,33.448,33.448,33.448,33.448,33.448,33.448,33.448,33.448,33.448,33.448,33.448,

18.156,21.902,19.597,19.885,19.597,21.037,23.055,22.19,21.902,21.326,21.614,20.461,22.767,23.631,22.767,23.343,24.207,24.784,23.055,22.767,22.767,22.767,22.19,22.767,
18.156,21.902,19.597,19.885,19.597,21.037,23.055,22.19,21.902,21.326,21.614,20.461,22.767,23.631,22.767,23.343,24.207,24.784,23.055,22.767,22.767,22.767,22.19,22.767,
18.444,22.19,19.597,20.173,19.597,21.037,23.055,22.19,21.902,21.326,21.614,20.461,22.767,23.631,22.767,23.343,24.207,24.784,23.055,22.767,22.767,22.767,22.19,22.767,
18.444,22.19,19.597,20.173,19.597,21.037,23.055,22.19,21.902,21.326,21.614,20.461,22.767,23.631,22.767,23.343,24.207,24.784,23.055,22.767,22.767,22.767,22.19,22.767,
18.444,22.19,19.885,21.326,20.749,21.326,23.343,22.478,22.19,21.614,21.902,20.749,22.767,23.631,22.767,23.343,24.207,24.784,23.055,22.767,22.767,22.767,22.19,22.767,
18.732,22.19,19.308,20.749,20.749,21.037,23.055,21.326,21.902,21.326,21.902,20.749,22.767,23.631,22.767,23.343,24.207,24.784,23.055,22.767,22.767,22.767,22.19,22.767,
19.02,22.19,21.037,20.749,20.749,21.037,23.055,21.326,21.614,21.326,21.902,20.749,22.767,23.631,22.767,23.343,24.207,24.784,23.055,22.767,22.767,22.767,22.19,22.767,
19.02,22.19,21.037,20.749,20.749,21.037,23.055,21.326,21.614,21.326,21.902,20.749,22.767,23.631,22.767,23.343,24.207,24.784,23.055,22.767,22.767,22.767,22.19,22.767,
19.308,22.19,21.037,20.749,20.749,21.037,23.055,21.037,21.614,21.326,21.902,20.749,22.767,23.631,22.767,23.343,24.207,24.784,23.055,22.767,22.767,22.767,22.19,22.767,
19.597,22.19,21.037,20.749,20.749,20.749,23.055,21.037,21.614,21.326,21.902,20.749,22.767,23.631,22.767,23.343,24.207,24.784,23.055,22.767,22.767,22.767,22.19,22.767,
19.597,22.19,21.037,20.749,20.461,20.461,23.055,21.326,21.902,21.614,22.19,21.037,23.055,23.919,23.055,23.343,24.207,24.784,23.055,22.767,22.767,22.767,22.19,22.767,
19.885,22.767,21.037,20.749,20.461,20.461,23.055,21.326,21.902,21.614,22.19,21.037,23.055,23.919,23.055,23.343,24.207,24.784,23.055,22.767,22.767,22.767,22.19,22.767,
19.885,22.767,21.037,20.173,20.461,20.461,23.055,21.326,21.902,21.614,22.19,21.326,23.343,23.919,23.055,23.343,24.207,24.784,23.055,22.767,22.767,22.767,22.19,22.767,
19.885,21.614,21.037,20.173,20.461,20.461,23.055,21.326,21.902,21.614,22.19,21.326,23.343,23.919,23.055,23.343,24.207,24.784,23.055,22.767,22.767,22.767,22.19,22.767,
19.597,21.326,21.037,20.173,20.461,20.461,23.055,21.326,21.902,21.614,22.19,21.326,23.343,23.919,23.055,23.343,24.207,24.784,23.055,22.767,22.767,22.767,22.19,22.767,
19.885,21.326,20.173,19.597,20.173,20.173,22.767,21.037,21.902,22.19,22.767,21.902,23.919,24.496,23.055,23.343,24.207,24.784,23.055,22.767,22.767,22.767,22.19,22.767,
19.885,21.037,20.173,19.597,20.173,20.173,22.478,21.037,21.902,22.19,23.055,22.19,24.207,24.496,23.055,23.343,24.207,24.784,23.055,22.767,22.767,22.767,22.19,22.767,
20.461,21.614,20.173,19.885,20.461,20.461,22.19,21.037,21.902,22.478,23.055,22.19,24.207,24.496,23.343,23.631,24.496,25.072,23.343,23.055,22.767,22.767,22.19,22.767,
20.749,21.326,20.173,19.308,20.461,20.461,21.614,20.461,21.326,22.19,22.767,22.19,24.207,24.496,23.343,23.631,24.496,25.072,23.343,23.055,22.767,22.767,22.19,22.767,
21.326,21.326,20.173,19.308,20.461,20.749,21.614,20.461,20.461,21.326,21.902,22.19,24.207,24.496,23.343,23.631,24.496,25.072,23.343,23.055,22.767,22.767,22.19,22.767,
21.326,20.749,20.173,19.885,21.037,20.749,21.614,20.461,20.461,21.326,21.902,22.19,24.207,24.496,23.343,23.631,24.496,25.072,23.343,23.055,22.767,22.767,22.19,22.767,
21.614,20.749,20.173,19.885,20.461,20.461,21.326,20.173,20.173,21.037,21.614,21.902,23.919,24.496,23.343,23.631,24.496,25.072,23.343,23.055,22.767,23.055,22.478,23.055,
21.614,20.749,20.461,19.885,20.461,20.461,21.326,20.173,20.173,21.037,21.614,21.902,23.919,24.496,23.343,23.631,24.496,25.072,23.343,23.055,22.767,23.055,22.478,23.055,
21.614,20.749,20.749,20.173,20.461,20.461,21.326,20.173,20.173,21.037,21.614,21.902,23.919,24.496,23.343,23.631,24.496,25.072,23.343,23.055,22.767,23.055,22.478,22.478,
21.614,20.749,21.037,20.461,20.173,20.173,21.326,20.173,20.173,21.037,21.614,21.902,23.919,24.496,23.055,23.343,24.207,24.784,23.343,23.055,22.767,23.055,22.478,23.343,
21.326,20.749,21.902,21.614,21.326,20.461,21.614,20.461,20.461,21.326,21.902,21.902,23.919,24.496,22.767,23.055,23.919,24.784,23.343,23.055,22.767,23.055,22.478,23.343,
21.326,20.461,21.037,21.037,20.749,20.461,21.614,20.461,20.461,21.326,21.902,21.902,23.919,24.496,22.478,22.767,23.631,24.496,23.343,23.055,22.767,22.478,21.902,23.343,
21.614,21.326,21.037,21.037,20.461,20.749,21.902,20.749,20.749,21.614,21.902,21.902,23.919,24.496,22.478,22.767,23.631,24.496,23.631,23.631,23.343,23.919,23.055,24.496,
21.902,21.902,21.037,20.461,20.173,21.326,21.902,21.326,21.326,21.614,21.902,21.902,23.919,24.496,22.478,22.767,23.631,24.496,23.631,23.631,23.343,23.919,23.055,24.496,
21.902,21.326,21.037,20.461,20.173,21.326,21.902,21.326,21.326,21.614,21.902,21.902,24.784,25.36,23.919,23.343,24.207,25.072,24.207,24.207,23.919,24.496,23.631,25.072,
22.19,21.614,20.173,19.597,19.308,20.173,21.614,20.461,21.902,22.19,22.478,22.478,24.784,25.36,23.919,23.343,24.207,25.072,24.207,24.207,23.919,24.496,23.631,25.072,
22.19,21.614,20.749,20.173,19.885,20.749,22.19,21.037,23.343,23.631,23.919,23.919,24.784,25.36,23.919,23.343,24.207,25.072,24.207,24.207,23.919,24.496,23.631,25.072,
20.749,21.326,20.749,20.461,20.173,22.478,22.19,22.478,23.343,23.631,23.919,23.919,24.784,25.648,24.207,24.207,24.784,25.072,25.072,25.072,24.784,25.36,25.072,25.072,
20.749,21.326,20.749,21.902,21.614,22.19,22.767,22.478,23.343,23.631,23.919,23.919,24.784,25.648,24.496,24.496,25.072,25.36,25.36,25.36,24.784,25.36,25.072,25.072,
21.326,21.614,21.037,22.19,21.902,23.343,23.631,23.343,23.343,23.631,23.919,23.919,24.784,25.648,24.496,24.496,25.072,25.36,25.36,25.36,25.072,25.648,25.36,25.36,
21.326,21.614,22.767,22.767,22.478,23.055,23.631,23.631,23.631,23.631,23.919,23.919,24.784,25.648,24.496,24.496,25.072,25.36,25.36,25.36,25.072,25.648,25.36,25.36,
21.614,21.902,23.631,23.631,23.631,24.207,24.496,24.496,23.631,23.631,23.919,23.919,24.784,25.648,24.496,24.496,25.072,25.36,25.36,25.36,25.648,25.648,25.36,25.36,
22.19,22.767,23.631,23.631,23.631,24.207,24.496,24.496,23.631,23.631,23.919,23.919,24.784,25.648,24.496,24.496,25.072,25.36,25.36,25.36,25.648,25.648,25.36,25.36,
23.919,23.631,23.343,23.343,23.343,23.919,24.207,24.207,23.343,23.343,23.631,23.631,24.784,25.648,25.072,25.072,25.648,25.36,25.36,25.36,25.648,25.648,25.072,25.072,
23.919,23.631,23.343,23.343,23.343,23.919,24.207,24.207,24.207,24.207,23.631,23.631,24.207,25.072,24.496,24.496,25.072,24.784,24.784,24.784,25.072,25.072,25.072,25.072,
24.207,23.343,23.343,23.343,23.343,23.919,23.919,23.919,23.919,23.919,24.207,24.207,24.784,25.072,24.496,24.496,25.072,24.784,24.784,24.784,25.072,25.072,25.072,25.072,
23.631,23.343,23.343,23.343,23.343,23.919,23.919,23.919,23.919,23.919,24.207,24.207,24.207,24.496,23.919,23.919,24.496,24.207,24.207,24.207,25.072,25.072,25.072,25.072,
23.631,24.207,24.207,24.207,24.207,24.784,24.784,24.784,24.784,24.784,25.072,25.072,24.207,24.496,23.919,23.919,24.496,24.207,24.207,24.207,25.072,25.072,25.072,25.072,
24.784,24.784,24.784,24.784,24.784,24.784,24.784,24.784,24.784,24.784,25.072,25.072,25.072,24.496,24.496,24.496,24.496,24.207,24.207,24.207,25.072,25.072,25.072,25.072,
26.225,26.225,26.225,26.225,26.225,26.225,26.225,26.225,26.225,26.225,26.225,26.225,26.225,26.225,26.225,26.225,26.225,26.225,26.225,26.225,26.225,26.225,26.225,26.225,
26.225,26.225,26.225,26.225,26.225,26.225,26.225,26.225,26.225,26.225,26.225,26.225,26.225,26.225,26.225,26.225,26.225,26.225,26.225,26.225,26.225,26.225,26.225,26.225,
26.225,26.225,26.225,26.225,26.225,26.225,26.225,26.225,26.225,26.225,26.225,26.225,26.225,26.225,26.225,26.225,26.225,26.225,26.225,26.225,26.225,26.225,26.225,26.225,
26.225,26.225,26.225,26.225,26.225,26.225,26.225,26.225,26.225,26.225,26.225,26.225,26.225,26.225,26.225,26.225,26.225,26.225,26.225,26.225,26.225,26.225,26.225,26.225,
26.225,26.225,26.225,26.225,26.225,26.225,26.225,26.225,26.225,26.225,26.225,26.225,26.225,26.225,26.225,26.225,26.225,26.225,26.225,26.225,26.225,26.225,26.225,26.225,
26.225,26.225,26.225,26.225,26.225,26.225,26.225,26.225,26.225,26.225,26.225,26.225,26.225,26.225,26.225,26.225,26.225,26.225,26.225,26.225,26.225,26.225,26.225,26.225,

29.104,28.731,29.851,30.97,30.97,31.343,29.478,29.478,29.851,28.731,29.104,29.478,28.731,31.343,30.97,32.09,31.716,30.224,30.224,30.224,30.224,30.224,28.358,29.851,
29.478,29.104,29.851,30.97,30.597,30.597,29.478,29.478,29.851,28.731,29.104,29.478,28.731,31.343,30.97,32.836,32.463,30.97,30.97,30.97,30.97,30.224,28.358,29.851,
29.478,29.104,29.851,30.97,30.597,30.597,29.478,29.478,29.851,28.731,29.104,29.478,28.731,31.343,30.97,32.836,30.97,30.97,30.97,30.97,30.97,30.224,28.358,29.851,
29.478,29.478,30.224,30.97,30.597,30.224,29.104,29.478,29.851,28.731,29.104,29.478,28.731,29.851,30.97,32.836,30.97,30.224,30.224,30.224,30.224,29.478,27.612,29.104,
29.478,29.478,30.597,30.97,30.97,30.224,29.104,29.478,29.851,28.731,29.104,29.478,28.731,29.851,30.97,32.836,30.97,30.224,30.224,30.224,30.224,29.478,27.612,29.104,
29.478,29.478,30.224,30.597,30.97,30.224,29.104,29.478,29.851,28.731,29.104,29.478,28.358,29.851,30.97,32.836,30.97,30.597,30.597,30.597,30.597,29.851,27.985,29.104,
29.478,29.851,30.224,30.597,30.97,30.224,29.104,29.478,29.851,28.731,29.104,29.478,28.358,29.851,30.97,32.836,30.97,30.597,30.597,30.597,30.597,29.851,27.985,29.104,
29.478,29.851,30.224,30.224,30.97,30.224,29.478,29.851,30.224,29.478,29.851,30.224,30.224,31.343,32.463,33.209,31.716,31.716,31.716,31.716,31.716,30.97,29.104,29.104,
29.478,29.851,30.224,30.224,30.97,30.224,29.478,29.851,30.224,29.478,29.851,30.224,30.224,31.343,32.463,33.582,32.09,32.09,32.09,32.09,32.09,31.343,29.478,29.478,
29.104,29.851,30.224,30.224,30.97,29.478,29.104,29.478,29.851,29.478,29.851,29.851,29.851,30.97,32.09,33.209,33.209,33.209,33.209,33.209,33.209,31.343,29.478,29.478,
29.478,29.851,30.224,30.97,30.97,29.478,29.104,29.478,29.851,30.597,30.97,30.97,30.97,32.09,33.209,34.328,34.328,34.328,34.328,34.328,34.328,33.209,31.343,31.716,
29.478,30.224,30.224,30.97,30.597,29.478,28.731,29.478,30.224,30.597,30.97,30.97,30.97,32.09,33.209,33.209,33.209,33.209,33.209,33.209,33.209,32.09,30.224,30.597,
29.478,30.224,30.224,30.597,30.97,29.851,29.104,29.478,30.597,30.597,30.97,30.97,30.97,32.09,33.209,33.209,33.209,33.209,33.209,33.209,33.209,32.09,30.224,30.597,
28.731,30.224,29.851,30.597,30.97,30.224,29.478,29.851,30.597,30.97,31.343,31.343,31.343,32.09,32.836,33.209,33.209,33.209,33.209,33.209,33.209,32.09,30.224,30.597,
29.104,30.97,30.224,29.478,30.97,30.224,30.224,29.851,30.597,30.97,31.343,31.343,31.343,32.09,32.836,33.955,33.955,33.955,33.955,33.955,33.955,32.836,30.224,30.597,
29.104,30.97,30.224,29.478,30.97,30.224,30.224,29.851,30.597,30.97,31.343,31.343,31.343,32.09,32.836,33.955,33.955,33.955,33.955,33.955,33.955,32.836,30.224,30.597,
29.104,30.97,30.597,29.478,30.97,31.343,29.478,29.104,30.597,31.716,32.09,32.09,32.09,32.836,32.836,33.955,33.955,33.955,33.955,33.955,33.955,32.836,30.224,30.597,
28.731,30.597,30.224,29.851,30.597,31.343,29.478,29.104,30.597,31.716,32.09,32.09,32.09,32.836,32.836,33.955,35.448,35.448,35.448,35.448,35.448,34.328,30.97,31.343,
29.104,30.224,30.224,29.851,31.343,31.343,29.478,31.343,30.97,31.716,33.209,33.209,34.701,35.448,35.448,35.448,35.448,35.448,35.448,35.448,35.448,34.328,30.97,31.343,
29.478,30.597,31.343,32.09,32.463,30.97,29.851,31.343,30.97,31.716,33.209,33.209,34.701,35.448,35.448,35.448,35.448,35.448,35.448,35.448,35.448,34.328,33.209,32.836,
29.104,30.97,31.343,32.09,32.463,30.97,29.851,31.716,30.97,31.716,34.701,34.701,34.701,35.448,35.448,35.448,35.448,35.448,35.448,35.448,35.448,34.328,33.209,32.836,
29.104,30.97,31.343,32.463,33.209,31.716,30.97,31.716,30.97,31.716,34.701,34.701,34.701,35.448,35.448,35.448,35.448,35.448,35.448,35.448,35.448,34.328,33.209,32.836,
29.104,30.97,32.09,31.716,32.463,32.09,32.09,31.716,31.716,31.716,34.701,34.701,34.701,35.448,35.448,35.448,35.448,35.448,35.448,35.448,35.448,34.328,33.209,32.836,
29.104,31.343,31.716,31.716,32.09,31.716,34.328,33.209,33.209,33.209,34.701,34.701,34.701,35.448,35.448,35.448,35.448,35.448,35.448,35.448,35.448,34.328,33.209,32.836,
29.104,32.836,32.463,32.09,32.836,32.463,34.328,34.701,34.701,33.955,35.448,35.448,35.448,35.448,35.448,35.448,35.448,35.448,35.448,35.448,35.448,34.328,33.209,32.836,
29.104,32.836,32.463,33.209,32.836,32.463,34.328,35.448,34.701,33.955,35.448,35.448,35.448,35.448,35.448,35.448,35.448,35.448,35.448,35.448,35.448,34.328,33.209,32.836,
29.851,33.582,32.09,34.701,35.448,34.701,34.328,35.448,34.701,33.955,35.448,35.448,35.448,35.448,35.448,35.448,35.448,35.448,35.448,35.448,35.448,34.328,33.209,32.836,
32.09,32.836,33.955,35.821,35.448,34.701,35.075,35.448,35.448,33.955,35.448,35.448,35.448,35.448,35.448,35.448,35.448,35.448,35.448,35.448,35.448,34.328,33.209,32.836,
32.836,32.463,35.075,35.821,35.448,34.701,35.075,35.448,35.448,33.955,35.448,35.448,35.448,35.448,35.448,35.448,35.448,35.448,35.448,35.448,35.448,34.328,33.209,32.836,
32.836,33.582,35.075,36.194,35.448,34.701,35.075,35.448,35.448,35.448,35.448,35.448,35.448,35.448,35.448,35.448,35.448,35.448,35.448,35.448,35.448,34.328,33.209,32.836,
32.836,36.567,36.194,36.194,35.821,35.075,35.075,35.448,35.448,35.448,35.448,35.448,35.448,35.448,35.448,35.448,35.448,35.448,35.448,35.448,35.448,34.328,33.209,32.836,
33.209,37.313,36.567,36.194,35.821,35.075,35.075,35.448,35.448,35.448,35.448,35.448,35.448,35.448,35.448,35.448,35.448,35.448,35.448,35.448,35.448,34.328,33.209,32.836,
35.075,37.313,36.567,36.194,35.821,35.075,35.075,35.448,35.448,35.448,35.448,35.448,35.448,35.448,35.448,35.448,35.448,35.448,35.448,35.448,35.448,34.328,33.209,32.836,
35.821,37.313,36.567,36.194,35.821,35.075,35.075,35.448,35.448,35.448,35.448,35.448,35.448,35.448,35.448,35.448,35.448,35.448,35.448,35.448,35.448,34.701,33.582,32.836,
37.313,37.313,36.567,36.194,35.821,35.075,35.075,35.448,35.448,35.448,35.448,35.448,35.448,35.448,35.448,35.448,35.448,35.448,35.448,35.448,35.448,34.701,33.582,32.836,
37.313,37.313,36.567,36.194,35.821,35.075,35.075,35.448,35.448,35.448,35.448,35.448,35.448,35.448,35.448,35.448,35.448,35.448,35.448,35.448,35.448,34.701,33.582,32.836,
37.313,37.313,36.567,36.194,35.821,35.075,35.075,35.448,35.448,35.448,35.448,35.448,35.448,35.448,35.448,35.448,35.448,35.448,35.448,35.448,35.448,34.701,33.582,32.836,
37.313,37.313,36.567,35.821,35.821,35.448,35.448,35.448,35.448,35.448,35.448,35.448,35.448,35.448,35.448,35.448,35.448,35.448,35.448,35.448,35.448,34.701,33.582,32.836,
37.313,37.313,36.567,35.821,35.821,35.448,35.448,35.448,35.448,35.448,35.448,35.448,35.448,35.448,35.448,35.448,35.448,35.448,35.448,35.448,35.448,34.701,33.582,32.836,
37.313,37.313,36.567,35.821,35.821,35.448,35.448,35.448,35.448,35.448,35.448,35.448,35.448,35.448,35.448,35.448,35.448,35.448,35.448,35.448,35.448,34.701,33.582,32.836,
37.313,37.313,36.567,35.821,35.821,35.448,35.448,35.448,35.448,35.448,35.448,35.448,35.448,35.448,35.448,35.448,35.448,35.448,35.448,35.448,35.448,34.701,33.582,32.836,
36.567,37.313,36.194,35.448,35.448,35.448,35.448,35.448,35.448,35.448,35.448,35.448,35.448,35.448,35.448,35.448,35.448,35.448,35.448,35.448,35.448,34.701,33.582,32.836,
36.567,36.94,36.194,35.448,35.448,35.448,35.448,35.448,35.448,35.448,35.448,35.448,35.448,35.448,35.448,35.448,35.448,35.448,35.448,35.448,35.448,34.701,33.582,32.836,
36.194,36.567,36.194,35.448,35.448,35.448,35.448,35.448,35.448,35.448,35.448,35.448,35.448,35.448,35.448,35.448,35.448,35.448,35.448,35.448,35.448,34.701,33.582,32.836,
35.821,36.194,35.821,35.075,35.075,35.448,35.448,35.448,35.448,35.448,35.448,35.448,35.448,35.448,35.448,35.448,35.448,35.448,35.448,35.448,35.448,34.701,33.582,32.836,
35.821,35.821,35.821,35.075,35.075,35.448,35.448,35.448,35.448,35.448,35.448,35.448,35.448,35.448,35.448,35.448,35.448,35.448,35.448,35.448,35.448,34.701,33.582,32.836,
35.821,35.821,35.821,35.448,35.075,35.448,35.448,35.448,35.448,35.448,35.448,35.448,35.448,35.448,35.448,35.448,35.448,35.448,35.448,35.448,35.448,34.701,33.582,32.836,
35.821,35.821,35.821,35.448,35.075,35.448,35.448,35.448,35.448,35.448,35.448,35.448,35.448,35.448,35.448,35.448,35.448,35.448,35.448,35.448,35.448,34.701,33.582,32.836,
35.448,35.448,35.448,35.448,35.075,35.448,35.448,35.448,35.448,35.448,35.448,35.448,35.448,35.448,35.448,35.448,35.448,35.448,35.448,35.448,35.448,34.701,33.582,32.836,
35.448,35.448,35.448,35.448,35.075,35.448,35.448,35.448,35.448,35.448,35.448,35.448,35.448,35.448,35.448,35.448,35.448,35.448,35.448,35.448,35.448,34.701,33.582,32.836,

20.074,18.587,16.357,17.1,21.561,21.933,21.561,20.818,23.792,23.048,21.561,21.561,22.677,22.305,21.933,23.42,23.048,23.42,23.792,23.792,22.677,22.677,22.677,23.048,
20.074,18.587,16.729,17.1,21.561,21.933,21.561,20.818,23.792,23.048,21.561,21.561,22.677,22.305,21.933,23.42,23.048,23.42,23.792,23.792,22.677,22.677,22.677,23.048,
19.703,18.587,16.729,17.1,21.561,21.933,21.561,20.818,23.792,23.048,21.561,21.561,22.677,22.305,21.933,23.42,23.048,23.42,23.792,23.792,22.677,22.677,22.677,23.048,
19.703,18.587,16.729,17.1,21.561,21.933,21.561,20.818,23.792,23.048,21.561,21.561,22.677,22.305,21.933,23.42,23.048,23.42,23.792,23.792,22.677,22.677,22.677,23.048,
19.703,18.587,16.729,17.1,21.561,21.933,21.561,20.818,23.792,23.048,21.561,21.561,22.677,22.305,21.933,23.42,23.048,23.42,23.792,23.792,22.677,22.677,22.677,23.048,
19.703,18.587,16.729,16.729,21.561,21.933,21.561,20.818,23.792,23.048,20.818,20.818,21.933,21.561,21.933,23.42,23.048,23.42,23.792,23.792,22.677,22.677,22.677,23.048,
19.703,18.587,16.729,16.729,21.561,21.933,21.561,20.818,23.792,23.048,20.818,20.818,22.677,22.305,22.305,22.305,21.933,22.305,22.677,22.677,22.677,22.677,22.677,23.048,
19.703,18.587,17.1,17.1,21.933,21.933,21.561,20.818,24.164,23.792,21.19,21.561,23.792,22.677,22.677,21.933,21.933,22.305,22.677,22.677,22.677,22.677,22.677,23.048,
19.703,18.587,16.729,16.729,21.561,21.933,21.561,20.818,24.164,23.792,21.561,21.561,23.42,22.305,22.305,21.561,21.561,21.933,22.305,22.305,22.305,22.305,22.305,22.677,
19.703,18.587,17.472,17.844,21.561,21.933,21.561,20.818,24.164,23.792,21.561,21.561,23.42,22.305,22.305,21.561,21.561,21.933,22.305,22.305,22.305,22.305,22.305,23.048,
19.703,18.959,17.844,18.216,21.561,21.933,21.933,21.933,24.164,23.792,22.305,22.305,23.42,22.305,22.305,21.561,21.561,21.933,22.305,22.305,22.305,22.305,22.305,23.048,
18.587,18.959,17.844,18.216,21.561,21.933,21.933,21.933,24.164,23.792,22.305,22.305,23.42,22.305,22.305,21.561,21.561,21.933,22.305,22.305,22.305,22.305,22.305,23.048,
18.587,19.331,17.844,18.216,21.561,21.933,21.933,21.933,24.164,23.792,22.305,22.305,23.42,22.305,22.305,21.561,21.561,21.933,22.305,22.305,22.305,22.305,22.305,23.048,
17.844,18.587,17.844,18.216,21.561,21.933,21.933,21.933,24.164,23.792,22.677,22.677,23.792,22.677,22.677,21.933,21.933,22.305,22.677,22.677,22.677,22.677,22.677,23.42,
17.844,18.587,17.844,18.216,21.561,21.933,21.933,21.933,24.164,23.792,23.048,22.677,23.792,22.677,22.677,21.933,21.933,22.305,22.677,22.677,22.677,22.677,22.677,23.42,
17.472,18.587,17.844,18.216,21.561,21.933,21.933,21.933,24.535,23.792,23.048,22.677,23.792,23.048,23.048,22.305,22.305,22.677,22.677,22.677,22.677,22.677,22.677,23.42,
17.1,18.959,17.844,18.216,21.561,21.933,21.933,21.933,24.535,23.792,23.048,22.677,23.792,23.048,23.048,22.305,22.305,23.792,23.792,23.792,23.792,24.907,24.907,25.651,
17.1,18.959,18.216,18.587,21.933,21.933,21.933,21.933,24.535,23.792,23.048,22.677,23.792,23.048,23.048,22.305,22.305,23.792,23.792,23.792,23.792,24.907,24.907,25.651,
17.1,18.959,18.587,18.587,21.933,21.933,21.933,21.933,24.535,23.792,23.048,22.677,23.792,22.677,22.677,23.42,23.42,23.792,23.792,23.792,23.792,24.907,24.907,25.651,
17.1,18.959,18.587,18.587,21.933,21.933,21.933,21.933,24.535,23.792,23.048,22.677,23.792,22.677,22.677,23.42,23.42,23.792,23.792,23.792,23.792,24.907,24.907,25.651,
18.216,19.331,18.587,18.587,21.933,21.933,21.933,22.677,25.279,24.535,24.164,23.792,23.792,22.677,22.677,23.42,23.42,25.279,25.279,25.279,25.279,26.394,26.394,27.138,
18.959,20.074,18.959,18.959,22.305,22.305,22.305,23.048,25.279,24.535,24.164,25.279,25.279,24.907,24.907,24.907,24.907,25.279,25.279,25.279,25.279,26.394,26.394,27.138,
18.959,20.074,18.959,18.959,22.677,22.677,22.677,23.048,25.651,24.907,24.535,25.279,25.279,24.907,24.907,24.907,24.907,25.279,25.279,25.279,25.279,26.394,26.394,27.138,
18.959,20.074,19.331,18.959,22.677,22.677,22.677,23.048,25.279,24.535,24.164,24.907,24.907,24.907,24.907,24.907,24.907,25.279,25.279,25.279,25.279,26.394,26.394,27.138,
19.703,20.074,19.331,18.959,22.677,22.677,22.677,23.048,25.279,24.535,24.164,24.907,24.907,24.907,24.907,24.907,24.907,25.279,25.279,25.279,25.279,26.394,26.394,27.138,
20.074,20.074,19.331,18.959,22.677,22.677,23.048,23.048,25.279,24.535,24.164,24.907,24.907,24.907,24.907,24.907,24.907,25.279,25.279,25.279,25.279,26.394,26.394,27.138,
20.074,20.074,19.331,18.587,22.305,22.305,22.677,23.048,25.279,24.907,24.164,24.907,24.907,24.907,24.907,24.907,24.907,25.279,25.279,25.279,25.279,26.394,26.394,27.138,
20.074,20.446,18.959,18.587,22.305,22.305,23.048,23.42,25.279,24.907,24.164,24.907,24.907,24.907,24.907,24.907,24.907,25.279,25.279,25.279,25.279,26.394,26.394,27.138,
20.446,20.446,19.331,18.959,22.305,21.933,22.677,22.677,24.535,24.164,24.164,24.907,24.907,24.907,24.907,24.907,24.907,25.279,25.279,25.279,25.279,26.394,26.394,27.138,
20.446,21.19,19.331,19.703,22.305,21.933,22.677,24.164,26.022,25.651,25.651,24.907,24.907,24.907,24.907,24.907,24.907,25.279,25.279,25.279,25.279,26.394,26.394,27.138,
20.818,20.818,19.331,21.19,23.792,21.933,22.677,24.535,26.022,25.651,25.651,24.907,24.907,24.907,24.907,24.907,24.907,25.279,25.279,25.279,25.279,26.394,26.394,27.138,
21.561,22.305,20.818,22.677,24.164,23.42,23.792,25.651,27.138,26.766,26.394,25.651,25.651,25.651,25.651,25.651,25.651,26.022,26.022,26.022,26.022,27.138,27.138,27.138,
21.933,22.677,20.818,22.677,24.164,24.907,25.279,25.651,27.138,26.766,26.022,25.279,25.279,25.279,25.279,25.279,25.279,25.651,25.651,25.651,25.651,26.766,26.766,26.766,
21.933,22.677,20.818,22.305,24.535,24.907,25.279,25.651,27.138,26.766,26.022,25.279,25.279,25.279,25.279,25.279,25.279,25.651,25.651,25.651,25.651,26.766,26.766,26.766,
23.42,23.42,21.561,23.048,24.535,24.907,25.279,25.651,27.138,26.766,26.022,25.279,25.279,25.279,25.279,25.279,25.279,25.651,25.651,25.651,25.651,26.766,26.766,26.766,
23.42,23.42,22.677,23.42,24.907,24.907,25.279,25.651,27.138,26.766,26.022,25.279,25.279,25.279,25.279,25.279,25.279,25.651,25.651,25.651,25.651,26.766,26.766,26.766,
23.42,23.792,23.048,24.907,26.394,26.022,26.394,26.766,28.253,27.881,27.138,26.766,26.766,26.766,26.766,26.766,26.766,26.766,26.766,26.766,26.766,26.766,26.766,26.766,
24.164,25.651,23.792,24.907,26.394,26.022,26.394,26.766,28.253,27.881,27.138,26.766,26.766,26.766,26.766,26.766,26.766,26.766,26.766,26.766,26.766,26.766,26.766,26.766,
26.022,26.394,24.907,24.907,26.394,26.022,26.394,26.766,28.253,27.881,27.138,26.766,26.766,26.766,26.766,26.766,26.766,26.766,26.766,26.766,26.766,26.766,26.766,26.766,
27.138,26.394,24.907,24.907,26.394,26.022,26.394,26.766,28.253,27.881,27.138,26.766,26.766,26.766,26.766,26.766,26.766,26.766,26.766,26.766,26.766,26.766,26.766,26.766,
27.509,26.394,24.535,24.535,26.022,25.279,25.651,26.022,27.509,27.138,27.138,26.766,26.766,26.766,26.766,26.766,26.766,26.766,26.766,26.766,26.766,26.766,26.766,26.766,
27.509,26.394,24.535,24.535,26.022,25.279,25.651,26.022,27.509,27.138,27.138,26.766,26.766,26.766,26.766,26.766,26.766,26.766,26.766,26.766,26.766,26.766,26.766,26.766,
27.881,26.394,25.279,25.279,26.766,26.022,26.394,26.766,27.509,27.138,27.138,26.766,26.766,26.766,26.766,26.766,26.766,26.766,26.766,26.766,26.766,26.766,26.766,26.766,
27.881,26.394,25.651,25.651,26.766,26.022,27.138,27.509,27.509,27.138,27.138,27.509,27.509,27.509,27.509,27.509,27.509,27.509,27.509,27.509,27.509,27.509,27.509,27.509,
27.881,26.394,26.022,26.022,26.766,26.766,27.138,27.509,27.509,27.138,27.138,27.509,27.509,27.509,27.509,27.509,27.509,27.509,27.509,27.509,27.509,27.509,27.509,27.509,
27.509,26.022,25.279,26.022,26.022,26.022,26.394,26.766,26.766,26.766,26.766,26.766,26.766,26.766,26.766,26.766,26.766,26.766,26.766,26.766,26.766,26.766,26.766,26.766,
27.881,27.138,26.022,26.022,26.022,26.022,26.394,26.766,26.766,26.766,26.766,26.766,26.766,26.766,26.766,26.766,26.766,26.766,26.766,26.766,26.766,26.766,26.766,26.766,
28.253,27.509,26.022,26.022,27.138,27.138,27.509,27.509,27.509,27.509,27.509,27.509,27.509,27.509,27.509,27.509,27.509,27.509,27.509,27.509,27.509,27.509,27.509,27.509,
28.253,27.509,27.138,27.138,27.138,27.138,27.509,27.509,27.509,27.509,27.509,27.509,27.509,27.509,27.509,27.509,27.509,27.509,27.509,27.509,27.509,27.509,27.509,27.509,
29.74,28.625,27.138,27.138,27.138,27.138,27.509,27.509,27.509,27.509,27.509,27.509,27.509,27.509,27.509,27.509,27.509,27.509,27.509,27.509,27.509,27.509,27.509,27.509,

