42.476,42.921,42.794,43.492,43.619,43.492,43.683,43.683,43.81,43.937,44.381,44.381,43.746,43.81,43.175,43.365,43.873,44.381,44.317,44.635,44.825,44.825,44.889,44.698,
42.413,42.857,42.921,43.492,43.81,43.683,43.746,43.81,43.873,44.063,44.635,44.698,44.063,43.937,43.302,43.492,43.937,44.444,44.127,44.444,44.698,44.698,44.762,44.571,
42.349,42.603,42.794,43.429,43.683,43.556,43.556,43.619,43.683,43.873,44.508,44.508,43.81,43.683,43.238,43.429,43.81,44.317,44.19,44.508,44.762,44.762,44.762,44.571,
42.603,42.857,42.667,43.238,43.302,43.175,43.175,43.238,43.302,43.492,44.0,44.0,43.429,43.365,43.238,43.429,43.81,44.317,44.19,44.508,44.762,44.762,44.762,44.571,
42.667,42.857,42.857,43.238,43.302,43.175,43.175,43.238,43.302,43.492,44.0,44.0,43.429,43.365,43.238,43.302,43.683,44.19,44.063,44.381,44.635,44.635,44.635,44.444,
42.032,42.159,42.095,42.476,42.54,42.476,42.476,42.413,42.476,42.667,43.175,43.365,42.794,42.667,42.921,42.984,43.365,43.873,43.746,44.063,44.317,44.317,44.317,44.127,
42.032,42.159,42.095,42.349,42.413,42.349,42.349,42.413,42.54,42.73,43.238,43.429,42.857,42.73,42.794,42.857,43.429,43.937,43.81,44.317,44.571,44.571,44.571,44.381,
42.286,42.413,42.159,42.349,42.54,42.54,42.667,42.667,42.794,42.984,43.492,43.556,43.048,42.921,42.984,43.048,43.619,44.127,44.0,44.381,44.635,44.635,44.635,44.444,
42.032,42.413,42.095,42.349,42.54,42.54,42.667,42.667,42.857,43.048,43.556,43.619,43.429,43.302,43.365,43.429,44.0,44.127,44.0,44.381,44.635,44.635,44.635,44.444,
41.841,42.095,41.841,42.095,42.222,42.222,42.349,42.349,42.54,42.73,43.238,43.302,43.302,43.175,43.238,43.302,44.0,44.19,44.063,44.444,44.698,44.698,44.698,44.508,
41.714,41.841,41.587,42.032,42.159,42.159,42.286,42.286,42.476,42.667,43.111,43.175,43.175,43.048,43.238,43.302,44.0,44.19,44.063,44.444,44.698,44.698,44.698,44.508,
42.286,42.476,42.095,42.54,42.54,42.54,42.476,42.476,42.54,42.73,43.175,43.238,43.365,43.365,43.556,43.619,44.317,44.381,44.254,44.635,44.889,44.889,44.889,44.698,
42.032,42.413,42.095,42.413,42.413,42.413,42.349,42.286,42.286,42.54,42.984,42.984,43.111,43.111,43.365,43.619,44.317,44.254,44.127,44.508,44.762,44.762,44.762,44.571,
42.159,42.413,42.095,42.413,42.413,42.413,42.349,42.286,42.286,42.54,42.984,42.984,43.111,43.111,43.365,43.619,44.317,44.254,44.127,44.508,44.762,44.762,44.762,44.571,
42.349,42.54,42.349,42.54,42.54,42.54,42.476,42.349,42.286,42.349,42.794,42.857,42.984,42.984,43.238,43.492,44.19,43.746,43.683,44.127,44.381,44.381,44.381,44.19,
42.603,42.603,42.413,42.603,42.603,42.603,42.54,42.413,42.286,42.349,42.794,42.857,42.857,42.857,43.111,43.238,43.937,43.746,43.683,44.127,44.381,44.381,44.381,44.19,
43.238,43.175,43.048,43.048,43.048,43.048,42.984,42.73,42.603,42.667,43.111,43.175,42.857,42.857,42.794,42.921,43.619,43.429,43.365,43.81,44.063,44.063,44.063,43.873,
43.111,43.048,42.921,42.921,42.921,42.921,42.921,42.667,42.667,42.73,43.175,43.238,42.921,42.921,42.857,42.857,43.556,43.429,43.365,43.746,44.0,44.0,44.0,43.873,
43.111,43.111,42.921,42.921,42.921,42.921,42.921,42.222,42.222,42.286,42.73,42.794,42.921,42.603,42.857,42.857,43.556,43.429,43.365,43.746,44.0,44.0,44.0,43.873,
43.238,43.238,43.048,43.048,43.048,43.048,43.048,42.349,42.349,42.413,42.857,42.921,43.048,42.73,42.984,42.984,43.556,43.429,43.365,43.746,43.746,43.746,43.746,43.619,
43.302,43.365,43.111,43.111,43.111,43.111,43.111,42.413,42.413,42.476,42.921,43.048,43.048,42.73,42.984,42.984,43.556,43.429,43.365,43.492,43.492,43.556,43.556,43.429,
42.984,43.048,42.794,42.794,42.794,42.794,42.857,42.603,42.667,42.349,42.54,42.667,42.667,42.349,42.603,42.667,43.175,43.048,43.111,43.238,43.238,43.302,43.302,43.175,
43.175,43.175,42.921,42.984,42.984,42.984,42.984,42.857,42.921,42.603,42.603,42.73,42.73,42.413,42.667,42.667,43.175,43.048,43.111,43.238,43.238,43.302,43.302,43.175,
42.857,42.857,42.73,42.794,42.794,42.794,42.794,42.667,42.73,42.413,42.413,42.54,42.54,42.413,42.667,42.667,43.175,43.048,43.111,43.302,43.302,43.365,43.365,43.238,
42.794,42.667,42.476,42.476,42.476,42.476,42.476,42.349,42.413,42.095,42.095,42.222,42.286,42.159,42.413,42.54,43.111,43.048,43.048,43.111,43.111,43.175,43.175,43.175,
42.222,42.095,41.905,42.349,42.349,42.349,42.349,42.222,42.286,42.349,42.349,42.476,42.54,42.667,42.921,43.048,43.175,43.111,43.111,43.175,43.175,43.238,43.238,43.238,
42.476,42.349,42.159,42.603,42.603,42.603,42.603,42.54,42.603,42.667,42.667,42.794,42.857,42.73,42.73,42.857,42.984,42.921,42.921,42.984,42.984,42.984,42.984,42.984,
41.968,41.905,42.222,42.286,42.286,42.286,42.286,42.159,42.222,42.286,42.286,42.349,42.413,42.286,42.413,42.54,42.667,42.54,42.54,42.603,42.603,42.603,42.603,42.603,
41.778,41.651,41.968,42.032,42.032,42.032,42.032,41.905,41.968,41.778,41.778,41.841,41.905,41.841,42.286,42.286,42.413,42.413,42.413,42.476,42.476,42.476,42.476,42.476,
42.222,42.095,42.032,42.032,42.032,42.032,42.032,41.968,42.032,41.714,41.714,41.778,41.778,41.841,42.667,42.667,42.794,42.667,42.667,42.73,42.73,42.73,42.73,42.73,
42.413,42.349,42.286,42.222,42.222,42.222,42.222,42.159,42.222,41.905,41.905,41.905,41.905,42.73,43.492,43.492,43.683,43.556,43.556,43.556,43.556,43.556,43.556,43.556,
42.413,42.286,42.095,42.032,42.032,42.032,42.032,41.968,42.032,41.841,41.841,41.841,41.841,42.667,43.175,43.175,43.365,43.238,43.238,43.238,43.238,43.238,43.238,43.238,
42.159,42.032,41.841,41.841,41.841,41.841,41.841,41.651,41.714,41.714,41.714,41.714,41.714,42.54,43.048,43.048,43.238,43.111,43.111,43.111,43.111,43.111,43.111,43.111,
41.968,41.841,41.841,41.841,41.841,41.841,41.841,41.651,41.714,41.714,41.714,41.714,41.714,42.54,43.048,43.048,43.175,42.984,42.984,42.984,42.984,42.984,42.984,42.984,
41.778,41.651,41.651,41.651,41.651,41.651,41.651,41.46,41.524,41.524,41.524,41.524,41.524,42.286,42.984,42.984,43.111,42.921,42.921,42.921,42.921,42.921,42.921,42.921,
42.032,41.905,41.905,41.905,41.905,41.905,41.905,42.222,42.286,42.222,42.222,42.222,42.222,42.286,42.794,42.794,42.984,42.794,42.794,42.794,42.794,42.794,42.794,42.794,
41.905,41.778,41.778,41.778,41.778,41.778,41.778,41.587,41.714,41.714,41.714,41.714,41.714,41.778,42.349,42.349,42.54,42.349,42.349,42.349,42.349,42.349,42.349,42.349,
41.778,41.778,41.778,41.778,41.778,41.778,41.778,41.714,41.841,41.841,41.841,41.841,41.841,41.905,42.095,42.095,42.286,42.095,42.095,42.095,42.095,42.095,42.095,42.095,
41.778,41.778,41.778,41.778,41.778,41.778,41.778,41.778,41.841,41.841,41.841,41.841,41.841,41.905,41.968,41.968,42.159,42.159,42.159,42.159,42.159,42.159,42.159,42.159,
41.905,41.905,41.905,41.905,41.905,41.905,41.905,41.905,41.968,41.968,41.968,41.968,41.968,42.286,41.968,41.968,42.159,42.159,42.159,42.159,42.159,42.159,42.159,42.159,
41.714,41.714,41.714,41.714,41.714,41.714,41.714,41.714,41.778,41.778,41.778,41.778,41.778,41.778,41.778,41.778,41.968,41.968,41.968,41.968,41.968,41.968,41.968,41.968,
41.27,41.27,41.397,41.397,41.397,41.397,41.397,41.397,41.397,41.397,41.397,41.397,41.397,41.397,41.397,41.397,41.587,41.587,41.587,41.587,41.587,41.587,41.587,41.587,
41.397,41.397,41.397,41.397,41.397,41.397,41.397,41.397,41.397,41.397,41.397,41.397,41.397,41.397,41.397,41.397,41.587,41.587,41.587,41.587,41.587,41.587,41.587,41.587,
41.397,41.397,41.397,41.397,41.397,41.397,41.397,41.397,41.397,41.397,41.397,41.397,41.397,41.397,41.397,41.397,41.587,41.587,41.587,41.587,41.587,41.587,41.587,41.587,
41.397,41.397,41.397,41.397,41.397,41.397,41.397,41.397,41.397,41.397,41.397,41.397,41.397,41.397,41.397,41.397,41.524,41.524,41.524,41.524,41.524,41.524,41.524,41.524,
41.27,41.27,41.27,41.27,41.27,41.27,41.27,41.27,41.27,41.27,41.27,41.27,41.27,41.27,41.27,41.27,41.397,41.397,41.397,41.397,41.397,41.397,41.397,41.397,
41.587,41.587,41.587,41.587,41.587,41.587,41.587,41.587,41.587,41.587,41.587,41.587,41.587,41.587,41.587,41.587,41.587,41.587,41.587,41.587,41.587,41.587,41.587,41.587,
41.841,41.841,41.841,41.841,41.841,41.841,41.841,41.841,41.841,41.841,41.841,41.841,41.841,41.841,41.841,41.841,41.841,41.841,41.841,41.841,41.841,41.841,41.841,41.841,
41.841,41.841,41.841,41.841,41.841,41.841,41.841,41.841,41.841,41.841,41.841,41.841,41.841,41.841,41.841,41.841,41.841,41.841,41.841,41.841,41.841,41.841,41.841,41.841,
41.841,41.841,41.841,41.841,41.841,41.841,41.841,41.841,41.841,41.841,41.841,41.841,41.841,41.841,41.841,41.841,41.841,41.841,41.841,41.841,41.841,41.841,41.841,41.841,

38.007,38.007,38.007,38.007,38.007,38.007,38.007,38.007,38.007,38.007,38.007,38.007,38.007,38.007,38.007,38.007,38.007,38.007,38.007,38.007,38.007,38.007,38.007,38.007,
38.007,38.007,38.007,38.007,38.007,38.007,38.007,38.007,38.007,38.007,38.007,38.007,38.007,38.007,38.007,38.007,38.007,38.007,38.007,38.007,38.007,38.007,38.007,38.007,
38.007,38.007,38.007,38.007,38.007,38.007,38.007,38.007,38.007,38.007,38.007,38.007,38.007,38.007,38.007,38.007,38.007,38.007,38.007,38.007,38.007,38.007,38.007,38.007,
38.007,38.007,38.007,38.007,38.007,38.007,38.007,38.007,38.007,38.007,38.007,38.007,38.007,38.007,38.007,38.007,38.007,38.007,38.007,38.007,38.007,38.007,38.007,38.007,
38.007,38.007,38.007,38.007,38.007,38.007,38.007,38.007,38.007,38.007,38.007,38.007,38.007,38.007,38.007,38.007,38.007,38.007,38.007,38.007,38.007,38.007,38.007,38.007,
38.007,38.007,38.007,38.007,38.007,38.007,38.007,38.007,38.007,38.007,38.007,38.007,38.007,38.007,38.007,38.007,38.007,38.007,38.007,38.007,38.007,38.007,38.007,38.007,
38.007,38.007,38.007,38.007,38.007,38.007,38.007,38.007,38.007,38.007,38.007,38.007,38.007,38.007,38.007,38.007,38.007,38.007,38.007,38.007,38.007,38.007,38.007,38.007,
38.007,38.007,38.007,38.007,38.007,38.007,38.007,38.007,38.007,38.007,38.007,38.007,38.007,38.007,38.007,38.007,38.007,38.007,38.007,38.007,38.007,38.007,38.007,38.007,
38.007,38.007,38.007,38.007,38.007,38.007,38.007,38.007,38.007,38.007,38.007,38.007,38.007,38.007,38.007,38.007,38.007,38.007,38.007,38.007,38.007,38.007,38.007,38.007,
38.007,38.007,38.007,38.007,38.007,38.007,38.007,38.007,38.007,38.007,38.007,38.007,38.007,38.007,38.007,38.007,38.007,38.007,38.007,38.007,38.007,38.007,38.007,38.007,
38.007,38.007,38.007,38.007,38.007,38.007,38.007,38.007,38.007,38.007,38.007,38.007,38.007,38.007,38.007,38.007,38.007,38.007,38.007,38.007,38.007,38.007,38.007,38.007,
38.007,38.007,38.007,38.007,38.007,38.007,38.007,38.007,38.007,38.007,38.007,38.007,38.007,38.007,38.007,38.007,38.007,38.007,38.007,38.007,38.007,38.007,38.007,38.007,
38.007,38.007,38.007,38.007,38.007,38.007,38.007,38.007,38.007,38.007,38.007,38.007,38.007,38.007,38.007,38.007,38.007,38.007,38.007,38.007,38.007,38.007,38.007,38.007,
38.007,38.007,38.007,38.007,38.007,38.007,38.007,38.007,38.007,38.007,38.007,38.007,38.007,38.007,38.007,38.007,38.007,38.007,38.007,38.007,38.007,38.007,38.007,38.007,
38.007,38.007,38.007,38.007,38.007,38.007,38.007,38.007,38.007,38.007,38.007,38.007,38.007,38.007,38.007,38.007,38.007,38.007,38.007,38.007,38.007,38.007,38.007,38.007,
38.007,38.007,38.007,38.007,38.007,38.007,38.007,38.007,38.007,38.007,38.007,38.007,38.007,38.007,38.007,38.007,38.007,38.007,38.007,38.007,38.007,38.007,38.007,38.007,
38.007,38.007,38.007,38.007,38.007,38.007,38.007,38.007,38.007,38.007,38.007,38.007,38.007,38.007,38.007,38.007,38.007,38.007,38.007,38.007,38.007,38.007,38.007,38.007,
38.007,38.007,38.007,38.007,38.007,38.007,38.007,38.007,38.007,38.007,38.007,38.007,38.007,38.007,38.007,38.007,38.007,38.007,38.007,38.007,38.007,38.007,38.007,38.007,
38.007,38.007,38.007,38.007,38.007,38.007,38.007,38.007,38.007,38.007,38.007,38.007,38.007,38.007,38.007,38.007,38.007,38.007,38.007,38.007,38.007,38.007,38.007,38.007,
38.007,38.007,38.007,38.007,38.007,38.007,38.007,38.007,38.007,38.007,38.007,38.007,38.007,38.007,38.007,38.007,38.007,38.007,38.007,38.007,38.007,38.007,38.007,38.007,
38.007,38.007,38.007,38.007,38.007,38.007,38.007,38.007,38.007,38.007,38.007,38.007,38.007,38.007,38.007,38.007,38.007,38.007,38.007,38.007,38.007,38.007,38.007,38.007,
38.007,38.007,38.007,38.007,38.007,38.007,38.007,38.007,38.007,38.007,38.007,38.007,38.007,38.007,38.007,38.007,38.007,38.007,38.007,38.007,38.007,38.007,38.007,38.007,
38.007,38.007,38.007,38.007,38.007,38.007,38.007,38.007,38.007,38.007,38.007,38.007,38.007,38.007,38.007,38.007,38.007,38.007,38.007,38.007,38.007,38.007,38.007,38.007,
38.007,38.007,38.007,38.007,38.007,38.007,38.007,38.007,38.007,38.007,38.007,38.007,38.007,38.007,38.007,38.007,38.007,38.007,38.007,38.007,38.007,38.007,38.007,38.007,
38.007,38.007,38.007,38.007,38.007,38.007,38.007,38.007,38.007,38.007,38.007,38.007,38.007,38.007,38.007,38.007,38.007,38.007,38.007,38.007,38.007,38.007,38.007,38.007,
38.007,38.007,38.007,38.007,38.007,38.007,38.007,38.007,38.007,38.007,38.007,38.007,38.007,38.007,38.007,38.007,38.007,38.007,38.007,38.007,38.007,38.007,38.007,38.007,
38.007,38.007,38.007,38.007,38.007,38.007,38.007,38.007,38.007,38.007,38.007,38.007,38.007,38.007,38.007,38.007,38.007,38.007,38.007,38.007,38.007,38.007,38.007,38.007,
38.007,38.007,38.007,38.007,38.007,38.007,38.007,38.007,38.007,38.007,38.007,38.007,38.007,38.007,38.007,38.007,38.007,38.007,38.007,38.007,38.007,38.007,38.007,38.007,
38.007,38.007,38.007,38.007,38.007,38.007,38.007,38.007,38.007,38.007,38.007,38.007,38.007,38.007,38.007,38.007,38.007,38.007,38.007,38.007,38.007,38.007,38.007,38.007,
38.007,38.007,38.007,38.007,38.007,38.007,38.007,38.007,38.007,38.007,38.007,38.007,38.007,38.007,38.007,38.007,38.007,38.007,38.007,38.007,38.007,38.007,38.007,38.007,
38.007,38.007,38.007,38.007,38.007,38.007,38.007,38.007,38.007,38.007,38.007,38.007,38.007,38.007,38.007,38.007,38.007,38.007,38.007,38.007,38.007,38.007,38.007,38.007,
38.007,38.007,38.007,38.007,38.007,38.007,38.007,38.007,38.007,38.007,38.007,38.007,38.007,38.007,38.007,38.007,38.007,38.007,38.007,38.007,38.007,38.007,38.007,38.007,
38.007,38.007,38.007,38.007,38.007,38.007,38.007,38.007,38.007,38.007,38.007,38.007,38.007,38.007,38.007,38.007,38.007,38.007,38.007,38.007,38.007,38.007,38.007,38.007,
38.007,38.007,38.007,38.007,38.007,38.007,38.007,38.007,38.007,38.007,38.007,38.007,38.007,38.007,38.007,38.007,38.007,38.007,38.007,38.007,38.007,38.007,38.007,38.007,
38.007,38.007,38.007,38.007,38.007,38.007,38.007,38.007,38.007,38.007,38.007,38.007,38.007,38.007,38.007,38.007,38.007,38.007,38.007,38.007,38.007,38.007,38.007,38.007,
38.007,38.007,38.007,38.007,38.007,38.007,38.007,38.007,38.007,38.007,38.007,38.007,38.007,38.007,38.007,38.007,38.007,38.007,38.007,38.007,38.007,38.007,38.007,38.007,
38.007,38.007,38.007,38.007,38.007,38.007,38.007,38.007,38.007,38.007,38.007,38.007,38.007,38.007,38.007,38.007,38.007,38.007,38.007,38.007,38.007,38.007,38.007,38.007,
38.007,38.007,38.007,38.007,38.007,38.007,38.007,38.007,38.007,38.007,38.007,38.007,38.007,38.007,38.007,38.007,38.007,38.007,38.007,38.007,38.007,38.007,38.007,38.007,
38.007,38.007,38.007,38.007,38.007,38.007,38.007,38.007,38.007,38.007,38.007,38.007,38.007,38.007,38.007,38.007,38.007,38.007,38.007,38.007,38.007,38.007,38.007,38.007,
38.007,38.007,38.007,38.007,38.007,38.007,38.007,38.007,38.007,38.007,38.007,38.007,38.007,38.007,38.007,38.007,38.007,38.007,38.007,38.007,38.007,38.007,38.007,38.007,
37.409,37.409,37.409,37.409,37.409,37.409,37.409,37.409,37.409,37.409,37.409,37.409,37.409,37.409,37.409,37.409,37.409,37.409,37.409,37.409,37.409,37.409,37.409,37.409,
36.279,36.279,36.279,36.279,36.279,36.279,36.279,36.279,36.279,36.279,36.279,36.279,36.279,36.279,36.279,36.279,36.279,36.279,36.279,36.279,36.279,36.279,36.279,36.279,
34.817,34.817,34.817,34.817,34.817,34.817,34.817,34.817,34.817,34.817,34.817,34.817,34.817,34.817,34.817,34.817,34.817,34.817,34.817,34.817,34.817,34.817,34.817,34.817,
34.817,34.817,34.817,34.817,34.817,34.817,34.817,34.817,34.817,34.817,34.817,34.817,34.817,34.817,34.817,34.817,34.817,34.817,34.817,34.817,34.817,34.817,34.817,34.817,
34.817,34.817,34.817,34.817,34.817,34.817,34.817,34.817,34.817,34.817,34.817,34.817,34.817,34.817,34.817,34.817,34.817,34.817,34.817,34.817,34.817,34.817,34.817,34.817,
34.751,34.751,34.751,34.751,34.751,34.751,34.751,34.751,34.751,34.751,34.751,34.751,34.751,34.751,34.751,34.751,34.751,34.751,34.751,34.751,34.751,34.751,34.751,34.751,
34.684,34.684,34.684,34.684,34.684,34.684,34.684,34.684,34.684,34.684,34.684,34.684,34.684,34.684,34.684,34.684,34.684,34.684,34.684,34.684,34.684,34.684,34.684,34.684,
34.884,34.884,34.884,34.884,34.884,34.884,34.884,34.884,34.884,34.884,34.884,34.884,34.884,34.884,34.884,34.884,34.884,34.884,34.884,34.884,34.884,34.884,34.884,34.884,
34.884,34.884,34.884,34.884,34.884,34.884,34.884,34.884,34.884,34.884,34.884,34.884,34.884,34.884,34.884,34.884,34.884,34.884,34.884,34.884,34.884,34.884,34.884,34.884,
34.884,34.884,34.884,34.884,34.884,34.884,34.884,34.884,34.884,34.884,34.884,34.884,34.884,34.884,34.884,34.884,34.884,34.884,34.884,34.884,34.884,34.884,34.884,34.884,

54.533,54.533,54.533,54.533,54.533,54.33,54.33,54.33,54.33,54.33,54.33,54.398,54.398,54.398,54.465,54.465,54.465,54.465,54.465,54.533,54.533,54.533,54.601,54.736,
54.601,54.601,54.601,54.601,54.601,54.398,54.398,54.398,54.398,54.398,54.398,54.465,54.465,54.465,54.533,54.533,54.533,54.533,54.533,54.601,54.601,54.601,54.668,54.804,
54.533,54.601,54.601,54.601,54.601,54.398,54.398,54.398,54.398,54.398,54.398,54.465,54.465,54.465,54.533,54.533,54.533,54.533,54.533,54.601,54.601,54.601,54.668,54.804,
54.465,54.533,54.533,54.533,54.533,54.33,54.33,54.33,54.33,54.33,54.33,54.398,54.398,54.398,54.465,54.465,54.465,54.465,54.465,54.533,54.533,54.533,54.601,54.736,
54.533,54.601,54.601,54.601,54.601,54.398,54.398,54.398,54.398,54.398,54.398,54.465,54.465,54.465,54.533,54.533,54.533,54.533,54.533,54.601,54.601,54.601,54.668,54.804,
54.533,54.601,54.601,54.601,54.601,54.398,54.398,54.398,54.398,54.398,54.398,54.465,54.465,54.465,54.533,54.533,54.533,54.533,54.533,54.601,54.601,54.601,54.668,54.804,
54.533,54.601,54.601,54.601,54.601,54.398,54.398,54.398,54.398,54.398,54.398,54.465,54.465,54.465,54.533,54.533,54.533,54.533,54.533,54.601,54.601,54.601,54.668,54.804,
54.668,54.736,54.736,54.736,54.736,54.533,54.533,54.533,54.533,54.533,54.533,54.601,54.601,54.601,54.668,54.668,54.668,54.668,54.668,54.736,54.736,54.736,54.804,54.939,
54.939,55.007,55.007,55.007,55.007,54.804,54.804,54.804,54.804,54.804,54.804,54.871,54.871,54.871,54.939,54.939,54.939,54.939,54.939,55.007,55.007,55.007,55.074,55.21,
55.007,55.074,55.074,55.074,55.074,54.871,54.871,54.871,54.871,54.871,54.871,54.871,54.871,54.871,54.939,54.939,54.939,54.939,54.939,55.007,55.007,55.007,55.074,55.21,
55.074,55.142,55.142,55.142,55.142,54.939,54.939,54.939,54.939,54.939,54.939,54.939,54.939,54.939,55.007,55.007,55.007,55.007,55.007,55.074,55.074,55.074,55.142,55.277,
55.074,55.142,55.142,55.142,55.142,54.939,54.939,54.939,54.939,54.939,54.939,54.939,54.939,54.939,55.007,55.007,55.007,55.007,55.007,55.074,55.074,55.074,55.142,55.277,
54.871,54.939,54.939,54.939,54.939,54.939,54.939,54.939,54.939,54.939,54.939,54.939,54.939,54.939,55.007,55.007,55.007,55.007,55.007,55.074,55.074,55.074,55.142,55.277,
54.871,54.939,54.939,54.939,54.939,54.939,54.939,54.939,54.939,54.939,54.939,54.939,54.939,54.939,55.007,55.007,55.007,55.007,55.007,55.074,55.074,55.074,55.142,55.142,
54.939,55.007,55.007,55.007,55.007,55.007,55.007,55.007,55.007,55.007,55.007,55.007,55.007,55.007,55.277,55.277,55.277,55.277,55.277,55.345,55.142,55.142,55.21,55.21,
54.939,55.007,55.007,55.007,55.007,55.007,55.007,55.007,55.007,55.007,55.007,55.007,55.007,55.007,55.277,55.277,55.277,55.277,55.277,55.345,55.142,55.142,55.21,55.21,
54.939,55.007,55.007,55.007,55.007,55.007,55.007,55.007,55.007,55.007,55.007,55.007,55.007,55.007,55.277,55.277,55.277,55.277,55.277,55.345,55.142,55.142,55.21,55.21,
54.939,55.007,55.007,55.007,55.007,55.007,55.007,55.007,55.007,55.007,55.007,55.007,55.007,55.007,55.277,55.277,55.277,55.277,55.277,55.345,55.142,55.142,55.21,55.21,
54.939,55.277,55.277,55.277,55.277,55.277,55.277,55.277,55.277,55.277,55.277,55.277,55.277,55.277,55.277,55.277,55.277,55.277,55.277,55.345,55.142,55.142,55.21,55.21,
55.21,55.277,55.277,55.277,55.277,55.277,55.277,55.277,55.277,55.277,55.277,55.277,55.277,55.277,55.277,55.277,55.277,55.277,55.277,55.345,55.21,55.21,55.277,55.277,
55.21,55.277,55.277,55.277,55.277,55.277,55.277,55.277,55.277,55.277,55.277,55.277,55.277,55.277,55.277,55.277,55.277,55.277,55.277,55.345,55.21,55.21,55.277,55.277,
55.548,55.616,55.616,55.616,55.616,55.616,55.616,55.616,55.616,55.616,55.616,55.616,55.616,55.616,55.616,55.616,55.616,55.616,55.616,55.683,55.548,55.548,55.277,55.277,
55.548,55.616,55.616,55.616,55.616,55.616,55.616,55.616,55.616,55.616,55.616,55.616,55.616,55.616,55.616,55.616,55.616,55.616,55.616,55.683,55.548,55.548,55.277,55.277,
55.548,55.616,55.616,55.616,55.616,55.616,55.616,55.616,55.616,55.616,55.616,55.616,55.616,55.616,55.616,55.616,55.616,55.616,55.616,55.683,55.548,55.548,55.277,55.277,
55.548,55.616,55.616,55.616,55.616,55.616,55.616,55.616,55.616,55.616,55.616,55.616,55.616,55.616,55.616,55.616,55.616,55.616,55.616,55.683,55.548,55.548,55.277,55.277,
55.548,55.616,55.616,55.616,55.616,55.616,55.616,55.616,55.616,55.616,55.616,55.616,55.616,55.616,55.616,55.616,55.616,55.616,55.616,55.683,55.548,55.548,55.277,55.277,
55.413,55.48,55.48,55.48,55.48,55.48,55.48,55.48,55.48,55.48,55.48,55.48,55.48,55.48,55.48,55.48,55.48,55.48,55.48,55.548,55.413,55.413,55.142,55.142,
55.413,55.48,55.48,55.48,55.48,55.48,55.48,55.48,55.48,55.48,55.48,55.48,55.48,55.48,55.48,55.48,55.48,55.48,55.48,55.548,55.413,55.413,55.142,55.142,
55.413,55.48,55.48,55.48,55.48,55.48,55.48,55.48,55.48,55.48,55.48,55.48,55.48,55.48,55.48,55.48,55.48,55.48,55.48,55.548,55.413,55.413,55.142,55.142,
55.413,55.48,55.48,55.48,55.48,55.48,55.48,55.48,55.48,55.48,55.48,55.48,55.48,55.48,55.48,55.48,55.48,55.48,55.48,55.548,55.413,55.413,55.413,55.413,
55.413,55.48,55.48,55.48,55.48,55.48,55.48,55.48,55.48,55.48,55.48,55.48,55.48,55.48,55.48,55.48,55.48,55.48,55.48,55.548,55.413,55.413,55.413,55.413,
55.413,55.48,55.48,55.48,55.48,55.48,55.48,55.48,55.48,55.48,55.48,55.48,55.48,55.48,55.48,55.48,55.48,55.48,55.48,55.548,55.413,55.413,55.413,55.413,
55.345,55.413,55.413,55.413,55.413,55.413,55.413,55.413,55.413,55.413,55.413,55.413,55.413,55.413,55.413,55.413,55.413,55.413,55.413,55.48,55.345,55.345,55.345,55.345,
55.413,55.48,55.48,55.48,55.48,55.48,55.48,55.48,55.48,55.48,55.48,55.48,55.48,55.48,55.48,55.48,55.48,55.48,55.48,55.48,55.345,55.345,55.345,55.345,
55.413,55.48,55.48,55.48,55.48,55.48,55.48,55.48,55.48,55.48,55.48,55.48,55.48,55.48,55.48,55.48,55.48,55.48,55.48,55.48,55.345,55.345,55.345,55.345,
55.413,55.48,55.48,55.48,55.48,55.48,55.48,55.48,55.48,55.48,55.48,55.48,55.48,55.48,55.48,55.48,55.48,55.48,55.48,55.48,55.345,55.345,55.345,55.345,
55.345,55.345,55.345,55.345,55.345,55.345,55.345,55.345,55.345,55.345,55.345,55.345,55.345,55.345,55.345,55.345,55.345,55.345,55.345,55.345,55.345,55.345,55.345,55.345,
54.804,54.804,54.804,54.804,54.804,54.804,54.804,54.804,54.804,54.804,54.804,54.804,54.804,54.804,54.804,54.804,54.804,54.804,54.804,54.804,54.804,54.804,54.804,54.804,
54.804,54.804,54.804,54.804,54.804,54.804,54.804,54.804,54.804,54.804,54.804,54.804,54.804,54.804,54.804,54.804,54.804,54.804,54.804,54.804,54.804,54.804,54.804,54.804,
54.398,54.398,54.398,54.398,54.398,54.398,54.398,54.398,54.398,54.398,54.398,54.398,54.398,54.398,54.398,54.398,54.398,54.398,54.398,54.398,54.398,54.398,54.398,54.398,
54.398,54.398,54.398,54.398,54.398,54.398,54.398,54.398,54.398,54.398,54.398,54.398,54.398,54.398,54.398,54.398,54.398,54.398,54.398,54.398,54.398,54.398,54.398,54.398,
54.398,54.398,54.398,54.398,54.398,54.398,54.398,54.398,54.398,54.398,54.398,54.398,54.398,54.398,54.398,54.398,54.398,54.398,54.398,54.398,54.398,54.398,54.398,54.398,
53.315,53.315,53.315,53.315,53.315,53.315,53.315,53.315,53.315,53.315,53.315,53.315,53.315,53.315,53.315,53.315,53.315,53.315,53.315,53.315,53.315,53.315,53.315,53.315,
53.315,53.315,53.315,53.315,53.315,53.315,53.315,53.315,53.315,53.315,53.315,53.315,53.315,53.315,53.315,53.315,53.315,53.315,53.315,53.315,53.315,53.315,53.315,53.315,
53.18,53.18,53.18,53.18,53.18,53.18,53.18,53.18,53.18,53.18,53.18,53.18,53.18,53.18,53.18,53.18,53.18,53.18,53.18,53.18,53.18,53.18,53.18,53.18,
53.112,53.112,53.112,53.112,53.112,53.112,53.112,53.112,53.112,53.112,53.112,53.112,53.112,53.112,53.112,53.112,53.112,53.112,53.112,53.112,53.112,53.112,53.112,53.112,
53.18,53.18,53.18,53.18,53.18,53.18,53.18,53.18,53.18,53.18,53.18,53.18,53.18,53.18,53.18,53.18,53.18,53.18,53.18,53.18,53.18,53.18,53.18,53.18,
50.677,50.677,50.677,50.677,50.677,50.677,50.677,50.677,50.677,50.677,50.677,50.677,50.677,50.677,50.677,50.677,50.677,50.677,50.677,50.677,50.677,50.677,50.677,50.677,
50.541,50.541,50.541,50.541,50.541,50.541,50.541,50.541,50.541,50.541,50.541,50.541,50.541,50.541,50.541,50.541,50.541,50.541,50.541,50.541,50.541,50.541,50.541,50.541,
48.985,48.985,48.985,48.985,48.985,48.985,48.985,48.985,48.985,48.985,48.985,48.985,48.985,48.985,48.985,48.985,48.985,48.985,48.985,48.985,48.985,48.985,48.985,48.985,

44.799,44.428,44.354,44.354,44.354,44.354,44.354,44.354,44.354,44.354,43.982,43.982,43.982,43.982,43.982,43.982,43.982,43.982,43.982,43.982,43.462,42.496,42.496,42.496,
44.799,44.428,44.354,44.354,44.354,44.354,44.354,44.354,44.354,44.354,43.982,43.982,43.982,43.982,43.982,43.982,43.982,43.982,43.982,43.982,43.462,42.496,42.496,42.496,
44.725,44.354,44.279,44.279,44.279,44.279,44.279,44.279,44.279,44.279,43.908,43.908,43.908,43.908,43.908,43.908,43.908,43.908,43.908,43.908,43.388,42.422,42.422,42.422,
44.651,44.279,44.205,44.205,44.205,44.205,44.205,44.205,44.205,44.205,43.834,43.834,43.834,43.834,43.834,43.834,43.834,43.834,43.834,43.834,43.314,42.348,42.348,42.348,
44.651,44.279,44.205,44.205,44.205,44.205,44.205,44.205,44.205,44.205,43.834,43.834,43.834,43.834,43.834,43.834,43.834,43.834,43.834,43.834,43.314,42.348,42.348,42.348,
44.651,44.279,44.205,44.205,44.205,44.205,44.205,44.205,44.205,44.205,43.834,43.834,43.834,43.834,43.834,43.834,43.834,43.834,43.834,43.834,43.314,42.348,42.348,42.348,
44.651,44.279,44.205,44.205,44.205,44.205,44.205,44.205,44.205,44.205,43.834,43.834,43.834,43.834,43.834,43.834,43.834,43.834,43.834,43.834,43.314,42.348,42.348,42.348,
44.725,44.354,44.205,44.205,44.205,44.205,44.205,44.205,44.205,44.205,43.834,43.834,43.834,43.834,43.834,43.834,43.834,43.834,43.834,43.834,43.314,42.348,42.348,42.348,
44.725,44.354,44.205,44.205,44.205,44.205,44.205,44.205,44.205,44.205,43.834,43.834,43.834,43.834,43.834,43.834,43.834,43.834,43.834,43.834,43.314,42.348,42.348,42.348,
44.725,44.354,44.205,44.205,44.205,44.205,44.205,44.205,44.205,44.205,43.834,43.834,43.834,43.834,43.834,43.834,43.834,43.834,43.834,43.834,43.314,42.348,42.348,42.348,
44.725,44.354,44.205,44.205,44.205,44.205,44.205,44.205,44.205,44.205,43.834,43.834,43.834,43.834,43.834,43.834,43.834,43.834,43.834,43.834,43.314,42.348,42.348,42.348,
44.502,44.131,43.982,43.982,43.982,43.982,43.982,43.982,43.982,43.982,43.834,43.834,43.834,43.834,43.834,43.834,43.834,43.834,43.834,43.834,43.314,42.348,42.348,42.348,
44.502,44.131,43.982,43.982,43.982,43.982,43.982,43.982,43.982,43.982,43.834,43.834,43.834,43.834,43.834,43.834,43.834,43.834,43.834,43.834,43.314,42.348,42.348,42.348,
44.502,44.131,43.982,43.982,43.982,43.982,43.982,43.982,43.982,43.982,43.834,43.834,43.834,43.834,43.834,43.834,43.834,43.834,43.834,43.834,43.314,42.348,42.348,42.348,
44.502,44.131,43.982,43.982,43.982,43.982,43.982,43.982,43.982,43.982,43.834,43.834,43.834,43.834,43.834,43.834,43.834,43.834,43.834,43.834,43.314,42.125,42.125,42.125,
44.502,44.131,43.982,43.982,43.982,43.982,43.982,43.982,43.982,43.982,43.834,43.834,43.834,43.834,43.834,43.834,43.834,43.834,43.834,43.834,42.868,41.679,41.679,41.679,
44.502,44.131,43.982,43.982,43.982,43.982,43.982,43.982,43.982,43.982,43.834,43.834,43.834,43.834,43.834,43.834,43.834,43.834,43.834,43.834,42.868,41.902,41.679,41.679,
44.502,44.131,43.982,43.982,43.982,43.982,43.982,43.982,43.982,43.982,43.834,43.834,43.834,43.834,43.834,43.834,43.834,43.834,43.834,43.834,42.868,41.902,41.679,41.679,
44.502,44.131,43.982,43.982,43.982,43.982,43.982,43.982,43.982,43.982,43.834,43.834,43.834,43.834,43.834,43.834,43.834,43.834,43.834,43.834,42.868,41.902,41.605,41.605,
44.502,44.131,43.239,43.239,43.239,43.239,43.239,43.239,43.239,42.793,42.645,42.645,42.645,42.645,42.645,42.645,42.645,42.645,42.645,42.645,42.125,41.902,41.605,41.605,
43.165,42.273,42.125,42.125,42.125,42.125,42.125,42.125,42.125,42.125,42.125,42.125,42.125,42.125,42.125,42.125,42.125,42.125,42.125,42.125,42.125,42.125,41.828,41.828,
42.422,42.273,42.125,42.125,42.125,42.125,42.125,42.125,41.976,41.976,41.976,41.976,41.976,41.976,41.976,41.976,41.976,41.976,41.976,41.976,41.976,42.125,41.828,41.828,
42.422,42.125,41.976,41.976,41.976,41.976,41.976,41.976,41.976,41.976,41.976,41.976,41.976,41.976,41.976,41.976,41.976,41.976,41.976,41.976,41.976,42.125,41.828,41.828,
42.125,42.125,41.976,41.976,41.976,41.976,41.976,41.976,41.828,41.828,41.828,41.828,41.828,41.828,41.828,41.828,41.828,41.828,41.828,41.828,41.828,41.976,41.828,42.125,
42.125,42.125,41.753,41.753,41.753,41.753,41.753,41.753,41.753,41.753,41.753,41.753,41.753,41.753,41.753,41.753,41.753,41.753,41.753,41.753,41.753,41.976,41.828,42.125,
41.976,41.828,41.753,41.753,41.753,41.753,41.753,41.753,41.753,41.753,41.753,41.753,41.753,41.753,41.753,41.753,41.753,41.753,41.753,41.753,41.753,41.976,42.496,42.793,
41.828,41.828,41.753,41.753,41.753,41.753,41.753,41.753,41.753,41.753,41.753,41.753,41.753,41.753,41.753,41.753,41.753,41.753,41.753,41.753,41.753,41.976,42.496,42.793,
41.828,41.828,42.051,42.051,42.051,42.051,42.051,42.051,42.051,42.273,42.273,42.273,42.273,42.273,42.273,42.273,42.273,42.273,42.273,42.273,42.273,42.273,42.793,42.793,
41.828,42.051,42.793,42.793,42.793,42.793,42.793,42.793,42.793,42.793,42.793,42.793,42.793,42.793,42.793,42.793,42.793,42.793,42.793,42.793,42.793,42.793,42.793,42.793,
42.273,42.793,42.793,42.793,42.793,42.793,42.793,42.793,42.793,42.793,42.793,42.793,42.793,42.793,42.793,42.793,42.793,42.793,42.793,42.793,42.793,42.793,42.793,42.793,
42.793,42.793,42.793,42.793,42.793,42.793,42.793,42.793,42.793,42.793,42.793,42.793,42.793,42.793,42.793,42.793,42.793,42.793,42.793,42.793,42.793,42.793,42.793,42.793,
42.793,42.793,42.793,42.793,42.793,42.793,42.793,42.793,42.793,42.793,42.793,42.793,42.793,42.793,42.793,42.793,42.793,42.793,42.793,42.793,42.793,42.793,42.793,42.793,
42.793,42.793,42.793,42.793,42.793,42.793,42.793,42.793,42.793,42.793,42.793,42.793,42.793,42.793,42.793,42.793,42.793,42.793,42.793,42.793,42.793,42.793,42.793,42.793,
42.793,42.793,42.793,42.793,42.793,42.793,42.793,42.793,42.793,42.793,42.793,42.793,42.793,42.793,42.793,42.793,42.793,42.793,42.793,42.793,42.793,42.793,42.793,42.793,
42.793,42.793,42.793,42.793,42.793,42.793,42.793,42.793,42.793,42.793,42.793,42.793,42.793,42.793,42.793,42.793,42.793,42.793,42.793,42.793,42.793,42.793,42.793,42.793,
42.793,42.793,42.793,42.793,42.793,42.793,42.793,42.793,42.793,42.793,42.793,42.793,42.793,42.793,42.793,42.793,42.793,42.793,42.793,42.793,42.793,42.793,42.793,42.793,
42.793,42.793,42.793,42.793,42.793,42.793,42.793,42.793,42.793,42.793,42.793,42.793,42.793,42.793,42.793,42.793,42.793,42.793,42.793,42.793,42.793,42.793,42.793,42.793,
42.793,42.793,42.793,42.793,42.793,42.793,42.793,42.793,42.793,42.793,42.793,42.793,42.793,42.793,42.793,42.793,42.793,42.793,42.793,42.793,42.793,42.793,42.793,42.793,
42.793,42.793,42.793,42.793,42.793,42.793,42.793,42.793,42.793,42.793,42.793,42.793,42.793,42.793,42.793,42.793,42.793,42.793,42.793,42.793,42.793,42.793,42.793,42.793,
42.793,42.793,42.793,42.793,42.793,42.793,42.793,42.793,42.793,42.793,42.793,42.793,42.793,42.793,42.793,42.793,42.793,42.793,42.793,42.793,42.793,42.793,42.793,42.793,
42.793,42.793,42.793,42.793,42.793,42.793,42.793,42.793,42.793,42.793,42.793,42.793,42.793,42.793,42.793,42.793,42.793,42.793,42.793,42.793,42.793,42.793,42.793,42.793,
42.793,42.793,42.793,42.793,42.793,42.793,42.793,42.793,42.793,42.793,42.793,42.793,42.793,42.793,42.793,42.793,42.793,42.793,42.793,42.793,42.793,42.793,42.793,42.793,
42.793,42.793,42.793,42.793,42.793,42.793,42.793,42.793,42.793,42.793,42.793,42.793,42.793,42.793,42.793,42.793,42.793,42.793,42.793,42.793,42.793,42.793,42.793,42.793,
42.793,42.793,42.793,42.793,42.793,42.793,42.793,42.793,42.793,42.793,42.793,42.793,42.793,42.793,42.793,42.793,42.793,42.793,42.793,42.793,42.793,42.793,42.793,42.793,
42.793,42.793,42.793,42.793,42.793,42.793,42.793,42.793,42.793,42.793,42.793,42.793,42.793,42.793,42.793,42.793,42.793,42.793,42.793,42.793,42.793,42.793,42.793,42.793,
42.793,42.793,42.793,42.793,42.793,42.793,42.793,42.793,42.793,42.793,42.793,42.793,42.793,42.793,42.793,42.793,42.793,42.793,42.793,42.793,42.793,42.793,42.793,42.793,
42.793,42.793,42.793,42.793,42.793,42.793,42.793,42.793,42.793,42.793,42.793,42.793,42.793,42.793,42.793,42.793,42.793,42.793,42.793,42.793,42.793,42.793,42.793,42.793,
42.793,42.793,42.793,42.793,42.793,42.793,42.793,42.793,42.793,42.793,42.793,42.793,42.793,42.793,42.793,42.793,42.793,42.793,42.793,42.793,42.793,42.793,42.793,42.793,
42.793,42.793,42.793,42.793,42.793,42.793,42.793,42.793,42.793,42.793,42.793,42.793,42.793,42.793,42.793,42.793,42.793,42.793,42.793,42.793,42.793,42.793,42.793,42.793,
42.793,42.793,42.793,42.793,42.793,42.793,42.793,42.793,42.793,42.793,42.793,42.793,42.793,42.793,42.793,42.793,42.793,42.793,42.793,42.793,42.793,42.793,42.793,42.793,

41.614,41.614,41.614,41.928,41.693,41.614,41.693,41.536,41.536,41.85,42.006,42.006,42.085,42.006,42.085,42.085,42.163,42.163,42.163,42.868,43.339,43.339,43.339,43.339,
41.693,41.693,41.693,42.241,42.006,41.928,41.928,41.771,41.771,42.085,42.241,42.241,42.32,42.241,42.32,42.32,42.398,42.398,42.398,42.868,43.339,43.339,43.339,43.339,
41.771,41.614,41.614,42.163,42.006,41.928,41.928,41.771,41.771,42.085,42.241,42.241,42.32,42.241,42.32,42.32,42.398,42.398,42.398,42.868,43.339,43.339,43.339,43.339,
41.771,41.693,41.693,42.163,42.006,41.928,41.928,41.771,41.771,42.085,42.241,42.241,42.32,42.241,42.32,42.32,42.398,42.398,42.398,42.868,43.339,43.339,43.339,43.339,
42.085,42.006,42.006,42.476,42.32,42.241,42.241,42.085,42.085,42.398,42.555,42.555,42.633,42.555,42.633,42.633,42.712,42.712,42.712,43.182,43.652,43.652,43.652,43.652,
42.085,42.006,42.006,42.32,42.163,42.085,42.085,41.928,41.928,42.241,42.398,42.398,42.476,42.398,42.476,42.476,42.712,42.712,42.712,43.182,43.652,43.652,43.652,43.652,
42.476,42.241,42.241,42.32,42.163,42.085,42.085,41.928,41.928,42.241,42.398,42.398,42.476,42.398,42.476,42.476,42.712,42.712,42.712,43.182,43.652,43.652,43.652,43.652,
42.476,42.32,42.32,42.398,42.241,42.163,42.163,42.006,42.006,42.32,42.476,42.476,42.555,42.476,42.555,42.555,42.79,42.79,42.79,43.26,43.73,43.73,43.73,43.73,
42.633,42.476,42.476,42.476,42.32,42.241,42.241,42.085,42.085,42.398,42.555,42.555,42.633,42.555,42.633,42.633,42.868,42.868,42.868,43.339,43.809,43.809,43.809,43.809,
42.712,42.555,42.476,42.398,42.241,42.163,41.928,41.85,41.85,42.163,42.32,42.32,42.398,42.32,42.398,42.398,42.633,42.633,42.633,43.103,43.574,43.574,43.574,43.574,
42.79,42.633,42.555,42.476,42.32,42.241,42.006,41.928,41.928,42.241,42.398,42.398,42.476,42.398,42.476,42.476,42.712,42.712,42.712,43.182,43.652,43.652,43.652,43.652,
42.79,42.633,42.476,42.398,42.241,42.241,42.006,41.928,41.928,42.241,42.398,42.398,42.555,42.476,42.555,42.555,42.79,42.79,42.79,43.26,43.73,43.73,43.73,43.73,
42.79,42.555,42.398,42.32,42.241,42.241,42.006,41.771,41.771,42.085,42.241,42.241,42.398,42.32,42.398,42.398,42.633,42.633,42.633,43.103,43.574,43.574,43.574,43.574,
42.79,42.555,42.32,42.241,42.163,42.163,42.006,41.771,41.771,42.085,42.241,42.241,42.398,42.32,42.398,42.398,42.633,42.633,42.633,43.103,43.574,43.574,43.574,43.574,
42.555,42.555,42.32,42.241,42.163,42.163,42.006,41.771,41.771,42.085,42.241,42.241,42.398,42.32,42.398,42.398,42.633,42.633,42.633,43.103,43.574,43.574,43.574,43.574,
43.025,42.947,42.712,42.633,42.555,42.555,42.633,42.398,42.398,42.712,42.868,42.868,43.025,42.947,43.025,43.025,43.26,43.26,43.26,43.73,43.73,43.73,43.73,43.73,
43.025,42.947,42.712,42.633,42.555,42.476,42.555,42.241,42.241,42.555,42.712,42.712,42.868,42.79,42.868,42.868,43.103,43.103,43.103,43.574,43.574,43.574,43.574,43.574,
42.712,42.633,42.398,42.32,42.241,42.163,42.006,42.006,42.006,42.32,42.476,42.476,42.633,42.555,42.633,42.633,42.868,42.868,42.868,43.339,43.339,43.339,43.339,43.339,
42.712,42.555,42.32,42.241,42.241,42.163,42.006,41.928,41.928,42.241,42.398,42.398,42.555,42.476,42.555,42.555,42.79,42.79,42.79,43.26,43.26,43.26,43.26,43.26,
42.555,42.398,42.163,42.085,42.163,42.085,41.928,42.006,42.006,42.241,42.398,42.398,42.555,42.476,42.555,42.555,42.79,42.79,42.79,43.26,43.26,43.26,43.26,43.26,
42.476,42.32,42.085,41.928,42.006,41.928,41.85,41.928,41.928,42.163,42.32,42.32,42.476,42.398,42.476,42.476,42.79,42.79,42.79,43.26,43.26,43.26,43.26,43.26,
42.79,42.476,42.241,42.085,42.163,42.085,42.085,42.163,42.163,42.398,42.555,42.555,42.633,42.555,42.633,42.633,42.947,42.947,42.947,43.417,43.417,43.417,43.417,43.417,
42.79,42.476,42.241,42.085,42.163,42.085,42.163,42.241,42.241,42.398,42.555,42.555,42.633,42.555,42.633,42.712,43.025,43.025,43.025,43.495,43.495,43.495,43.495,43.495,
43.025,42.712,42.476,42.32,42.398,42.32,42.398,42.476,42.476,42.633,42.79,42.79,42.868,42.79,42.868,42.947,43.26,43.26,43.26,43.495,43.495,43.495,43.495,43.495,
43.025,42.712,42.476,42.32,42.398,42.32,42.398,42.476,42.476,42.633,42.79,42.79,42.868,42.79,42.868,42.947,43.26,43.26,43.26,43.495,43.495,43.495,43.495,43.495,
43.025,42.712,42.476,42.32,42.398,42.32,42.398,42.476,42.476,42.633,42.79,42.79,42.868,42.79,42.868,42.947,43.26,43.26,43.26,43.495,43.495,43.495,43.495,43.495,
43.025,42.712,42.476,42.32,42.398,42.32,42.398,42.476,42.476,42.633,42.79,42.79,42.868,42.79,42.868,42.947,43.26,43.26,43.26,43.495,43.495,43.495,43.495,43.495,
43.182,42.868,42.633,42.476,42.555,42.476,42.555,42.633,42.633,42.79,42.947,42.947,43.025,43.025,43.103,43.182,43.26,43.26,43.26,43.495,43.495,43.495,43.495,43.495,
43.103,42.79,42.555,42.398,42.476,42.476,42.555,42.633,42.633,42.79,42.947,42.947,43.025,43.025,43.103,43.182,43.26,43.26,43.26,43.495,43.495,43.495,43.495,43.495,
43.103,42.947,42.712,42.32,42.476,42.476,42.555,42.633,42.633,42.79,42.947,42.947,43.025,43.025,43.103,43.182,43.495,43.495,43.495,43.495,43.495,43.495,43.495,43.495,
43.025,42.868,42.633,42.32,42.476,42.476,42.555,42.633,42.633,42.79,42.947,42.947,43.025,43.025,43.103,43.182,43.495,43.495,43.495,43.495,43.495,43.495,43.495,43.495,
43.025,42.868,42.633,42.32,42.476,42.476,42.555,42.633,42.633,42.79,42.947,42.947,43.025,43.025,43.103,43.182,43.495,43.495,43.495,43.495,43.495,43.495,43.495,43.495,
43.025,42.868,42.633,42.32,42.476,42.476,42.555,42.633,42.633,42.79,42.947,42.947,43.025,43.025,43.103,43.182,43.495,43.495,43.495,43.495,43.495,43.495,43.495,43.495,
42.947,42.79,42.633,42.32,42.476,42.476,42.555,42.633,42.633,42.79,42.947,42.947,43.025,43.025,43.103,43.182,43.495,43.495,43.495,43.495,43.495,43.495,43.495,43.495,
42.555,42.398,42.32,42.32,42.476,42.476,42.555,42.633,42.633,42.79,42.947,42.947,43.025,43.025,43.103,43.182,43.182,43.182,43.182,43.182,43.182,43.182,43.182,43.182,
42.633,42.476,42.398,42.398,42.476,42.476,42.555,42.633,42.633,42.79,42.947,42.947,43.025,43.025,43.103,43.182,43.182,43.182,43.182,43.182,43.182,43.182,43.182,43.182,
42.476,42.476,42.398,42.398,42.476,42.476,42.555,42.633,42.633,42.79,42.947,42.947,43.025,43.025,43.103,43.182,43.182,43.182,43.182,43.182,43.182,43.182,43.182,43.182,
42.555,42.555,42.555,42.555,42.633,42.633,42.712,42.79,42.79,42.79,42.947,42.947,43.025,43.025,43.103,43.182,43.182,43.182,43.182,43.182,43.182,43.182,43.182,43.182,
42.712,42.712,42.712,42.712,42.79,42.79,42.868,42.947,42.947,42.947,42.947,42.947,43.025,43.025,43.103,43.182,43.182,43.182,43.182,43.182,43.182,43.182,43.182,43.182,
42.712,42.712,42.712,42.712,42.79,42.79,42.868,42.947,42.947,42.947,42.947,42.947,43.025,43.025,43.103,43.182,43.182,43.182,43.182,43.182,43.182,43.182,43.182,43.182,
42.712,42.712,42.712,42.712,42.79,42.79,42.868,42.947,42.947,42.947,42.947,42.947,43.025,43.025,43.103,43.182,43.182,43.182,43.182,43.182,43.182,43.182,43.182,43.182,
42.712,42.712,42.712,42.79,42.868,42.868,42.947,43.025,43.025,43.025,43.025,43.025,43.103,43.103,43.182,43.26,43.26,43.26,43.26,43.26,43.26,43.26,43.26,43.26,
42.712,42.712,42.712,42.79,42.868,42.868,42.947,43.025,43.025,43.025,43.025,43.025,43.103,43.103,43.182,43.26,43.26,43.26,43.26,43.26,43.26,43.26,43.26,43.26,
42.712,42.712,42.712,42.79,42.868,42.868,42.947,43.025,43.025,43.025,43.025,43.025,43.103,43.103,43.182,43.26,43.26,43.26,43.26,43.26,43.26,43.26,43.26,43.26,
42.712,42.712,42.712,42.79,42.868,42.868,42.947,43.025,43.025,43.025,43.025,43.025,43.103,43.103,43.182,43.26,43.26,43.26,43.26,43.26,43.26,43.26,43.26,43.26,
42.79,42.79,42.79,42.79,42.868,42.868,42.947,43.025,43.025,43.025,43.025,43.025,43.103,43.103,43.182,43.26,43.26,43.26,43.26,43.26,43.26,43.26,43.26,43.26,
42.79,42.79,42.79,42.868,42.947,42.947,43.025,43.103,43.103,43.103,43.103,43.103,43.103,43.103,43.182,43.26,43.26,43.26,43.26,43.26,43.26,43.26,43.26,43.26,
42.79,42.79,42.79,42.947,43.025,43.025,43.103,43.182,43.182,43.182,43.182,43.182,43.182,43.182,43.26,43.26,43.26,43.26,43.26,43.26,43.26,43.26,43.26,43.26,
43.103,43.103,43.182,43.26,43.339,43.339,43.417,43.495,43.495,43.495,43.495,43.495,43.495,43.495,43.574,43.574,43.574,43.574,43.574,43.574,43.574,43.574,43.574,43.574,
41.458,41.458,41.536,41.85,41.928,41.928,41.928,41.928,41.928,41.928,41.928,41.928,41.928,41.928,41.928,41.928,41.928,41.928,41.928,41.928,41.928,41.928,41.928,41.928,

39.009,38.609,38.689,38.769,38.929,38.929,38.929,39.089,39.329,38.609,37.89,37.73,37.73,37.41,36.691,36.531,36.531,36.531,36.611,36.611,36.771,36.771,36.771,36.611,
39.009,38.689,38.689,38.769,38.929,38.929,38.929,39.089,39.329,38.609,37.89,37.73,37.73,37.41,36.691,36.531,36.531,36.531,36.611,36.611,36.771,36.771,36.771,36.611,
38.929,38.609,38.609,38.689,38.929,38.929,38.929,39.089,39.329,38.609,37.89,37.73,37.73,37.41,36.691,36.531,36.531,36.531,36.611,36.611,36.771,36.771,36.771,36.611,
38.929,38.689,38.689,38.769,38.929,38.929,38.929,39.089,39.329,38.609,37.89,37.73,37.73,37.41,36.691,36.531,36.531,36.531,36.611,36.611,36.771,36.771,36.771,36.611,
39.009,38.849,38.849,38.929,39.089,39.089,39.089,39.249,39.408,38.849,38.209,38.05,38.05,37.73,37.01,36.851,36.851,36.851,36.93,36.93,37.09,37.09,37.09,36.93,
38.929,38.849,38.849,38.929,39.089,39.089,39.089,39.249,39.408,38.849,38.289,38.129,38.129,37.81,37.09,36.93,36.93,36.93,37.01,37.01,37.17,37.17,37.17,37.01,
38.529,38.529,38.529,38.609,38.769,38.769,38.769,38.929,39.089,38.529,38.289,38.129,38.129,37.81,37.09,36.93,36.93,36.93,37.01,37.01,37.17,37.17,37.17,37.01,
38.449,38.529,38.529,38.609,38.769,38.609,38.609,38.769,38.929,38.369,38.289,38.129,38.129,37.81,37.09,36.93,36.93,36.93,37.01,37.01,37.17,37.17,37.17,37.01,
38.289,38.369,38.369,38.449,38.609,38.449,38.449,38.609,38.769,38.209,38.129,37.97,37.97,37.65,36.93,36.771,36.771,36.771,37.01,37.01,37.17,37.17,37.17,37.01,
38.289,38.369,38.369,38.449,38.609,38.449,38.449,38.609,38.769,38.209,38.129,37.97,37.97,37.65,36.93,36.771,36.771,36.771,37.01,37.01,37.17,37.17,37.17,37.01,
38.369,38.449,38.449,38.529,38.689,38.529,38.529,38.449,38.609,38.05,37.89,37.73,37.73,37.41,36.691,36.531,36.531,36.531,36.771,36.771,36.93,36.93,36.93,36.771,
38.449,38.609,38.609,38.689,38.849,38.689,38.689,38.609,38.769,38.209,38.209,38.05,38.05,37.73,37.01,36.851,36.851,36.851,37.09,37.09,37.17,37.17,37.17,37.01,
38.529,38.689,38.689,38.689,38.849,38.689,38.689,38.609,38.769,38.209,38.209,38.05,38.05,37.73,37.01,36.851,36.851,36.851,37.09,37.09,37.17,37.17,37.17,37.01,
38.289,38.529,38.369,38.369,38.689,38.529,38.529,38.449,38.609,38.05,38.05,37.97,37.97,37.65,36.93,36.691,36.691,36.691,36.93,36.93,37.01,37.01,37.01,36.851,
38.609,38.929,38.769,38.769,39.089,38.929,38.929,38.849,38.929,38.369,38.369,38.289,38.289,37.97,37.25,37.01,37.01,37.01,37.25,37.25,37.33,37.33,37.33,37.17,
38.609,38.929,38.769,38.769,39.089,38.929,38.929,38.849,38.929,38.449,38.449,38.369,38.369,38.05,37.33,37.09,37.09,37.09,37.25,37.25,37.33,37.33,37.33,37.17,
38.369,38.449,38.289,38.289,38.609,38.449,38.449,38.369,38.449,38.209,38.209,38.129,38.129,37.81,37.01,36.771,36.771,36.771,36.93,36.93,37.01,37.01,37.01,36.851,
38.449,38.529,38.369,38.369,38.689,38.529,38.529,38.449,38.529,38.289,38.289,38.209,38.209,37.89,37.09,36.851,36.851,36.851,37.01,37.01,37.01,37.01,37.01,36.851,
38.529,38.529,38.369,38.369,38.689,38.529,38.529,38.449,38.529,38.289,38.289,38.209,38.209,37.89,37.09,36.851,36.851,36.851,37.01,37.01,37.01,37.01,37.01,36.851,
38.369,38.369,38.369,38.289,38.449,38.449,38.449,38.369,38.369,38.209,38.129,38.129,38.129,37.89,37.09,37.17,37.17,37.17,37.17,37.17,37.17,37.17,37.17,37.01,
38.369,38.369,38.449,38.369,38.529,38.529,38.529,38.929,38.929,38.769,38.689,38.689,38.689,37.97,37.09,37.17,37.17,37.17,37.17,37.17,37.17,37.17,37.17,37.01,
38.369,38.369,38.449,38.369,38.529,38.529,38.529,38.929,38.929,39.249,39.888,39.888,39.888,39.169,37.57,37.17,37.17,37.17,37.17,37.17,37.17,37.17,37.17,37.01,
38.449,38.449,38.689,38.769,38.849,38.849,38.849,38.849,38.849,39.888,39.888,39.888,39.888,39.249,37.65,37.17,37.17,37.17,37.17,37.17,37.17,37.17,37.17,37.01,
38.369,38.369,38.609,38.689,39.089,39.089,39.089,39.089,39.089,40.048,40.128,40.128,40.128,39.249,37.49,36.93,36.93,36.93,36.93,36.93,36.93,36.93,36.93,36.771,
39.249,39.249,39.249,39.329,40.048,40.048,40.048,40.048,40.048,40.128,40.128,40.128,40.128,39.249,37.49,36.93,36.93,36.93,36.93,36.93,36.93,36.93,36.93,36.771,
39.488,39.329,39.329,39.408,40.048,40.048,40.048,40.048,40.048,40.128,40.128,40.128,40.128,39.249,37.65,37.09,37.09,37.09,37.09,37.09,37.09,37.09,37.09,36.93,
40.048,39.968,39.968,40.128,40.128,40.128,40.128,40.128,40.128,40.128,40.128,40.128,40.128,39.249,37.65,37.09,37.09,37.09,37.09,37.09,37.09,37.09,37.09,36.93,
40.128,40.128,40.128,40.128,40.128,40.128,40.128,40.128,40.128,40.128,40.128,40.128,40.128,39.249,37.01,35.971,35.971,35.971,35.971,35.971,35.971,35.971,35.971,35.811,
40.128,40.128,40.128,40.128,40.128,40.128,40.128,40.128,40.128,40.128,40.128,40.128,40.128,39.249,37.01,36.131,36.131,36.131,36.131,36.131,36.131,36.131,36.131,35.971,
40.128,40.128,40.128,40.128,40.128,40.128,40.128,40.128,40.128,40.128,40.128,40.128,40.128,39.249,37.01,36.131,36.131,36.131,36.131,36.131,36.131,36.131,36.131,35.971,
40.128,40.128,40.128,40.128,40.128,40.128,40.128,40.128,40.128,40.128,40.128,40.128,40.128,39.249,37.01,36.371,36.371,36.371,36.371,36.371,36.371,36.371,36.371,36.211,
40.128,40.128,40.128,40.128,40.128,40.128,40.128,40.128,40.128,40.128,40.128,40.128,40.128,39.249,37.01,36.371,36.371,36.371,36.371,36.371,36.371,36.371,36.371,36.211,
40.128,40.128,40.128,40.128,40.128,40.128,40.128,40.128,40.128,40.128,40.128,40.128,40.128,39.249,37.01,36.211,36.211,36.211,36.211,36.211,36.211,36.211,36.211,36.131,
40.128,40.128,40.128,40.128,40.128,40.128,40.128,40.128,40.128,40.128,40.128,40.128,40.128,39.089,36.851,36.051,36.051,36.051,36.051,36.051,36.051,36.051,36.051,35.971,
40.128,40.128,40.128,40.128,40.128,40.128,40.128,40.128,40.128,40.128,40.128,40.128,40.128,39.009,36.291,35.492,35.492,35.492,35.492,35.492,35.492,35.492,35.492,35.492,
40.128,40.128,40.128,40.128,40.128,40.128,40.128,40.128,40.128,40.128,40.128,40.128,40.128,39.009,36.291,35.492,35.492,35.492,35.492,35.492,35.492,35.492,35.492,35.492,
40.128,40.128,40.128,40.128,40.128,40.128,40.128,40.128,40.128,40.128,40.128,40.128,40.128,39.009,36.371,35.412,35.412,35.412,35.412,35.412,35.412,35.412,35.412,35.412,
40.128,40.128,40.128,40.128,40.128,40.128,40.128,40.128,40.128,40.128,40.128,40.128,40.128,39.009,36.371,34.772,34.772,34.772,34.772,34.772,34.772,34.772,34.772,34.772,
40.128,40.128,40.128,40.128,40.128,40.128,40.128,40.128,40.128,40.128,40.128,40.128,40.128,39.009,35.811,34.213,34.213,34.213,34.213,34.213,34.213,34.213,34.213,34.213,
40.128,40.128,40.128,40.128,40.128,40.128,40.128,40.128,40.128,40.128,40.128,40.128,40.128,39.009,35.651,34.053,34.053,34.053,34.053,34.053,34.053,34.053,34.053,34.053,
40.128,40.128,40.128,40.128,40.128,40.128,40.128,40.128,40.128,40.128,40.128,40.128,40.128,39.009,35.332,33.733,33.733,33.733,33.733,33.733,33.733,33.733,33.733,33.733,
40.128,40.128,40.128,40.128,40.128,40.128,40.128,40.128,40.128,40.128,40.128,40.128,40.128,39.009,35.332,33.733,33.733,33.733,33.733,33.733,33.733,33.733,33.733,33.733,
40.128,40.128,40.128,40.128,40.128,40.128,40.128,40.128,40.128,40.128,40.128,40.128,40.128,39.728,36.051,34.452,34.452,34.452,34.452,34.452,34.452,34.452,34.452,34.452,
40.128,40.128,40.128,40.128,40.128,40.128,40.128,40.128,40.128,40.128,40.128,40.128,40.128,39.488,35.811,33.973,33.973,33.973,33.973,33.973,33.973,33.973,33.973,33.973,
40.128,40.128,40.128,40.128,40.128,40.128,40.128,40.128,40.128,40.128,40.128,40.128,40.128,39.488,35.811,33.973,33.973,33.973,33.973,33.973,33.973,33.973,33.973,33.973,
40.128,40.128,40.128,40.128,40.128,40.128,40.128,40.128,40.128,40.128,40.128,40.128,40.128,39.488,35.811,33.973,33.973,33.973,33.973,33.973,33.973,33.973,33.973,33.973,
40.128,40.128,40.128,40.128,40.128,40.128,40.128,40.128,40.128,40.128,40.128,40.128,40.128,39.488,35.811,34.053,34.053,34.053,34.053,34.053,34.053,34.053,34.053,34.053,
40.128,40.128,40.128,40.128,40.128,40.128,40.128,40.128,40.128,40.128,40.128,40.128,40.128,39.808,36.611,34.852,34.852,34.852,34.852,34.852,34.852,34.852,34.852,34.852,
40.128,40.128,40.128,40.128,40.128,40.128,40.128,40.128,40.128,40.128,40.128,40.128,40.128,39.808,36.611,34.852,34.852,34.852,34.852,34.852,34.852,34.852,34.852,34.852,
36.371,36.371,36.371,36.371,36.371,36.371,36.371,36.371,36.371,36.371,36.371,36.371,36.371,36.051,35.731,34.852,34.852,34.852,34.852,34.852,34.852,34.852,34.852,34.852,

57.131,57.732,57.904,57.904,57.904,57.818,57.99,57.904,58.076,57.99,58.591,58.333,58.505,59.021,58.677,58.247,57.904,57.388,57.131,56.959,57.045,56.873,56.959,56.959,
57.388,57.818,57.99,57.818,57.818,57.732,57.904,57.818,57.99,57.904,58.505,58.333,58.505,59.021,58.677,58.247,57.904,57.131,56.873,56.701,56.787,56.615,56.701,56.701,
57.904,58.076,58.247,58.076,58.076,57.732,57.904,57.818,57.99,57.904,58.505,58.333,58.505,59.021,58.677,58.247,57.904,57.131,56.873,56.529,56.615,56.443,56.529,56.529,
58.076,58.247,58.333,58.162,58.162,57.818,57.99,57.904,58.076,57.99,58.505,58.333,58.505,59.021,58.677,58.247,57.904,57.131,56.873,56.529,56.615,56.443,56.529,56.529,
58.162,58.247,58.333,58.162,58.162,57.818,57.904,57.904,57.99,57.99,58.591,58.333,58.419,58.763,58.419,57.56,57.216,56.787,56.615,56.357,56.443,56.271,56.357,56.357,
58.333,58.247,58.505,58.247,58.247,57.99,57.99,58.076,58.162,58.247,58.763,58.591,58.677,58.763,58.419,57.56,57.216,56.787,56.615,56.357,56.443,56.271,56.357,56.357,
58.333,58.247,58.591,58.333,58.333,58.076,57.99,58.076,58.162,58.247,58.591,58.763,58.849,59.021,58.677,57.818,57.216,56.873,56.529,56.271,56.271,56.186,56.186,56.186,
58.333,58.333,58.591,58.247,58.247,57.818,57.904,57.99,58.076,58.333,58.591,58.591,58.677,58.849,58.505,57.904,57.302,56.959,56.615,56.357,56.357,56.271,56.186,56.186,
58.333,58.076,58.247,57.99,57.99,57.732,57.818,57.99,58.076,58.419,58.763,58.591,58.591,58.505,58.247,57.818,57.216,56.873,56.529,56.443,56.443,56.357,56.186,56.186,
58.162,57.904,58.076,57.56,57.732,57.474,57.732,57.904,57.99,58.162,58.763,58.591,58.591,58.505,58.247,57.818,57.216,56.787,56.271,56.186,56.186,56.1,55.928,55.928,
58.162,57.56,57.474,56.873,57.045,56.787,57.045,57.216,57.302,57.474,57.99,57.818,57.818,57.99,57.732,57.388,56.787,56.271,56.271,56.186,56.186,56.1,55.928,55.928,
58.076,57.302,57.216,56.701,56.873,56.615,56.873,57.045,57.131,57.302,57.818,57.818,57.818,57.99,57.732,57.302,56.701,56.186,56.186,56.186,56.186,56.014,55.842,55.842,
57.732,57.045,56.873,56.615,56.787,56.701,57.045,57.045,57.131,57.131,57.646,57.646,57.646,57.732,57.474,57.302,56.701,56.186,56.186,56.186,56.186,56.014,55.842,55.842,
57.216,57.045,56.959,56.873,56.959,56.873,57.131,57.131,57.216,57.216,57.732,57.732,57.732,57.732,57.474,57.302,56.701,56.271,56.271,56.271,56.271,56.1,55.928,55.928,
57.302,57.216,57.045,56.873,56.959,56.873,57.131,57.131,57.216,57.216,57.732,57.732,57.732,57.732,57.474,57.302,56.701,56.271,56.271,56.271,56.271,56.1,55.928,55.928,
57.045,57.045,56.959,56.959,56.959,56.873,57.131,57.131,57.216,57.216,57.732,57.732,57.732,57.732,57.474,57.302,56.701,56.271,56.271,56.271,56.271,56.1,55.928,55.928,
57.302,57.302,57.216,57.302,57.302,57.216,57.474,57.474,57.56,57.56,57.818,57.818,57.818,57.818,57.56,57.388,56.787,56.443,56.443,56.443,56.443,56.271,56.1,56.1,
57.646,57.388,57.302,57.388,57.388,57.474,57.818,57.818,57.904,57.904,57.818,57.818,57.818,57.818,57.56,57.388,56.787,56.443,56.443,56.443,56.443,56.271,56.1,56.1,
57.474,57.216,57.131,57.302,57.302,57.388,57.646,57.646,57.732,57.732,57.646,57.646,57.646,57.646,57.388,57.045,56.873,56.357,56.357,56.357,56.357,56.186,56.014,56.014,
57.474,57.216,57.131,57.302,57.302,57.388,57.646,57.646,57.732,57.732,57.646,57.646,57.732,57.732,57.474,57.131,56.959,56.357,56.357,56.357,56.357,56.186,56.014,56.014,
57.56,57.388,57.388,57.388,57.388,57.474,57.732,57.732,57.732,57.732,57.646,57.646,57.732,57.732,57.474,57.131,56.959,56.443,56.443,56.443,56.443,56.186,56.014,56.014,
57.474,57.302,57.302,57.302,57.302,57.474,57.646,57.646,57.646,57.732,57.56,57.56,57.56,57.56,57.302,57.131,56.959,56.443,56.443,56.443,56.443,56.186,56.014,56.014,
57.302,57.131,57.131,57.131,57.131,57.302,57.474,57.474,57.474,57.56,57.474,57.474,57.474,57.474,57.216,57.045,56.873,56.529,56.529,56.529,56.529,56.271,56.1,56.1,
57.302,57.045,57.045,57.045,57.045,57.302,57.474,57.474,57.474,57.56,57.388,57.388,57.388,57.474,57.388,57.045,56.873,56.529,56.529,56.529,56.529,56.271,56.1,56.1,
57.216,57.045,57.045,57.045,57.045,57.302,57.474,57.474,57.474,57.56,57.56,57.56,57.56,57.646,57.56,57.216,57.045,56.701,56.701,56.701,56.701,56.443,56.271,56.271,
57.131,57.045,57.045,57.045,57.045,57.302,57.474,57.474,57.474,57.56,57.56,57.56,57.56,57.646,57.56,57.216,57.045,56.701,56.701,56.701,56.701,56.443,56.271,56.271,
57.045,57.045,57.045,57.045,57.045,57.302,57.474,57.474,57.474,57.56,57.646,57.646,57.646,57.646,57.56,57.216,57.045,56.701,56.701,56.701,56.701,56.186,56.014,56.014,
57.045,57.045,57.045,57.045,57.045,57.302,57.474,57.474,57.474,57.56,57.646,57.646,57.646,57.646,57.56,57.216,57.045,56.701,56.701,56.701,56.701,56.186,56.014,56.014,
56.959,56.959,56.959,56.959,56.959,57.216,57.388,57.388,57.388,57.474,57.646,57.646,57.646,57.646,57.56,57.216,57.045,56.701,56.701,56.701,56.701,56.186,56.014,56.014,
56.873,56.873,56.873,56.873,56.959,57.131,57.388,57.388,57.388,57.474,57.646,57.646,57.646,57.646,57.56,57.216,57.045,56.701,56.701,56.701,56.701,56.186,56.014,56.014,
56.959,56.873,56.873,56.873,56.959,57.131,57.388,57.388,57.388,57.388,57.646,57.646,57.646,57.646,57.56,57.216,57.045,56.701,56.701,56.701,56.701,56.186,56.014,56.014,
56.787,56.873,56.873,56.873,56.959,57.131,57.388,57.388,57.388,57.388,57.646,57.646,57.646,57.646,57.56,57.216,57.045,56.701,56.701,56.701,56.701,56.186,56.014,56.014,
56.787,56.873,56.873,56.873,56.959,57.131,57.388,57.388,57.388,57.388,57.646,57.646,57.646,57.646,57.56,57.216,57.045,56.701,56.701,56.701,56.701,56.186,56.014,56.014,
56.787,56.873,56.873,56.873,56.959,57.045,57.388,57.388,57.388,57.388,57.646,57.646,57.646,57.646,57.56,57.216,57.045,56.701,56.701,56.701,56.701,56.186,56.014,56.014,
56.959,57.045,57.045,57.045,57.131,57.216,57.646,57.646,57.646,57.646,57.646,57.646,57.646,57.646,57.56,57.216,57.045,56.701,56.701,56.701,56.701,56.186,56.014,56.014,
56.959,57.045,57.045,57.045,57.131,57.216,57.646,57.646,57.646,57.646,57.646,57.646,57.646,57.646,57.56,57.216,57.045,56.701,56.701,56.701,56.701,56.186,56.014,56.014,
56.959,57.045,57.045,57.045,57.131,57.216,57.646,57.646,57.646,57.646,57.646,57.646,57.646,57.646,57.56,57.216,57.045,56.701,56.701,56.701,56.701,56.186,56.014,56.014,
56.443,56.615,56.615,56.615,56.701,56.787,57.131,57.131,57.131,57.131,57.131,57.131,57.131,57.131,57.045,56.701,56.529,56.186,56.186,56.186,56.186,56.186,56.014,56.014,
56.443,56.615,56.615,56.615,56.701,56.787,57.131,57.131,57.131,57.131,57.131,57.131,57.131,57.131,56.787,56.529,56.357,56.014,56.014,56.014,56.014,56.014,55.842,55.842,
56.443,56.615,56.615,56.615,56.701,56.787,56.959,56.959,56.959,56.959,56.959,56.959,56.959,56.959,56.787,56.529,56.357,56.014,56.014,56.014,56.014,56.014,55.842,55.842,
56.443,56.615,56.615,56.615,56.701,56.787,56.959,56.959,56.959,56.959,56.959,56.959,56.959,56.959,56.787,56.529,56.357,56.014,56.014,56.014,56.014,56.014,55.842,55.842,
56.443,56.615,56.615,56.615,56.701,56.787,56.959,56.959,56.959,56.959,56.959,56.959,56.959,56.959,56.787,56.529,56.357,56.014,56.014,56.014,56.014,56.014,55.842,55.842,
56.443,56.615,56.615,56.615,56.701,56.787,56.959,56.959,56.959,56.959,56.959,56.959,56.959,56.959,56.787,56.529,56.357,56.014,56.014,56.014,56.014,56.014,55.756,55.756,
56.529,56.701,56.701,56.701,56.787,56.873,56.959,56.959,56.959,56.959,56.959,56.959,56.959,56.959,56.787,56.529,56.357,56.014,56.014,56.014,56.014,56.014,55.756,55.756,
56.615,56.787,56.787,56.787,56.873,56.873,56.959,56.959,56.959,56.959,56.959,56.959,56.959,56.959,56.787,56.529,56.357,56.014,56.014,56.014,56.014,56.014,55.756,55.756,
55.584,55.756,55.756,55.756,55.842,55.842,55.928,55.928,55.928,55.928,55.928,55.928,55.928,55.928,55.756,55.498,55.326,54.983,54.983,54.983,54.983,54.983,54.725,54.725,
54.811,54.983,54.983,54.983,55.069,55.069,55.069,55.069,55.069,55.069,55.069,55.069,55.069,55.069,54.897,54.639,54.467,54.124,54.124,54.124,54.124,54.124,54.124,54.124,
53.866,53.866,53.866,53.866,53.952,53.952,53.952,53.952,53.952,53.952,53.952,53.952,53.952,53.952,53.866,53.608,53.436,53.179,53.179,53.179,53.179,53.179,53.179,53.179,
54.296,54.296,54.296,54.296,54.296,54.296,54.296,54.296,54.296,54.296,54.296,54.296,54.296,54.296,54.124,53.866,53.694,53.436,53.436,53.436,53.436,53.436,53.436,53.436,
54.296,54.296,54.296,54.296,54.296,54.296,54.296,54.296,54.296,54.296,54.296,54.296,54.296,54.296,54.124,53.866,53.694,53.436,53.436,53.436,53.436,53.436,53.436,53.436,

43.029,43.287,43.632,43.804,43.632,43.201,43.029,43.029,42.857,43.201,43.115,43.287,43.201,43.46,43.287,43.287,43.287,43.287,43.287,43.287,43.287,43.287,43.201,43.201,
43.115,43.373,43.718,43.89,43.718,43.287,43.115,43.115,42.943,43.287,43.201,43.201,43.115,43.373,43.201,43.287,43.287,43.287,43.287,43.287,43.287,43.287,43.201,43.201,
43.115,43.373,43.718,43.89,43.718,43.287,43.115,43.115,42.943,43.029,43.201,42.943,42.857,43.115,42.943,43.029,43.029,43.029,43.029,43.029,43.029,43.029,42.943,42.943,
43.46,43.718,44.062,44.234,44.062,43.632,43.46,43.46,43.287,43.373,43.201,42.943,42.857,43.115,42.943,43.029,43.029,43.029,43.029,43.029,43.029,43.029,42.943,42.943,
43.287,43.546,43.89,44.062,43.89,43.46,43.287,43.287,43.115,43.201,43.029,42.771,42.685,43.115,42.943,43.029,43.029,43.029,43.029,43.029,43.029,43.029,42.943,42.943,
43.287,43.632,43.89,44.062,43.89,43.46,43.287,43.287,43.115,43.201,43.029,42.771,42.685,43.115,42.943,43.029,43.029,43.029,43.029,43.029,43.029,43.029,42.943,42.943,
43.373,43.632,43.89,44.062,43.89,43.46,43.287,43.287,43.115,43.201,43.029,42.771,42.685,43.115,42.943,43.029,43.029,43.029,43.029,43.029,43.029,43.029,42.943,42.943,
43.201,43.46,43.718,43.89,43.718,43.287,43.115,43.115,42.943,43.029,42.857,42.857,42.771,43.201,43.029,43.029,43.029,43.029,43.029,43.029,43.029,43.029,42.943,42.943,
43.201,43.46,43.718,43.89,43.718,43.287,43.115,43.115,42.943,43.029,42.857,42.857,42.771,43.201,43.029,43.029,43.029,43.029,43.029,43.029,43.029,43.029,42.943,42.943,
43.201,43.46,43.718,43.89,43.804,43.373,43.201,43.201,43.029,43.029,42.857,42.857,42.771,43.201,43.029,43.029,43.029,43.029,43.029,43.029,43.029,43.029,42.943,42.943,
43.115,43.373,43.632,43.804,43.804,43.373,43.201,43.201,43.029,43.029,42.857,42.857,42.771,43.201,43.029,43.029,43.029,43.029,43.029,43.029,43.029,43.029,42.943,42.943,
43.115,43.46,43.632,43.804,43.804,43.373,43.201,43.201,43.029,43.029,42.857,42.857,42.771,43.201,43.029,43.029,43.029,43.029,43.029,43.029,43.029,43.029,42.943,42.943,
43.201,43.546,43.718,43.718,43.546,43.373,43.201,43.201,43.029,43.115,42.943,42.857,42.771,43.201,43.115,43.115,43.115,43.115,43.115,43.115,43.115,43.115,43.029,43.029,
43.287,43.632,43.804,43.804,43.632,43.46,43.287,43.287,43.115,43.201,43.029,42.943,42.857,43.115,43.029,43.029,43.029,43.029,43.029,43.029,43.029,43.029,43.029,43.029,
43.287,43.632,43.373,43.373,43.201,43.029,42.857,42.857,42.685,42.771,42.599,42.513,42.427,42.685,42.599,42.599,42.599,42.599,42.599,42.599,42.599,42.599,42.599,42.599,
43.115,43.46,43.201,43.46,43.287,43.115,42.943,42.943,42.771,42.857,42.685,42.599,42.513,42.771,42.685,42.685,42.685,42.685,42.685,42.685,42.685,42.685,42.685,42.685,
42.513,42.857,43.029,43.287,43.115,42.943,42.771,42.771,42.599,42.685,42.513,42.513,42.513,42.771,42.685,42.685,42.685,42.685,42.685,42.685,42.685,42.685,42.685,42.685,
42.513,42.857,43.029,43.201,43.029,42.857,42.685,42.685,42.513,42.599,42.427,42.427,42.427,42.685,42.685,42.685,42.685,42.685,42.685,42.685,42.685,42.685,42.685,42.685,
42.341,42.685,42.857,43.029,42.857,42.685,42.513,42.513,42.341,42.427,42.427,42.427,42.427,42.685,42.685,42.685,42.685,42.685,42.685,42.685,42.685,42.685,42.685,42.685,
42.083,42.427,42.599,42.771,42.599,42.427,42.255,42.169,42.169,42.255,42.427,42.427,42.427,42.685,42.685,42.685,42.685,42.685,42.685,42.685,42.685,42.685,42.685,42.685,
42.083,42.427,42.599,42.771,42.599,42.427,42.255,42.169,42.169,42.255,42.427,42.427,42.427,42.685,42.685,42.685,42.685,42.685,42.685,42.685,42.685,42.685,42.685,42.685,
42.169,42.427,42.599,42.771,42.599,42.427,42.255,42.169,42.169,42.255,42.427,42.427,42.427,42.685,42.685,42.685,42.685,42.685,42.685,42.685,42.685,42.685,42.685,42.685,
42.169,42.427,42.599,42.771,42.599,42.427,42.255,42.169,42.169,42.255,42.427,42.427,42.427,42.685,42.685,42.685,42.685,42.685,42.685,42.685,42.685,42.685,42.685,42.685,
42.169,42.427,42.599,42.771,42.599,42.427,42.255,42.169,42.169,42.255,42.427,42.427,42.427,42.685,42.685,42.685,42.685,42.685,42.685,42.685,42.685,42.685,42.685,42.685,
42.169,42.427,42.599,42.771,42.599,42.427,42.255,42.169,42.169,42.255,42.427,42.427,42.427,42.685,42.685,42.685,42.685,42.685,42.685,42.685,42.685,42.685,42.685,42.685,
42.083,42.255,42.427,42.599,42.599,42.427,42.255,42.169,42.169,42.255,42.427,42.427,42.427,42.685,42.685,42.685,42.685,42.685,42.685,42.685,42.685,42.685,42.685,42.685,
41.91,42.083,42.255,42.427,42.427,42.427,42.255,42.169,42.169,42.255,42.427,42.427,42.427,42.685,42.685,42.685,42.685,42.685,42.685,42.685,42.685,42.685,42.685,42.685,
41.824,41.997,42.169,42.341,42.341,42.341,42.169,42.083,42.083,42.169,42.341,42.341,42.341,42.599,42.599,42.599,42.599,42.599,42.599,42.599,42.599,42.599,42.599,42.599,
41.566,41.738,41.91,42.083,42.083,42.083,41.91,41.824,41.824,41.997,42.169,42.169,42.169,42.427,42.427,42.427,42.427,42.427,42.427,42.427,42.427,42.427,42.427,42.427,
41.394,41.566,41.738,41.91,41.91,41.91,41.738,41.652,41.652,41.824,41.997,41.997,41.997,42.255,42.255,42.255,42.255,42.255,42.255,42.255,42.255,42.255,42.255,42.255,
41.394,41.566,41.738,41.91,41.91,41.91,41.738,41.652,41.652,41.824,41.997,41.997,41.997,42.255,42.255,42.255,42.255,42.255,42.255,42.255,42.255,42.255,42.255,42.255,
41.394,41.566,41.738,41.91,41.91,41.91,41.738,41.652,41.652,41.824,41.997,41.997,41.997,42.255,42.255,42.255,42.255,42.255,42.255,42.255,42.255,42.255,42.255,42.255,
41.394,41.566,41.738,41.91,41.91,41.91,41.738,41.652,41.652,41.824,41.997,41.997,41.997,42.255,42.255,42.255,42.255,42.255,42.255,42.255,42.255,42.255,42.255,42.255,
41.394,41.566,41.738,41.91,41.91,41.91,41.738,41.652,41.652,41.824,41.997,41.997,41.997,42.255,42.255,42.255,42.255,42.255,42.255,42.255,42.255,42.255,42.255,42.255,
41.394,41.566,41.738,41.91,41.91,41.91,41.738,41.652,41.652,41.824,41.997,41.997,41.997,42.255,42.255,42.255,42.255,42.255,42.255,42.255,42.255,42.255,42.255,42.255,
41.394,41.566,41.738,41.91,41.91,41.91,41.738,41.652,41.652,41.824,41.997,41.997,41.997,42.255,42.255,42.255,42.255,42.255,42.255,42.255,42.255,42.255,42.255,42.255,
41.48,41.652,41.824,41.997,41.997,41.997,41.824,41.738,41.738,41.91,42.083,42.083,42.083,42.341,42.341,42.341,42.341,42.341,42.341,42.341,42.341,42.341,42.341,42.341,
41.566,41.738,41.91,42.083,42.083,42.083,41.91,41.824,41.824,41.997,42.169,42.169,42.169,42.341,42.341,42.341,42.341,42.341,42.341,42.341,42.341,42.341,42.341,42.341,
41.566,41.738,41.91,42.083,42.083,42.083,41.91,41.566,41.566,41.652,41.394,41.394,41.394,41.566,41.566,41.566,41.566,41.566,41.566,41.566,41.566,41.566,41.566,41.566,
41.566,41.738,41.91,41.738,41.738,41.738,41.566,41.566,41.566,41.652,41.394,41.394,41.394,41.136,41.136,41.136,41.136,41.136,41.136,41.136,41.136,41.136,41.136,41.136,
41.566,41.652,41.824,41.91,41.91,41.91,41.566,41.05,41.05,41.136,41.136,41.136,41.136,41.136,41.136,41.136,41.136,41.136,41.136,41.136,41.136,41.136,41.136,41.136,
41.05,41.136,41.308,41.394,41.394,41.394,41.05,40.534,40.534,40.62,40.62,40.62,40.62,40.62,40.62,40.62,40.62,40.62,40.62,40.62,40.62,40.62,40.62,40.62,
40.275,40.275,40.448,40.534,40.534,40.534,40.534,40.534,40.534,40.62,40.62,40.62,40.62,40.62,40.62,40.62,40.62,40.62,40.62,40.62,40.62,40.62,40.62,40.62,
40.361,40.361,40.534,40.62,40.62,40.62,40.62,40.62,40.62,40.62,40.62,40.62,40.62,40.62,40.62,40.62,40.62,40.62,40.62,40.62,40.62,40.62,40.62,40.62,
40.361,40.361,40.534,40.62,40.62,40.62,40.62,40.62,40.62,40.62,40.62,40.62,40.62,40.62,40.62,40.62,40.62,40.62,40.62,40.62,40.62,40.62,40.62,40.62,
40.534,40.534,40.878,40.878,40.878,40.878,40.878,40.878,40.878,40.878,40.878,40.878,40.878,40.878,40.878,40.878,40.878,40.878,40.878,40.878,40.878,40.878,40.878,40.878,
39.501,39.501,39.501,39.501,39.501,39.501,39.501,39.501,39.501,39.501,39.501,39.501,39.501,39.501,39.501,39.501,39.501,39.501,39.501,39.501,39.501,39.501,39.501,39.501,
38.898,38.898,38.898,38.898,38.898,38.898,38.898,38.898,38.898,38.898,38.898,38.898,38.898,38.898,38.898,38.898,38.898,38.898,38.898,38.898,38.898,38.898,38.898,38.898,
38.468,38.468,38.468,38.468,38.468,38.468,38.468,38.468,38.468,38.468,38.468,38.468,38.468,38.468,38.468,38.468,38.468,38.468,38.468,38.468,38.468,38.468,38.468,38.468,
38.468,38.468,38.468,38.468,38.468,38.468,38.468,38.468,38.468,38.468,38.468,38.468,38.468,38.468,38.468,38.468,38.468,38.468,38.468,38.468,38.468,38.468,38.468,38.468,

39.266,39.174,38.716,38.532,38.165,37.798,36.697,36.881,36.514,36.881,36.147,35.596,35.872,36.147,35.963,35.963,35.963,35.963,36.239,36.147,35.78,35.688,35.688,36.239,
39.174,39.174,38.716,38.624,38.165,37.798,36.697,36.881,36.055,36.422,35.963,35.596,35.872,36.147,35.963,35.963,35.963,35.963,36.239,36.239,35.78,35.688,35.688,36.239,
38.899,38.807,38.349,38.165,37.89,37.523,36.422,36.606,36.147,36.422,35.963,35.596,35.872,36.147,35.963,35.963,35.963,35.963,36.239,36.239,35.78,35.688,35.688,36.239,
38.716,38.532,37.89,37.798,37.615,37.248,36.055,36.239,36.147,36.606,35.78,35.413,35.688,35.963,35.78,35.78,35.78,35.78,36.055,36.055,35.596,35.596,35.505,36.055,
38.624,38.44,37.615,37.615,37.431,37.064,35.872,36.055,36.147,36.606,35.78,35.229,35.505,35.596,35.596,35.596,35.596,35.596,35.78,35.78,35.413,35.505,35.413,35.872,
38.624,38.349,37.615,37.615,37.523,37.156,35.963,36.055,36.239,36.697,35.872,35.321,35.505,35.596,35.596,35.596,35.596,35.596,35.78,35.78,35.413,35.321,35.413,35.872,
38.532,38.073,37.431,37.615,37.523,37.156,36.055,36.147,36.33,36.789,35.963,35.229,35.688,35.872,35.872,35.872,35.872,35.963,36.147,36.147,35.78,35.78,35.872,36.239,
38.44,37.982,37.339,37.615,37.064,36.697,36.055,36.055,36.239,36.789,35.963,35.229,35.596,35.872,35.872,35.872,35.872,35.963,36.147,36.147,35.78,35.78,35.872,36.514,
38.349,37.706,37.064,37.339,36.789,36.697,36.055,36.055,36.239,36.881,36.147,35.413,35.505,35.872,35.872,35.872,35.872,35.963,36.055,36.055,35.688,35.688,35.78,36.422,
37.798,37.156,36.514,37.064,36.514,36.514,35.872,35.963,36.055,36.697,36.055,35.321,35.413,35.78,35.78,35.78,35.78,35.872,36.055,36.055,35.688,35.688,35.78,36.422,
37.615,37.339,36.697,37.431,36.697,36.789,36.147,36.239,36.239,36.606,35.963,35.229,35.413,35.78,35.78,35.78,35.78,35.872,36.055,36.055,36.147,36.147,36.239,36.606,
37.248,36.789,36.422,37.248,36.881,37.064,36.422,36.514,36.422,36.789,36.055,34.862,35.046,35.596,35.596,35.596,35.596,35.78,35.963,35.963,35.78,35.78,35.872,36.147,
37.064,36.606,36.239,36.972,36.606,36.789,36.33,36.514,36.606,36.789,35.596,34.862,35.046,35.596,35.596,35.596,35.596,35.78,35.505,35.505,35.321,35.321,35.413,35.688,
36.881,36.514,36.239,36.972,36.606,36.881,36.422,36.606,36.422,36.606,35.413,34.771,34.862,35.688,35.688,35.688,35.688,35.872,35.505,35.505,35.321,35.321,35.413,35.688,
36.789,36.422,36.514,37.064,36.697,36.606,36.147,36.33,36.239,36.514,35.321,34.679,34.771,35.596,35.596,35.596,35.596,35.78,35.505,35.505,35.321,35.321,35.413,35.596,
36.33,36.514,36.055,36.697,36.606,36.606,36.147,36.33,36.239,36.514,35.229,34.679,34.771,35.596,35.596,35.596,35.596,35.78,35.505,35.505,35.321,35.321,35.413,35.413,
36.606,36.239,36.239,36.422,36.33,36.33,35.963,36.147,36.055,36.33,34.679,34.312,34.404,35.229,35.229,35.229,35.229,35.413,35.505,35.505,35.321,35.688,35.78,35.688,
36.606,36.055,36.055,36.422,36.606,36.606,36.239,36.422,36.33,36.881,35.229,34.954,35.046,35.321,35.321,35.321,35.321,35.688,35.78,35.78,35.596,35.963,36.055,35.963,
36.697,36.147,36.055,36.147,36.147,36.147,35.872,36.055,35.872,36.422,35.229,34.312,34.587,34.862,34.862,34.862,34.862,35.138,35.78,35.78,35.596,35.963,36.055,35.963,
36.789,35.872,36.055,36.33,36.422,36.514,36.147,36.33,36.147,36.33,35.229,34.495,34.771,35.046,35.046,35.046,35.046,35.138,36.147,36.147,35.963,35.963,36.055,35.872,
36.606,35.872,36.147,36.422,36.514,36.789,36.422,36.33,35.872,36.055,35.229,34.495,34.771,35.046,35.046,35.046,35.046,35.138,36.147,36.147,35.963,35.963,36.055,35.872,
36.147,35.872,36.147,36.422,36.514,36.697,36.697,36.147,35.963,36.147,35.596,35.413,35.688,35.872,35.872,35.872,35.872,35.963,36.147,36.147,35.963,35.963,36.055,35.872,
35.78,35.413,35.688,36.239,36.33,36.606,36.606,35.963,35.688,35.872,35.321,35.413,35.688,35.872,35.872,35.872,35.872,35.963,36.147,36.147,35.963,35.963,36.055,35.872,
35.78,35.596,35.688,36.055,36.147,36.147,36.239,35.872,35.688,35.872,35.321,35.413,35.688,35.872,35.872,35.872,35.872,35.963,36.147,36.147,35.963,35.963,36.055,35.963,
36.147,35.78,35.872,36.606,35.872,36.147,36.239,35.872,35.872,36.055,35.505,35.413,35.688,35.872,35.872,36.697,36.697,35.963,36.147,36.147,35.963,35.963,36.055,35.963,
35.78,35.78,35.688,35.963,35.78,36.055,36.147,36.33,36.422,36.606,36.055,35.78,35.872,36.055,36.055,36.881,36.881,36.147,36.33,36.33,36.147,36.147,36.239,36.147,
35.413,35.688,35.321,35.78,35.596,35.872,35.963,36.147,36.239,36.422,36.147,35.963,36.239,36.422,36.422,37.248,37.248,36.33,36.33,36.33,36.147,36.147,36.239,36.147,
35.413,35.505,35.321,35.688,35.505,35.78,35.963,36.147,36.239,36.422,36.147,35.963,36.239,36.422,36.422,37.248,37.248,37.248,37.248,37.248,36.147,36.147,36.239,36.147,
35.138,35.138,35.413,35.596,35.413,35.688,35.78,35.963,36.055,36.239,35.963,35.963,36.239,36.422,36.422,37.248,37.248,37.248,37.248,37.248,36.147,36.147,37.339,37.248,
35.046,36.147,36.422,36.606,36.514,36.789,36.881,37.064,36.881,37.064,36.789,36.881,37.156,37.339,37.339,37.248,37.248,37.248,37.248,37.248,37.339,37.339,37.339,36.881,
36.055,36.147,36.606,36.606,36.514,36.789,36.881,37.064,36.881,37.064,36.789,36.881,37.339,37.523,37.523,37.431,37.431,37.431,37.431,37.431,37.523,37.523,37.523,37.064,
36.33,36.239,36.697,36.697,36.606,36.881,36.881,37.064,36.881,37.064,36.789,36.881,37.339,37.523,37.523,37.431,37.431,37.431,37.431,37.431,37.523,37.523,37.523,37.064,
36.33,36.33,36.972,36.697,36.606,36.239,36.239,35.872,36.147,36.33,36.33,36.422,36.881,36.881,36.881,36.789,36.789,36.789,36.789,36.789,36.881,36.881,36.881,36.422,
35.505,35.963,35.688,35.596,35.505,35.688,35.688,35.872,36.147,36.33,36.33,36.422,36.881,36.881,36.881,36.789,36.789,36.789,36.789,36.789,36.881,36.881,36.881,36.697,
35.046,35.872,36.055,36.147,36.055,36.239,36.239,36.422,36.697,36.881,36.789,36.972,37.156,37.156,37.156,37.156,37.156,37.156,37.156,37.156,37.156,37.156,37.156,37.339,
35.321,36.147,36.33,36.422,36.33,36.514,36.422,36.33,36.606,36.789,36.697,36.789,36.972,36.972,36.972,36.972,36.972,36.972,36.972,36.972,36.972,36.972,36.972,37.156,
35.413,36.055,36.239,36.239,36.147,36.33,36.33,36.239,36.697,36.881,36.789,36.881,36.881,36.881,36.881,36.881,36.881,36.881,36.881,36.881,36.881,36.881,36.881,37.156,
36.055,36.422,37.156,37.064,36.972,37.156,37.156,37.156,37.064,37.248,36.789,37.248,37.248,37.248,37.248,37.248,37.248,37.248,37.248,37.248,37.248,37.248,37.248,37.523,
36.972,36.972,37.706,37.706,37.156,37.798,37.798,37.798,37.798,37.798,37.798,37.798,37.798,37.798,37.798,37.798,37.798,37.798,37.798,37.798,37.798,37.798,37.798,37.798,
37.798,37.798,37.798,37.798,37.798,37.798,37.798,37.798,37.798,37.798,37.798,37.798,37.798,37.798,37.798,37.798,37.798,37.798,37.798,37.798,37.798,37.798,37.798,37.798,
37.798,37.798,37.798,37.798,37.798,37.798,37.798,37.798,37.798,37.798,37.798,37.798,37.798,37.798,37.798,37.798,37.798,37.798,37.798,37.798,37.798,37.798,37.798,37.798,
37.798,37.798,37.798,37.798,37.798,37.798,37.798,37.798,37.798,37.798,37.798,37.798,37.798,37.798,37.798,37.798,37.798,37.798,37.798,37.798,37.798,37.798,37.798,37.798,
37.798,37.798,37.798,37.798,37.798,37.798,37.798,37.798,37.798,37.798,37.798,37.798,37.798,37.798,37.798,37.798,37.798,37.798,37.798,37.798,37.798,37.798,37.798,37.798,
37.798,37.798,37.798,37.798,37.798,37.798,37.798,37.798,37.798,37.798,37.798,37.798,37.798,37.798,37.798,37.798,37.798,37.798,37.798,37.798,37.798,37.798,37.798,37.798,
37.798,37.798,37.798,37.798,37.798,37.798,37.798,37.798,37.798,37.798,37.798,37.798,37.798,37.798,37.798,37.798,37.798,37.798,37.798,37.798,37.798,37.798,37.798,37.798,
37.798,37.798,37.798,37.798,37.798,37.798,37.798,37.798,37.798,37.798,37.798,37.798,37.798,37.798,37.798,37.798,37.798,37.798,37.798,37.798,37.798,37.798,37.798,37.798,
37.798,37.798,37.798,37.798,37.798,37.798,37.798,37.798,37.798,37.798,37.798,37.798,37.798,37.798,37.798,37.798,37.798,37.798,37.798,37.798,37.798,37.798,37.798,37.798,
37.798,37.798,37.798,37.798,37.798,37.798,37.798,37.798,37.798,37.798,37.798,37.798,37.798,37.798,37.798,37.798,37.798,37.798,37.798,37.798,37.798,37.798,37.798,37.798,
37.798,37.798,37.798,37.798,37.798,37.798,37.798,37.798,37.798,37.798,37.798,37.798,37.798,37.798,37.798,37.798,37.798,37.798,37.798,37.798,37.798,37.798,37.798,37.798,
37.798,37.798,37.798,37.798,37.798,37.798,37.798,37.798,37.798,37.798,37.798,37.798,37.798,37.798,37.798,37.798,37.798,37.798,37.798,37.798,37.798,37.798,37.798,37.798,

49.006,49.006,49.006,49.006,49.006,49.006,49.006,49.006,49.006,49.006,49.006,48.907,48.907,47.714,47.614,47.614,47.614,47.614,47.614,47.614,47.614,47.614,47.614,47.614,
49.006,49.006,49.006,49.006,49.006,49.006,49.006,49.006,49.006,49.006,49.006,48.907,48.907,47.714,47.614,47.614,47.614,47.614,47.614,47.614,47.614,47.614,47.614,47.614,
49.006,49.006,49.006,49.006,49.006,49.006,49.006,49.006,49.006,49.006,49.006,48.907,48.907,47.714,47.614,47.614,47.614,47.614,47.614,47.614,47.614,47.614,47.614,47.614,
48.111,48.111,48.111,48.111,48.111,48.111,48.111,48.111,48.111,48.111,48.111,48.012,48.012,46.819,46.72,46.72,46.72,46.72,46.72,46.72,46.72,46.72,46.72,46.72,
47.913,47.913,47.913,47.913,47.913,47.913,47.913,47.913,47.913,47.913,47.913,47.813,47.813,46.62,46.521,46.521,46.521,46.521,46.521,46.521,46.521,46.521,46.521,46.521,
47.913,47.913,47.913,47.913,47.913,47.913,47.913,47.913,47.913,47.913,47.913,47.813,47.813,46.62,46.521,46.521,46.521,46.521,46.521,46.521,46.521,46.521,46.521,46.521,
48.012,48.012,48.012,48.012,48.012,48.012,48.012,48.012,48.012,48.012,48.012,47.913,47.913,46.72,46.62,46.62,46.62,46.62,46.62,46.62,46.62,46.62,46.62,46.62,
48.012,48.012,48.012,48.012,48.012,48.012,48.012,48.012,48.012,48.012,48.012,47.913,47.913,46.72,46.62,46.62,46.62,46.62,46.62,46.62,46.62,46.62,46.62,46.62,
47.913,47.913,47.913,47.913,47.913,47.913,47.913,47.913,47.913,47.913,47.913,47.813,47.813,46.62,46.521,46.521,46.521,46.521,46.521,46.521,46.521,46.521,46.521,46.521,
48.111,48.111,48.111,48.111,48.111,48.111,48.111,48.111,48.111,48.111,48.111,48.012,48.012,46.819,46.72,46.72,46.72,46.72,46.72,46.72,46.72,46.72,46.72,46.72,
48.111,48.111,48.111,48.111,48.111,48.111,48.111,48.111,48.111,48.111,48.111,48.012,48.012,46.819,46.72,46.72,46.72,46.72,46.72,46.72,46.72,46.72,46.72,46.72,
48.509,48.509,48.509,48.509,48.509,48.509,48.509,48.509,48.509,48.509,48.509,48.41,48.41,47.217,47.117,47.117,47.117,47.117,47.117,47.117,47.117,47.117,47.117,47.117,
49.205,49.205,49.205,49.205,49.205,49.205,49.205,49.205,49.205,49.205,49.205,49.105,49.105,47.714,47.614,47.614,47.614,47.614,47.614,47.614,47.614,47.614,47.614,47.614,
49.205,49.205,49.205,49.205,49.205,49.205,49.205,49.205,49.205,49.205,49.205,49.105,49.105,47.714,47.614,47.614,47.614,47.614,47.614,47.614,47.614,47.614,47.614,47.614,
49.503,49.503,49.503,49.503,49.503,49.503,49.503,49.503,49.503,49.503,49.503,49.404,49.404,48.012,47.913,47.913,47.913,47.913,47.913,47.913,47.913,47.913,47.913,47.913,
49.503,49.503,49.503,49.503,49.503,49.503,49.503,49.503,49.503,49.503,49.503,49.404,49.404,48.012,47.913,47.913,47.913,47.913,47.913,47.913,47.913,47.913,47.913,47.913,
49.503,49.503,49.503,49.503,49.503,49.503,49.503,49.503,49.503,49.503,49.503,49.404,49.404,48.012,47.913,47.913,47.913,47.913,47.913,47.913,47.913,47.913,47.913,47.913,
49.503,49.503,49.503,49.503,49.503,49.503,49.503,49.503,49.503,49.503,49.503,49.404,49.404,48.012,47.913,47.913,47.913,47.913,47.913,47.913,47.913,47.913,47.913,47.913,
49.503,49.503,49.503,49.503,49.503,49.503,49.503,49.503,49.503,49.503,49.503,49.404,49.404,48.012,47.913,47.913,47.913,47.913,47.913,47.913,47.913,47.913,47.913,47.913,
49.503,49.503,49.503,49.503,49.503,49.503,49.503,49.503,49.503,49.503,49.503,49.404,49.404,48.012,47.913,47.913,47.913,47.913,47.913,47.913,47.913,47.913,47.913,47.913,
49.503,49.503,49.503,49.503,49.503,49.503,49.503,49.503,49.503,49.503,49.503,49.404,49.404,48.012,47.913,47.913,47.913,47.913,47.913,47.913,47.913,47.913,47.913,47.913,
49.503,49.503,49.503,49.503,49.503,49.503,49.503,49.503,49.503,49.503,49.503,49.404,49.404,48.012,47.913,47.913,47.913,47.913,47.913,47.913,47.913,47.913,47.913,47.913,
49.503,49.503,49.503,49.503,49.503,49.503,49.503,49.503,49.503,49.503,49.503,49.404,49.404,48.012,47.913,47.913,47.913,47.913,47.913,47.913,47.913,47.913,47.913,47.913,
49.503,49.503,49.503,49.503,49.503,49.503,49.503,49.503,49.503,49.503,49.503,49.404,49.404,48.012,47.913,47.913,47.913,47.913,47.913,47.913,47.913,47.913,47.913,47.913,
49.503,49.503,49.503,49.503,49.503,49.503,49.503,49.503,49.503,49.503,49.503,49.404,49.404,48.012,47.913,47.913,47.913,47.913,47.913,47.913,47.913,47.913,47.913,47.913,
49.503,49.503,49.503,49.503,49.503,49.503,49.503,49.503,49.503,49.503,49.503,49.404,49.404,48.012,47.913,47.913,47.913,47.913,47.913,47.913,47.913,47.913,47.913,47.913,
49.503,49.503,49.503,49.503,49.503,49.503,49.503,49.503,49.503,49.503,49.503,49.404,49.404,48.012,47.913,47.913,47.913,47.913,47.913,47.913,47.913,47.913,47.913,47.913,
49.503,49.503,49.503,49.503,49.503,49.503,49.503,49.503,49.503,49.503,49.503,49.404,49.404,48.012,47.913,47.913,47.913,47.913,47.913,47.913,47.913,47.913,47.913,47.913,
49.503,49.503,49.503,49.503,49.503,49.503,49.503,49.503,49.503,49.503,49.503,49.404,49.404,48.012,47.913,47.913,47.913,47.913,47.913,47.913,47.913,47.913,47.913,47.913,
49.503,49.503,49.503,49.503,49.503,49.503,49.503,49.503,49.503,49.503,49.503,49.404,49.404,48.012,47.913,47.913,47.913,47.913,47.913,47.913,47.913,47.913,47.913,47.913,
49.503,49.503,49.503,49.503,49.503,49.503,49.503,49.503,49.503,49.503,49.503,49.404,49.404,48.012,47.913,47.913,47.913,47.913,47.913,47.913,47.913,47.913,47.913,47.913,
49.503,49.503,49.503,49.503,49.503,49.503,49.503,49.503,49.503,49.503,49.503,49.404,49.404,48.012,47.913,47.913,47.913,47.913,47.913,47.913,47.913,47.913,47.913,47.913,
49.503,49.503,49.503,49.503,49.503,49.503,49.503,49.503,49.503,49.503,49.503,49.404,49.404,48.012,47.913,47.913,47.913,47.913,47.913,47.913,47.913,47.913,47.913,47.913,
49.503,49.503,49.503,49.503,49.503,49.503,49.503,49.503,49.503,49.503,49.503,49.404,49.404,48.012,47.913,47.913,47.913,47.913,47.913,47.913,47.913,47.913,47.913,47.913,
49.503,49.503,49.503,49.503,49.503,49.503,49.503,49.503,49.503,49.503,49.503,49.404,49.404,48.012,47.913,47.913,47.913,47.913,47.913,47.913,47.913,47.913,47.913,47.913,
49.503,49.503,49.503,49.503,49.503,49.503,49.503,49.503,49.503,49.503,49.503,49.404,49.404,48.012,47.913,47.913,47.913,47.913,47.913,47.913,47.913,47.913,47.913,47.913,
49.503,49.503,49.503,49.503,49.503,49.503,49.503,49.503,49.503,49.503,49.503,49.404,49.404,48.012,47.913,47.913,47.913,47.913,47.913,47.913,47.913,47.913,47.913,47.913,
49.503,49.503,49.503,49.503,49.503,49.503,49.503,49.503,49.503,49.503,49.503,49.404,49.404,48.012,47.913,47.913,47.913,47.913,47.913,47.913,47.913,47.913,47.913,47.913,
49.503,49.503,49.503,49.503,49.503,49.503,49.503,49.503,49.503,49.503,49.503,49.404,49.404,48.012,47.913,47.913,47.913,47.913,47.913,47.913,47.913,47.913,47.913,47.913,
49.503,49.503,49.503,49.503,49.503,49.503,49.503,49.503,49.503,49.503,49.503,49.404,49.404,48.012,47.913,47.913,47.913,47.913,47.913,47.913,47.913,47.913,47.913,47.913,
49.503,49.503,49.503,49.503,49.503,49.503,49.503,49.503,49.503,49.503,49.503,49.404,49.404,48.012,47.913,47.913,47.913,47.913,47.913,47.913,47.913,47.913,47.913,47.913,
49.503,49.503,49.503,49.503,49.503,49.503,49.503,49.503,49.503,49.503,49.503,49.404,49.404,48.012,47.913,47.913,47.913,47.913,47.913,47.913,47.913,47.913,47.913,47.913,
49.503,49.503,49.503,49.503,49.503,49.503,49.503,49.503,49.503,49.503,49.503,49.404,49.404,48.012,47.913,47.913,47.913,47.913,47.913,47.913,47.913,47.913,47.913,47.913,
49.503,49.503,49.503,49.503,49.503,49.503,49.503,49.503,49.503,49.503,49.503,49.404,49.404,48.012,47.913,47.913,47.913,47.913,47.913,47.913,47.913,47.913,47.913,47.913,
49.503,49.503,49.503,49.503,49.503,49.503,49.503,49.503,49.503,49.503,49.503,49.404,49.404,48.012,47.913,47.913,47.913,47.913,47.913,47.913,47.913,47.913,47.913,47.913,
49.503,49.503,49.503,49.503,49.503,49.503,49.503,49.503,49.503,49.503,49.503,49.404,49.404,48.012,47.913,47.913,47.913,47.913,47.913,47.913,47.913,47.913,47.913,47.913,
49.205,49.205,49.205,49.205,49.205,49.205,49.205,49.205,49.205,49.205,49.205,49.105,49.105,48.012,47.913,47.913,47.913,47.913,47.913,47.913,47.913,47.913,47.913,47.913,
49.205,49.205,49.205,49.205,49.205,49.205,49.205,49.205,49.205,49.205,49.205,49.105,49.105,48.012,47.913,47.913,47.913,47.913,47.913,47.913,47.913,47.913,47.913,47.913,
48.907,48.907,48.907,48.907,48.907,48.907,48.907,48.907,48.907,48.907,48.907,48.807,48.807,48.012,47.913,47.913,47.913,47.913,47.913,47.913,47.913,47.913,47.913,47.913,
48.608,48.608,48.608,48.608,48.608,48.608,48.608,48.608,48.608,48.608,48.608,48.509,48.509,48.012,47.913,47.913,47.913,47.913,47.913,47.913,47.913,47.913,47.913,47.913,

