27.498,27.053,27.435,27.371,27.053,27.18,27.562,28.262,28.071,28.708,28.835,28.962,28.708,28.644,28.835,28.835,29.344,29.408,29.79,29.726,29.599,29.535,29.854,29.663,
27.753,27.371,27.626,27.626,27.435,27.689,28.071,28.644,28.39,28.835,28.962,29.153,28.771,28.644,28.835,28.835,29.344,29.408,29.79,29.726,29.599,29.535,29.854,29.663,
27.753,27.435,27.498,27.498,27.307,27.753,28.199,28.644,28.326,28.835,29.153,29.344,28.899,28.644,28.835,28.835,29.344,29.408,29.79,29.726,29.599,29.535,29.854,29.663,
27.817,27.371,27.435,27.435,27.371,27.753,28.071,28.517,28.262,28.835,29.153,29.344,28.899,28.708,28.899,28.899,29.408,29.472,29.854,29.79,29.663,29.599,29.917,29.726,
27.88,27.562,27.562,27.626,27.562,27.817,27.944,28.453,28.199,28.771,29.09,29.09,28.708,28.517,28.771,28.771,29.217,29.217,29.663,29.599,29.472,29.408,29.726,29.535,
28.071,27.562,27.562,27.562,27.562,27.817,27.944,28.453,28.199,28.771,29.09,29.09,28.771,28.581,28.835,28.835,29.281,29.281,29.726,29.663,29.535,29.472,29.79,29.599,
28.135,27.626,27.626,27.817,27.562,27.753,27.88,28.326,28.135,28.771,29.09,29.026,28.835,28.644,28.899,28.899,29.344,29.281,29.726,29.663,29.535,29.472,29.663,29.472,
28.326,27.944,27.944,27.944,27.689,27.88,28.008,28.644,28.453,29.09,29.281,29.281,29.153,28.962,29.217,29.217,29.599,29.344,29.79,29.726,29.599,29.535,29.726,29.535,
28.453,27.88,28.135,28.199,27.753,27.88,28.008,28.708,28.453,29.09,29.281,29.217,29.153,28.962,29.281,29.217,29.599,29.344,29.79,29.726,29.599,29.535,29.726,29.535,
28.771,28.135,28.326,28.453,27.817,28.135,28.199,28.708,28.581,29.09,29.344,29.217,29.153,28.962,29.281,29.153,29.599,29.344,29.79,29.663,29.535,29.472,29.726,29.535,
28.835,28.39,28.708,28.708,27.944,28.199,28.135,28.644,28.771,29.281,29.408,29.344,29.344,29.153,29.217,29.09,29.535,29.344,29.79,29.663,29.535,29.472,29.663,29.472,
29.217,28.771,28.835,28.644,28.135,28.199,28.39,28.644,28.771,29.153,29.281,29.217,29.217,29.09,29.217,29.09,29.535,29.344,29.79,29.663,29.535,29.472,29.599,29.408,
29.535,28.962,28.517,28.517,28.008,28.071,28.135,28.517,28.708,29.09,29.217,29.153,29.153,29.09,29.217,29.09,29.535,29.344,29.79,29.663,29.535,29.472,29.663,29.408,
29.535,28.835,28.517,28.453,28.071,28.326,28.39,28.771,29.026,29.408,29.408,29.408,29.281,29.217,29.344,29.217,29.663,29.472,29.917,29.79,29.663,29.599,29.726,29.472,
29.599,28.962,28.708,28.581,28.135,28.581,28.644,29.09,29.217,29.535,29.535,29.535,29.408,29.344,29.344,29.217,29.663,29.472,29.917,29.79,29.663,29.663,29.79,29.535,
29.663,29.153,28.835,28.581,28.135,28.581,28.644,29.09,29.217,29.535,29.726,29.726,29.599,29.535,29.535,29.408,29.917,29.726,30.108,29.981,29.854,29.854,29.981,29.535,
29.981,29.535,29.153,28.581,28.135,28.581,28.644,29.09,29.217,29.535,29.726,29.726,29.663,29.599,29.535,29.408,29.917,29.726,30.108,29.981,29.854,29.854,29.981,29.535,
30.045,29.599,28.962,28.517,28.071,28.581,28.644,29.281,29.408,29.726,29.726,29.726,29.663,29.599,29.535,29.408,29.917,29.726,30.108,29.981,29.854,29.854,30.045,29.599,
29.981,29.472,28.835,28.517,28.071,28.644,28.644,29.217,29.408,29.726,29.726,29.726,29.663,29.599,29.535,29.408,29.917,29.726,30.108,29.981,29.854,29.854,30.045,29.663,
29.79,29.535,28.962,28.708,28.262,28.644,28.644,29.026,29.408,29.726,29.726,29.726,29.663,29.663,29.599,29.472,29.981,29.79,30.108,29.981,29.854,29.854,29.981,29.599,
29.663,29.599,29.535,29.217,28.771,29.153,29.153,29.153,29.408,29.726,29.726,29.726,29.663,29.472,29.408,29.344,29.726,29.535,29.726,29.599,29.472,29.472,29.599,29.217,
30.108,29.854,29.535,29.09,28.771,29.153,29.153,29.217,29.472,29.854,29.854,29.535,29.344,29.472,29.408,29.344,29.726,29.535,29.726,29.599,29.472,29.472,29.599,29.217,
30.363,29.726,29.663,29.344,29.026,29.344,29.344,29.344,29.599,29.981,29.981,29.535,29.344,29.535,29.472,29.535,29.726,29.535,29.726,29.599,29.472,29.472,29.408,29.217,
30.299,29.663,29.854,29.535,29.153,29.472,29.472,29.472,29.663,30.045,29.854,29.663,29.472,29.726,29.535,29.599,29.726,29.472,29.599,29.472,29.472,29.472,29.408,29.217,
30.426,29.981,29.854,29.663,29.153,29.472,29.472,29.408,29.663,29.79,29.535,29.344,29.153,29.472,29.344,29.281,29.535,29.281,29.344,29.217,29.217,29.217,29.153,28.962,
30.363,29.981,29.854,29.663,29.217,29.408,29.408,29.472,29.535,29.663,29.344,29.153,29.026,29.344,29.217,29.153,29.408,29.281,29.344,29.217,29.217,29.217,29.153,28.962,
30.172,29.79,29.663,29.472,29.026,29.217,29.217,29.281,29.535,29.663,29.344,29.153,29.026,29.344,29.217,29.153,29.408,29.281,29.344,29.217,29.217,29.217,29.153,29.026,
30.172,29.854,29.854,29.79,29.344,29.535,29.535,29.599,29.79,29.535,29.217,29.026,28.771,28.962,28.835,28.899,29.026,28.899,28.962,28.962,29.026,29.026,28.962,28.835,
30.299,29.79,29.854,29.854,29.408,29.599,29.599,29.663,29.854,29.599,29.281,28.962,28.771,28.835,28.708,28.771,28.899,28.771,28.771,28.835,28.899,28.899,28.835,28.708,
30.045,29.981,29.854,29.854,29.281,29.472,29.472,29.535,29.726,29.344,29.026,28.581,28.517,28.708,28.581,28.644,28.771,28.644,28.708,28.771,28.835,28.835,28.771,28.644,
30.108,30.045,30.172,30.108,29.599,29.726,29.726,29.726,29.981,29.535,29.344,28.771,28.453,28.644,28.453,28.517,28.644,28.517,28.581,28.644,28.708,28.708,28.644,28.517,
29.981,30.363,30.363,29.981,29.408,29.535,29.535,29.917,30.236,29.854,29.535,29.026,28.644,28.771,28.962,29.026,29.217,29.09,29.281,29.344,29.09,29.09,29.026,28.899,
29.726,30.172,30.045,29.726,29.281,29.408,29.408,29.726,29.917,29.726,29.408,29.153,28.771,28.962,28.962,29.026,29.153,29.026,28.962,29.026,28.771,28.771,28.708,28.581,
30.108,30.426,30.172,29.981,29.535,29.663,29.663,29.663,29.854,29.663,29.408,29.153,28.835,28.962,28.962,29.026,29.153,29.026,28.962,29.026,28.962,28.962,28.899,28.771,
30.236,30.363,30.363,30.236,29.79,29.854,29.981,29.854,30.045,29.79,29.408,29.153,29.09,29.026,29.026,29.09,29.217,29.09,29.026,29.09,29.026,29.026,28.962,28.835,
30.045,30.236,30.363,30.236,29.726,29.79,30.045,29.917,30.045,29.79,29.408,29.153,29.281,29.217,29.217,29.153,29.217,29.09,29.026,29.09,29.026,29.026,29.026,28.899,
30.236,30.236,30.108,29.917,29.344,29.472,29.663,29.535,29.663,29.472,29.026,28.771,28.962,28.962,28.835,28.771,28.835,28.835,28.771,28.835,28.835,28.835,28.835,28.835,
30.045,30.108,30.172,29.917,29.344,29.472,29.663,29.599,29.726,29.472,29.026,28.771,28.962,28.962,28.835,28.771,28.835,28.835,28.771,28.835,28.835,28.835,28.835,28.835,
30.172,30.299,30.363,29.917,29.599,29.726,29.79,29.663,29.854,29.663,29.153,28.708,28.899,28.835,28.708,28.644,28.708,28.708,28.644,28.708,28.708,28.708,28.708,28.708,
30.108,30.363,30.49,30.045,29.726,29.79,29.854,29.663,29.917,29.726,29.217,28.899,29.09,29.026,28.899,28.835,28.835,28.835,28.708,28.771,28.771,28.771,28.771,28.771,
30.299,30.872,30.872,30.426,29.917,29.917,29.917,29.663,29.917,29.726,29.217,28.835,29.026,29.09,28.962,28.899,28.899,28.899,28.771,28.835,28.835,28.835,28.835,28.835,
30.236,30.745,30.808,30.426,29.917,29.917,29.854,29.663,29.917,29.726,29.217,28.835,29.026,29.026,28.899,28.835,28.899,28.899,28.771,28.835,28.835,28.835,28.835,28.835,
29.981,30.363,30.426,30.045,29.408,29.472,29.408,29.281,29.408,29.217,28.962,28.581,28.771,28.771,28.771,28.708,28.771,28.771,28.771,28.835,28.835,28.835,28.835,28.835,
29.854,30.108,30.108,29.726,29.344,29.408,29.472,29.408,29.344,29.153,28.899,28.517,28.899,28.899,28.899,28.835,28.899,28.899,28.962,28.962,28.962,28.962,28.962,28.962,
29.217,29.726,29.79,29.408,29.026,29.09,29.09,29.026,29.153,28.962,28.771,28.581,28.962,28.962,28.962,28.962,29.026,29.026,29.09,29.09,29.09,29.09,29.09,29.09,
29.472,29.344,29.535,29.153,28.835,28.835,28.899,29.09,29.09,29.09,28.962,28.899,29.281,29.281,29.281,29.281,29.344,29.344,29.408,29.408,29.408,29.408,29.408,29.408,
29.535,29.344,29.535,29.153,28.835,28.835,28.835,28.962,28.962,28.962,28.899,28.899,29.281,29.281,29.281,29.281,29.344,29.344,29.408,29.408,29.408,29.408,29.408,29.408,
29.599,29.599,29.79,29.408,29.09,29.09,29.09,29.09,29.09,29.09,29.026,29.026,29.217,29.217,29.217,29.217,29.281,29.281,29.344,29.344,29.344,29.344,29.344,29.344,
29.663,29.663,29.726,29.472,29.344,29.344,29.344,29.281,29.281,29.281,29.217,29.217,29.408,29.408,29.408,29.408,29.472,29.472,29.535,29.535,29.535,29.535,29.535,29.535,
29.917,29.917,29.981,29.726,29.599,29.599,29.599,29.599,29.599,29.599,29.599,29.599,29.599,29.599,29.599,29.599,29.599,29.599,29.599,29.599,29.599,29.599,29.599,29.599,

29.607,30.206,30.605,30.273,29.874,29.807,30.273,31.138,31.67,31.47,31.47,31.404,31.537,31.737,31.87,31.537,31.537,31.537,31.603,31.537,31.47,32.335,32.335,32.202,
29.341,30.14,30.406,30.206,29.874,29.807,30.339,31.204,31.936,31.404,31.603,31.737,31.87,32.069,32.202,31.87,31.87,31.87,31.936,31.87,31.803,32.668,32.668,32.535,
29.541,30.339,30.605,30.273,29.94,29.874,30.472,31.337,31.803,31.603,31.737,31.87,32.003,32.202,32.335,32.003,32.003,32.003,32.069,32.003,31.936,32.801,32.801,32.668,
29.607,30.273,30.605,30.073,30.007,30.007,30.539,31.404,31.404,31.404,31.87,32.003,32.136,32.269,32.402,32.069,32.069,32.069,32.136,32.136,32.069,32.934,32.934,32.801,
29.607,30.273,30.605,29.94,29.807,29.807,30.406,31.271,31.537,31.603,32.136,32.269,32.402,32.535,32.668,32.402,32.402,32.402,32.468,32.468,32.402,33.267,33.267,33.134,
29.741,30.339,30.605,29.94,30.14,30.206,30.605,31.337,31.603,31.67,32.136,32.269,32.402,32.468,32.601,32.335,32.335,32.335,32.402,32.402,32.335,33.2,33.2,33.067,
30.073,30.472,30.605,30.007,30.14,30.472,30.872,31.47,32.003,31.737,32.468,32.668,32.801,32.868,33.001,32.735,32.735,32.735,32.801,32.801,32.735,33.599,33.599,33.466,
30.073,30.805,30.739,30.273,30.472,30.805,31.204,31.603,32.136,32.269,32.601,32.801,32.934,33.001,33.134,32.868,32.868,32.868,32.934,32.934,32.868,33.599,33.599,33.466,
30.339,30.872,30.805,30.672,30.605,30.938,31.404,31.737,32.335,32.468,32.801,33.001,33.134,33.2,33.333,33.067,33.067,33.067,33.134,33.134,33.001,33.733,33.666,33.533,
30.472,31.138,31.47,31.337,31.204,31.47,31.936,32.202,32.535,32.468,32.735,32.934,33.067,33.134,33.267,33.001,33.001,33.001,33.067,33.067,33.001,33.733,33.733,33.599,
30.406,31.47,31.67,31.603,31.67,31.803,32.136,32.535,32.601,32.535,32.868,33.067,33.001,33.067,33.267,33.001,33.001,33.001,33.067,33.067,33.001,33.599,33.599,33.466,
31.005,31.47,31.603,31.67,31.803,31.936,32.269,32.535,32.601,32.668,33.067,33.2,33.134,33.2,33.333,33.067,33.067,33.067,33.134,33.134,33.067,33.599,33.599,33.466,
31.071,31.737,31.803,31.87,32.003,31.87,32.202,32.535,32.601,32.801,33.001,33.134,33.134,33.2,33.333,33.267,33.267,33.267,33.333,33.333,33.267,33.799,33.799,33.666,
31.537,31.803,32.003,31.87,32.003,31.936,32.269,32.601,32.668,32.868,33.067,33.2,33.2,33.267,33.333,33.267,33.267,33.267,33.333,33.333,33.267,33.799,33.799,33.666,
31.603,31.737,31.936,31.603,31.87,31.803,32.202,32.535,32.601,32.801,33.001,33.134,33.134,33.267,33.333,33.267,33.267,33.267,33.333,33.333,33.267,33.799,33.799,33.666,
31.87,31.67,31.936,31.67,31.936,31.87,32.269,32.601,32.601,32.801,33.001,33.134,33.134,33.267,33.134,33.267,33.267,33.267,33.333,33.333,33.267,33.799,33.799,33.666,
32.202,31.936,32.136,32.003,32.269,32.069,32.468,32.601,32.601,32.801,33.001,33.134,33.134,33.267,33.267,33.267,33.267,33.267,33.267,33.267,33.2,33.733,33.733,33.599,
32.136,32.269,32.468,32.468,32.735,32.668,32.868,32.801,32.868,33.001,33.2,33.333,33.333,33.466,33.267,33.267,33.267,33.267,33.267,33.267,33.2,33.733,33.733,33.599,
32.269,32.468,32.668,32.601,33.067,32.934,33.134,33.067,33.067,33.2,33.2,33.333,33.333,33.466,33.267,33.267,33.267,33.267,33.267,33.267,33.2,33.733,33.733,33.599,
32.468,32.335,32.601,32.468,32.934,32.801,33.001,32.934,33.001,33.134,33.134,33.267,33.267,33.4,33.2,33.2,33.2,33.2,33.2,33.2,33.134,33.666,33.666,33.533,
32.468,32.335,32.801,32.668,32.934,32.801,33.001,33.001,33.001,33.134,33.134,33.267,33.267,33.4,33.2,33.067,33.067,33.067,33.067,33.067,33.001,33.533,33.533,33.4,
32.136,32.136,32.402,32.535,32.801,32.801,33.001,33.001,33.001,33.134,33.134,33.267,33.267,33.4,33.2,33.067,33.067,33.067,33.067,33.067,33.001,33.533,33.533,33.4,
32.535,32.535,32.868,33.001,33.267,33.267,33.267,33.267,33.267,33.4,33.4,33.533,33.533,33.666,33.466,33.4,33.4,33.4,33.4,33.4,33.4,33.666,33.666,33.533,
32.868,32.601,32.801,32.934,33.2,33.2,33.2,33.2,33.2,33.333,33.333,33.466,33.466,33.599,33.466,33.4,33.4,33.4,33.4,33.4,33.4,33.666,33.666,33.533,
33.333,33.067,33.267,33.4,33.666,33.666,33.666,33.666,33.666,33.666,33.666,33.799,33.799,33.932,33.799,33.733,33.733,33.733,33.733,33.733,33.733,33.733,33.733,33.599,
33.466,33.2,33.466,33.599,33.799,33.666,33.666,33.666,33.666,33.666,33.666,33.799,33.799,33.932,33.733,33.666,33.733,33.733,33.733,33.733,33.733,33.733,33.733,33.599,
33.466,33.134,33.4,33.466,33.666,33.533,33.533,33.533,33.533,33.533,33.533,33.666,33.666,33.799,33.866,33.799,33.866,33.866,33.866,33.866,33.866,33.866,33.866,33.733,
33.799,33.466,33.733,33.799,33.733,33.599,33.599,33.599,33.599,33.599,33.599,33.599,33.599,33.733,33.932,33.866,33.866,33.866,33.866,33.866,33.866,33.866,33.866,33.733,
33.666,33.267,33.466,33.599,33.533,33.4,33.4,33.4,33.4,33.4,33.4,33.4,33.4,33.533,33.733,33.733,33.733,33.733,33.733,33.733,33.733,33.733,33.733,33.599,
33.932,33.599,33.733,33.866,33.799,33.666,33.666,33.666,33.666,33.666,33.666,33.666,33.666,33.799,33.999,33.999,33.999,33.999,33.999,33.999,33.999,33.999,33.999,33.866,
34.198,33.4,33.533,33.799,33.733,33.4,33.4,33.4,33.4,33.4,33.4,33.4,33.4,33.533,33.733,33.733,33.733,33.733,33.733,33.733,33.733,33.733,33.733,33.599,
34.398,33.4,33.533,33.599,33.733,33.2,33.2,33.2,33.2,33.2,33.2,33.2,33.2,33.333,33.333,33.466,33.466,33.466,33.466,33.466,33.466,33.466,33.466,33.333,
34.065,33.4,33.533,33.599,33.733,33.267,33.267,33.267,33.267,33.267,33.267,33.267,33.267,33.4,33.4,33.466,33.466,33.466,33.466,33.466,33.466,33.466,33.466,33.333,
33.866,33.466,33.599,33.733,33.866,33.4,33.4,33.4,33.4,33.4,33.4,33.4,33.4,33.533,33.533,33.533,33.533,33.533,33.533,33.533,33.533,33.533,33.533,33.4,
33.466,33.333,33.333,33.599,33.466,33.4,33.4,33.4,33.4,33.4,33.4,33.4,33.4,33.533,33.533,33.533,33.533,33.533,33.533,33.533,33.533,33.533,33.533,33.4,
33.4,33.267,33.333,33.333,33.466,33.267,33.267,33.267,33.267,33.267,33.267,33.267,33.267,33.4,33.4,33.4,33.4,33.4,33.4,33.4,33.4,33.4,33.4,33.267,
33.4,33.2,33.267,33.267,33.4,33.2,33.2,33.2,33.2,33.2,33.2,33.2,33.2,33.333,33.333,33.333,33.333,33.333,33.333,33.333,33.333,33.333,33.333,33.2,
33.333,33.134,33.267,33.2,33.2,33.134,33.134,33.134,33.134,33.134,33.134,33.134,33.134,33.267,33.267,33.267,33.267,33.267,33.267,33.267,33.267,33.267,33.267,33.134,
33.134,33.067,33.134,33.067,33.067,33.001,33.001,33.001,33.001,33.001,33.001,33.001,33.001,33.134,33.134,33.134,33.134,33.134,33.134,33.134,33.134,33.134,33.134,33.001,
33.2,33.134,33.134,33.134,33.134,33.134,33.134,33.134,33.134,33.134,33.134,33.134,33.134,33.134,33.134,33.134,33.134,33.134,33.134,33.134,33.134,33.134,33.134,33.001,
33.2,33.134,33.134,33.134,33.134,33.134,33.134,33.134,33.134,33.134,33.134,33.134,33.134,33.134,33.134,33.134,33.134,33.134,33.134,33.134,33.134,33.134,33.134,33.001,
33.134,33.134,33.134,33.134,33.134,33.134,33.134,33.134,33.134,33.134,33.134,33.134,33.134,33.134,33.134,33.134,33.134,33.134,33.134,33.134,33.134,33.134,33.134,33.134,
33.134,33.134,33.134,33.134,33.134,33.134,33.134,33.134,33.134,33.134,33.134,33.134,33.134,33.134,33.134,33.134,33.134,33.134,33.134,33.134,33.134,33.134,33.134,33.134,
33.134,33.267,33.134,33.267,33.267,33.267,33.267,33.267,33.267,33.267,33.267,33.267,33.267,33.267,33.267,33.267,33.267,33.267,33.267,33.267,33.267,33.267,33.267,33.267,
33.267,33.267,33.267,33.267,33.267,33.267,33.267,33.267,33.267,33.267,33.267,33.267,33.267,33.267,33.267,33.267,33.267,33.267,33.267,33.267,33.267,33.267,33.267,33.267,
33.333,33.333,33.333,33.333,33.333,33.333,33.333,33.333,33.333,33.333,33.333,33.333,33.333,33.333,33.333,33.333,33.333,33.333,33.333,33.333,33.333,33.333,33.333,33.333,
33.333,33.333,33.333,33.333,33.333,33.333,33.333,33.333,33.333,33.333,33.333,33.333,33.333,33.333,33.333,33.333,33.333,33.333,33.333,33.333,33.333,33.333,33.333,33.333,
33.333,33.333,33.333,33.333,33.333,33.333,33.333,33.333,33.333,33.333,33.333,33.333,33.333,33.333,33.333,33.333,33.333,33.333,33.333,33.333,33.333,33.333,33.333,33.333,
33.333,33.333,33.333,33.333,33.333,33.333,33.333,33.333,33.333,33.333,33.333,33.333,33.333,33.333,33.333,33.333,33.333,33.333,33.333,33.333,33.333,33.333,33.333,33.333,
33.333,33.333,33.333,33.333,33.333,33.333,33.333,33.333,33.333,33.333,33.333,33.333,33.333,33.333,33.333,33.333,33.333,33.333,33.333,33.333,33.333,33.333,33.333,33.333,

44.414,44.074,44.687,45.232,44.687,44.142,44.278,44.823,44.755,45.368,45.232,45.232,45.232,45.436,45.708,46.39,46.526,47.003,46.798,46.458,46.117,45.981,45.708,46.185,
44.414,43.801,44.55,45.095,44.619,44.278,44.414,44.755,44.687,45.3,45.232,45.232,45.232,45.436,45.777,46.39,46.526,47.003,46.798,46.458,46.117,45.981,45.708,46.185,
44.346,43.801,44.278,44.959,44.55,44.278,44.414,44.687,44.619,45.3,45.232,45.027,45.027,45.232,45.708,46.117,46.253,46.73,46.526,46.185,45.845,45.708,45.436,45.913,
44.346,43.937,44.482,45.163,44.891,44.346,44.687,44.755,44.619,45.3,45.368,45.163,45.232,45.436,45.708,46.049,46.253,46.73,46.526,46.185,45.845,45.708,45.436,45.913,
44.414,44.005,44.55,45.163,44.823,44.346,44.687,44.755,44.619,45.3,45.368,45.163,45.232,45.436,45.708,46.049,46.253,46.73,46.526,46.117,45.845,45.708,45.436,45.913,
44.21,44.414,44.55,45.232,44.687,44.278,45.163,45.3,45.163,45.572,45.504,45.232,45.3,45.504,45.64,46.049,46.185,46.73,46.526,46.117,45.845,45.708,45.436,45.913,
44.21,44.482,44.55,45.095,44.55,44.278,45.232,45.368,45.163,45.436,45.504,45.3,45.368,45.572,45.64,46.049,46.185,46.73,46.526,46.117,45.845,45.708,45.436,45.913,
44.074,44.482,44.619,44.755,44.414,44.142,44.755,44.755,44.619,44.755,44.755,44.55,44.619,44.823,44.959,45.436,45.572,46.117,45.913,45.504,45.232,45.3,45.027,45.504,
44.55,44.482,44.278,44.687,44.142,44.414,44.891,44.687,44.482,44.891,44.755,44.55,44.482,44.755,44.891,45.232,45.368,45.913,45.708,45.3,45.027,45.095,44.823,45.504,
44.619,44.482,44.278,44.823,44.21,44.482,45.027,44.891,44.619,44.891,44.687,44.482,44.414,44.687,44.823,45.163,45.3,45.845,45.64,45.232,44.959,45.027,44.755,45.504,
44.346,44.005,43.937,44.414,44.074,44.278,44.823,44.823,44.55,44.891,44.687,44.482,44.414,44.687,44.823,45.163,45.095,45.64,45.436,45.027,44.755,44.823,44.55,45.3,
44.346,44.414,44.414,44.823,44.414,44.346,44.891,45.163,44.891,45.368,45.095,44.891,44.823,44.959,45.095,45.232,45.095,45.64,45.436,45.027,44.755,44.823,44.55,45.3,
43.937,44.142,44.21,44.482,44.142,44.687,45.368,45.232,44.959,45.436,45.163,44.891,44.823,44.687,45.232,45.232,45.095,45.64,45.436,45.027,44.755,44.823,44.55,45.3,
43.801,44.142,44.21,44.346,44.074,44.55,45.232,45.027,44.755,45.232,44.959,44.891,44.755,44.619,45.163,45.163,45.027,45.572,45.368,44.959,44.687,44.755,44.482,45.232,
43.529,43.869,44.142,44.346,44.074,44.55,45.232,45.027,44.755,45.232,44.959,44.891,44.755,44.619,45.163,45.163,45.027,45.572,45.368,44.959,44.687,44.755,44.482,45.232,
44.142,44.142,44.074,44.278,44.005,44.55,45.163,44.959,44.755,45.232,44.959,44.891,44.755,44.619,44.959,44.959,44.755,45.3,45.095,44.891,44.619,44.687,44.414,45.163,
44.005,44.005,44.414,44.687,44.414,44.687,45.163,44.959,44.755,45.232,45.095,45.027,44.891,44.755,45.095,45.095,44.891,45.436,45.232,45.027,44.755,44.687,44.414,45.163,
44.142,44.21,44.619,45.163,44.891,44.823,44.959,45.095,44.755,45.163,45.027,44.755,44.619,44.687,45.027,45.436,45.232,45.368,45.163,44.959,44.687,44.755,44.755,45.232,
44.278,44.278,44.891,45.232,44.891,44.823,44.959,45.095,44.755,45.163,45.027,44.755,44.619,44.55,44.891,45.3,44.823,44.959,44.755,44.55,44.278,44.346,44.346,44.823,
44.414,44.482,44.414,44.687,44.414,44.482,44.619,44.959,44.619,45.095,45.163,44.891,44.755,44.687,44.619,45.027,44.55,44.687,44.482,44.278,44.005,44.074,44.074,44.278,
44.482,44.21,44.414,44.55,44.414,44.482,44.619,44.959,44.619,45.095,45.163,44.891,44.755,44.687,44.619,45.027,44.55,44.687,44.482,44.278,44.005,44.074,44.074,44.278,
44.414,44.278,44.482,44.619,44.414,44.414,44.55,45.095,44.755,45.232,45.3,45.095,44.959,44.891,44.823,45.3,44.823,44.959,44.891,44.823,44.55,44.619,44.619,44.823,
44.346,44.482,44.55,44.619,44.414,44.346,44.55,44.891,44.55,45.027,45.095,44.891,44.755,44.687,44.619,44.959,44.482,44.619,44.755,44.687,44.414,44.482,44.482,44.687,
44.005,44.142,44.346,44.482,44.346,44.278,44.346,44.55,44.346,44.823,44.891,44.687,44.55,44.482,44.414,44.55,44.346,44.414,44.55,44.687,44.619,44.687,44.687,44.891,
43.937,43.801,44.346,44.142,44.074,44.005,44.278,44.482,44.346,44.823,44.891,44.687,44.687,44.619,44.55,44.687,44.414,44.414,44.55,44.687,44.619,44.687,44.687,44.891,
43.733,43.801,44.346,44.142,44.005,43.869,44.142,44.346,44.346,44.823,44.891,44.687,44.687,44.619,44.55,44.687,44.414,44.414,44.55,44.687,44.619,44.687,44.687,44.891,
44.005,43.869,44.346,43.937,44.005,43.801,43.937,44.142,44.142,44.619,44.823,44.619,44.619,44.55,44.482,44.346,44.346,44.346,44.482,44.619,44.55,44.687,44.687,44.891,
43.801,43.597,43.937,43.869,44.21,44.074,43.937,44.142,44.142,44.619,44.823,44.619,44.619,44.55,44.482,44.346,44.346,44.346,44.482,44.619,44.55,44.687,44.687,44.891,
43.733,43.665,44.005,44.005,44.346,44.142,44.005,44.21,44.21,44.55,44.55,44.346,44.346,44.278,44.21,44.21,44.21,44.21,44.346,44.482,44.414,44.55,44.55,44.755,
43.801,43.733,44.005,44.005,44.346,44.21,44.074,44.278,44.278,44.619,44.619,44.414,44.414,44.346,44.278,44.414,44.414,44.414,44.55,44.619,44.55,44.687,44.687,44.755,
43.869,44.005,44.142,44.142,44.414,44.346,44.21,44.21,44.21,44.55,44.278,44.074,44.142,44.074,44.005,44.142,44.142,44.142,44.278,44.346,44.278,44.414,44.414,44.482,
43.597,43.529,43.665,43.665,43.937,43.869,43.733,43.733,43.733,44.074,44.005,43.801,43.869,43.801,43.733,43.869,43.869,43.869,44.005,44.074,44.005,44.005,44.005,44.074,
43.529,43.597,43.733,43.733,43.937,43.869,43.801,43.801,43.801,44.142,44.074,43.869,43.937,43.869,43.801,43.801,43.801,43.801,43.801,43.801,43.869,43.869,43.869,43.801,
43.665,43.665,43.733,43.665,43.937,43.937,43.869,43.869,43.869,44.21,44.142,43.937,44.005,43.937,43.869,43.869,43.869,43.869,43.869,43.869,43.937,43.937,43.937,43.869,
43.801,43.801,43.937,43.869,43.937,44.142,44.074,44.074,44.142,44.278,44.21,44.074,44.142,44.074,44.005,44.005,44.005,44.005,44.005,44.005,44.074,44.074,44.074,43.937,
43.665,43.733,43.869,43.801,43.597,43.801,43.733,43.733,43.801,43.937,43.937,43.801,43.869,43.801,43.733,43.733,43.733,43.733,43.733,43.733,43.801,43.801,43.801,43.937,
43.597,43.665,43.801,43.597,43.529,43.733,43.733,43.733,43.801,43.937,43.937,44.005,44.074,44.005,43.937,43.937,43.937,43.937,43.937,43.937,44.005,44.005,44.005,44.142,
43.256,43.46,43.733,43.733,43.529,43.733,43.733,43.733,43.801,43.937,43.937,44.005,44.074,44.005,43.937,43.937,43.937,43.937,43.937,43.937,43.733,43.733,43.733,44.142,
43.46,43.597,43.801,43.801,43.801,43.801,43.801,43.801,43.801,43.937,43.937,44.005,44.074,44.005,43.937,43.937,43.937,43.937,43.937,43.937,43.733,43.733,43.733,44.142,
43.597,43.597,43.665,43.665,43.665,43.665,43.665,43.665,43.665,43.801,43.801,43.869,43.869,43.801,43.801,43.801,43.801,43.801,43.801,43.801,43.597,43.597,43.597,44.005,
43.597,43.733,43.801,43.801,43.801,43.801,43.801,43.801,43.801,43.801,43.801,43.869,43.869,43.801,43.801,43.801,43.801,43.801,43.801,43.801,43.597,43.597,43.597,44.005,
43.392,43.529,43.597,43.597,43.597,43.597,43.597,43.597,43.597,43.597,43.597,43.529,43.529,43.46,43.46,43.46,43.46,43.46,43.46,43.46,43.46,43.46,43.46,43.665,
43.46,43.597,43.597,43.597,43.597,43.597,43.597,43.597,43.597,43.597,43.597,43.529,43.529,43.46,43.46,43.46,43.46,43.46,43.46,43.46,43.46,43.46,43.46,43.665,
43.529,43.529,43.529,43.529,43.529,43.529,43.529,43.529,43.529,43.529,43.529,43.46,43.46,43.46,43.46,43.46,43.46,43.46,43.46,43.46,43.46,43.46,43.46,43.529,
43.529,43.529,43.46,43.46,43.46,43.46,43.46,43.46,43.46,43.46,43.46,43.392,43.392,43.392,43.392,43.392,43.392,43.392,43.392,43.392,43.392,43.392,43.392,43.46,
43.733,43.733,43.665,43.665,43.665,43.665,43.665,43.665,43.665,43.665,43.665,43.665,43.665,43.665,43.665,43.665,43.665,43.665,43.665,43.665,43.665,43.665,43.665,43.597,
43.665,43.665,43.665,43.665,43.665,43.665,43.665,43.665,43.665,43.665,43.665,43.665,43.665,43.665,43.665,43.665,43.665,43.665,43.665,43.665,43.665,43.665,43.665,43.597,
43.665,43.665,43.665,43.665,43.665,43.665,43.665,43.665,43.665,43.665,43.665,43.665,43.665,43.665,43.665,43.665,43.665,43.665,43.665,43.665,43.665,43.665,43.665,43.665,
43.665,43.665,43.665,43.665,43.665,43.665,43.665,43.665,43.665,43.665,43.665,43.665,43.665,43.665,43.665,43.665,43.665,43.665,43.665,43.665,43.665,43.665,43.665,43.665,
43.869,43.869,43.869,43.869,43.869,43.869,43.869,43.869,43.869,43.869,43.869,43.869,43.869,43.869,43.869,43.869,43.869,43.869,43.869,43.869,43.869,43.869,43.869,43.869,

30.06,29.613,29.241,28.795,29.315,30.432,31.176,30.506,30.729,30.655,30.58,30.506,30.06,30.134,29.762,30.283,29.241,29.464,29.464,29.911,30.357,31.101,31.399,31.399,
30.06,29.464,29.241,28.72,29.39,30.208,30.952,30.506,30.878,30.804,30.506,30.357,29.985,29.985,29.613,30.06,29.018,29.241,29.315,29.762,30.208,30.952,31.25,31.25,
30.06,29.539,29.613,29.092,29.464,30.283,31.101,30.655,30.952,30.729,30.58,30.283,29.911,29.985,29.613,29.985,28.795,29.018,29.241,29.688,30.134,30.878,31.176,31.25,
30.208,29.613,29.688,29.39,29.464,30.357,30.878,30.655,30.952,30.729,30.58,30.208,29.911,29.985,29.613,30.06,28.869,29.092,29.315,29.762,30.134,30.878,31.176,31.25,
30.208,29.613,29.613,29.613,29.688,30.357,30.878,30.58,30.878,30.729,30.506,30.134,30.06,30.134,29.762,30.208,29.092,29.315,29.539,30.06,30.357,31.101,31.399,31.25,
30.283,29.836,29.613,29.688,29.688,30.283,30.804,30.506,30.878,30.729,30.506,29.911,29.836,29.985,29.539,29.985,29.018,29.241,29.464,29.985,30.283,30.878,31.176,31.027,
30.283,29.836,29.464,29.762,29.762,30.432,30.58,30.357,30.655,30.432,30.432,29.836,29.688,30.06,29.613,30.06,29.241,29.315,29.539,29.985,30.357,31.101,31.399,31.101,
30.357,29.762,29.315,30.06,29.985,30.655,30.804,30.58,31.324,30.729,30.729,30.06,29.911,30.506,30.06,30.357,29.539,29.613,29.836,30.283,30.655,31.399,31.399,31.101,
30.208,29.688,29.39,30.283,30.208,30.804,31.027,30.878,31.548,31.176,31.027,30.283,30.357,30.506,30.06,30.357,29.539,29.613,29.836,30.283,30.655,31.399,31.399,31.101,
29.911,29.539,29.092,30.134,30.432,30.952,30.952,30.804,31.473,31.399,31.548,31.027,30.878,30.804,30.357,30.655,29.985,30.06,30.283,30.58,30.952,31.696,31.696,31.101,
29.762,29.539,29.613,30.134,30.357,31.027,31.027,30.655,31.25,31.399,31.548,31.101,30.878,30.878,30.432,30.655,30.134,30.134,30.432,30.729,31.027,31.771,31.771,31.399,
29.836,29.911,29.613,29.762,30.357,31.027,31.027,30.729,31.324,31.771,31.622,31.101,30.878,30.878,30.432,30.655,30.134,30.134,30.432,30.729,31.027,31.771,31.771,31.399,
30.134,29.613,29.39,29.762,30.357,31.027,30.878,30.804,30.952,31.622,31.771,31.622,31.399,31.399,31.027,31.25,30.729,30.729,31.027,31.324,31.622,32.366,32.44,32.143,
30.06,29.464,29.315,29.985,30.357,31.101,31.101,30.804,30.878,31.622,31.771,31.92,31.771,31.92,31.548,31.771,31.25,31.25,31.548,31.845,32.068,32.813,32.887,32.515,
30.134,29.613,29.613,29.911,30.06,31.176,30.804,31.027,31.399,31.473,31.845,31.845,31.994,32.143,31.771,31.994,31.473,31.473,31.771,32.068,32.292,33.036,33.185,32.813,
30.357,29.911,30.06,29.985,30.283,31.176,31.101,31.324,31.473,31.696,32.44,32.44,32.217,32.366,32.143,32.366,31.845,31.845,32.143,32.44,32.664,33.408,33.482,33.11,
30.283,29.688,30.357,30.208,30.283,31.399,31.399,31.845,31.845,32.143,32.515,32.515,32.292,32.589,32.44,32.664,32.143,32.143,32.292,32.44,32.664,33.408,33.482,33.259,
30.283,30.134,30.729,30.357,30.432,31.548,31.324,31.771,32.143,32.44,32.44,32.44,32.292,32.589,32.44,32.664,32.143,32.143,32.292,32.44,32.664,33.408,33.482,33.259,
30.432,30.432,30.729,30.432,30.729,31.994,31.92,32.217,32.515,32.515,32.589,32.589,32.515,32.664,32.515,32.738,32.068,31.994,32.143,32.292,32.664,33.482,33.408,33.11,
30.506,30.432,30.58,30.432,31.399,31.994,32.068,32.44,32.738,32.887,32.961,32.738,32.515,32.664,32.515,32.738,32.068,31.994,32.143,32.589,32.961,33.482,33.408,33.408,
30.58,30.506,31.176,30.655,31.473,31.994,32.143,32.589,33.259,33.259,33.333,33.408,33.185,33.333,33.11,33.333,32.664,32.589,32.738,32.887,33.259,33.78,33.408,33.408,
30.506,30.878,31.696,31.027,31.622,32.961,33.11,32.738,33.185,33.259,33.333,33.408,33.408,33.408,33.185,33.408,32.738,32.664,32.813,32.961,33.333,33.854,33.408,33.408,
30.729,31.25,31.92,31.176,32.217,33.185,33.185,33.259,33.705,33.78,33.78,33.557,33.557,33.557,33.185,33.408,32.738,32.664,32.813,32.961,33.036,33.408,33.259,33.259,
31.027,31.473,31.92,31.473,32.515,33.185,33.259,33.482,33.929,33.929,33.929,33.705,33.705,33.78,33.408,33.631,32.961,32.887,33.036,32.961,32.887,33.408,33.259,33.259,
31.25,31.771,32.589,31.92,32.44,33.185,33.185,33.482,33.929,33.929,33.929,33.705,33.705,33.78,33.408,33.631,32.961,32.887,33.036,32.961,32.887,33.408,33.259,33.333,
31.622,31.92,32.813,31.994,32.366,33.11,33.557,33.557,33.929,33.929,33.929,33.705,33.705,33.78,33.408,33.408,33.036,32.961,33.036,32.961,32.961,33.333,33.185,33.259,
32.068,33.036,33.036,33.333,33.11,33.482,33.333,33.482,33.854,33.854,33.854,33.631,33.631,33.482,33.11,33.11,32.961,32.961,33.036,32.961,32.961,33.333,33.185,33.259,
32.217,33.036,33.036,33.185,33.408,33.482,33.333,33.482,33.854,33.854,33.78,33.557,33.631,33.557,33.185,33.185,32.961,32.961,33.036,32.961,32.961,33.259,33.185,33.259,
32.813,33.482,33.259,33.259,33.557,33.557,33.482,33.631,33.705,33.929,33.854,33.482,33.482,33.557,33.185,33.185,32.961,33.11,33.185,33.11,33.036,33.259,33.333,33.408,
32.738,33.557,33.408,33.408,33.78,33.78,33.631,33.78,33.854,33.929,33.854,33.482,33.482,33.557,33.185,33.036,32.961,33.11,33.036,32.961,32.887,33.11,33.482,33.557,
33.185,34.152,34.077,33.78,33.929,33.854,33.631,33.78,33.854,33.929,33.854,33.482,33.482,33.557,33.185,33.036,32.961,33.11,33.036,32.961,32.887,33.11,33.482,33.557,
33.854,34.524,34.226,33.929,34.077,34.003,33.78,33.854,33.929,34.003,33.482,33.557,33.557,33.631,33.259,33.11,33.036,33.185,33.11,33.036,32.961,33.333,33.557,33.631,
34.821,34.896,34.301,33.929,34.077,33.854,33.854,34.003,34.003,34.077,33.557,33.705,33.631,33.705,33.333,33.185,33.036,33.185,33.11,33.11,33.036,33.408,33.557,33.631,
35.119,34.97,34.226,33.854,34.003,33.854,33.929,34.003,34.003,34.003,33.482,33.557,33.631,33.705,33.408,33.259,33.259,33.408,33.259,33.259,33.036,33.408,33.705,33.557,
35.342,34.97,34.226,33.854,34.003,34.003,34.003,34.003,34.003,34.003,33.482,33.482,33.557,33.631,33.482,33.333,33.482,33.631,33.482,33.333,33.11,33.333,33.78,34.003,
35.64,34.97,34.077,33.854,34.003,34.003,34.003,34.003,34.003,34.003,33.557,33.557,33.631,33.705,33.557,33.408,33.482,33.631,33.482,33.482,33.482,33.557,33.631,33.854,
35.417,34.97,34.003,33.854,33.854,33.78,33.78,33.854,33.929,33.929,33.333,33.408,33.557,33.631,33.482,33.482,33.408,33.557,33.482,33.482,33.482,33.557,33.631,33.854,
35.417,35.045,34.226,34.077,34.077,33.854,33.854,33.854,33.929,34.003,33.408,33.408,33.557,33.631,33.482,33.482,33.333,33.557,33.482,33.482,33.482,33.557,33.631,33.854,
35.342,35.045,34.226,34.152,34.152,33.854,33.854,33.854,33.929,33.929,33.408,33.482,33.631,33.705,33.705,33.705,33.557,33.78,33.705,33.705,33.705,33.78,33.854,33.854,
35.342,35.193,34.301,34.226,34.226,33.929,33.929,33.929,34.077,33.929,33.705,33.78,33.854,33.929,33.929,33.929,33.854,33.854,33.78,33.78,33.78,33.78,33.854,33.854,
35.268,34.97,34.152,34.077,34.226,34.003,34.003,34.003,33.557,33.557,33.705,33.78,33.854,33.854,33.854,33.854,33.854,33.854,33.78,33.78,33.78,33.78,33.854,33.854,
35.119,34.896,33.78,33.705,33.78,33.482,33.408,33.631,33.482,33.631,33.78,33.705,33.631,33.631,33.631,33.631,33.631,33.631,33.631,33.631,33.631,33.631,33.705,33.705,
35.193,34.97,33.408,33.408,33.408,33.036,32.961,33.185,33.259,33.408,33.408,33.333,33.557,33.631,33.631,33.631,33.631,33.631,33.631,33.631,33.631,33.631,33.854,33.854,
35.045,34.077,33.333,33.408,33.408,33.259,33.185,33.185,33.185,33.333,33.333,33.259,33.482,33.557,33.631,33.631,33.631,33.631,33.631,33.631,33.631,33.631,33.854,33.854,
33.929,33.854,33.185,33.333,33.333,33.185,33.11,33.036,33.185,33.185,33.185,33.11,33.408,33.482,33.557,33.557,33.557,33.557,33.557,33.557,33.557,33.557,33.78,33.78,
33.78,33.705,33.259,33.482,33.482,33.259,33.259,33.259,33.259,33.482,33.482,33.482,33.631,33.705,33.78,33.78,33.78,33.78,33.78,33.78,33.78,33.78,33.78,33.78,
33.854,33.854,33.705,33.854,33.854,33.631,33.631,33.631,33.631,33.631,33.631,33.631,33.631,33.705,33.78,33.78,33.78,33.78,33.78,33.78,33.78,33.78,33.78,33.78,
33.854,33.854,33.854,34.003,34.003,33.78,33.78,33.78,33.78,33.78,33.78,33.78,33.78,33.854,33.854,33.854,33.854,33.854,33.854,33.854,33.854,33.854,33.854,33.854,
34.077,34.077,33.929,34.077,34.077,33.78,33.78,33.78,33.78,33.78,33.78,33.78,33.78,33.854,33.854,33.854,33.854,33.854,33.854,33.854,33.854,33.854,33.854,33.854,
32.887,32.887,32.887,32.887,32.887,32.813,32.813,32.813,32.813,32.813,32.813,32.813,32.813,32.887,32.887,32.887,32.887,32.887,32.887,32.887,32.887,32.887,32.887,32.887,

28.108,29.216,28.662,29.533,28.979,28.741,29.137,29.058,28.662,28.82,28.662,28.504,28.662,29.058,28.979,29.295,29.612,29.533,29.85,29.691,30.325,29.216,29.295,29.375,
27.949,28.899,28.424,29.216,28.979,28.82,29.216,29.137,28.741,28.899,28.741,28.424,28.662,29.058,28.979,29.295,29.612,29.533,29.85,29.691,30.325,29.216,29.295,29.375,
28.108,28.82,28.266,29.137,28.979,28.899,29.216,28.899,28.504,28.662,28.741,28.424,28.899,29.375,29.295,29.691,30.008,29.929,30.008,29.85,30.483,29.454,29.533,29.612,
28.424,28.741,28.345,29.137,28.979,28.899,29.216,28.504,28.108,28.266,28.345,28.424,28.899,29.375,29.295,29.691,30.008,29.929,30.008,29.85,30.483,29.454,29.533,29.612,
28.662,28.899,28.424,29.295,28.979,28.82,29.137,28.504,28.108,28.266,28.345,28.424,28.899,29.375,29.454,29.85,30.166,30.087,30.166,30.008,30.562,29.533,29.691,29.77,
28.583,28.583,28.424,29.295,28.979,28.899,29.137,28.504,28.108,28.266,28.345,28.424,28.899,29.375,29.454,29.77,30.087,30.008,30.166,30.008,30.562,29.533,29.691,29.77,
28.583,28.662,28.504,29.295,28.979,28.899,29.137,28.583,28.108,28.266,28.345,28.424,28.899,29.375,29.454,29.77,30.087,30.008,30.166,30.008,30.562,29.533,29.691,29.77,
28.899,28.979,28.504,29.295,29.216,28.899,28.741,28.583,28.266,28.424,28.504,28.583,29.058,29.533,29.612,29.77,30.087,30.008,30.166,30.008,30.562,29.533,29.691,29.77,
28.899,28.979,28.741,29.295,29.216,28.899,28.741,28.583,28.266,28.424,28.504,28.583,29.058,29.533,29.612,29.77,30.087,30.008,30.166,30.008,30.562,29.533,29.691,29.77,
28.899,28.82,28.583,29.137,29.137,28.979,28.741,28.583,28.266,28.424,28.504,28.583,29.058,29.691,29.77,29.929,30.245,30.166,30.404,30.245,30.8,29.691,29.929,30.008,
28.741,28.82,28.424,29.058,29.137,28.979,28.662,28.583,28.266,28.504,28.583,28.504,28.979,29.691,29.77,29.929,30.245,30.166,30.404,30.245,30.8,29.691,29.929,30.008,
28.424,28.583,28.424,28.979,29.216,29.058,28.662,28.504,28.266,28.504,28.583,28.583,29.058,29.691,29.77,29.929,30.245,30.166,30.404,30.245,30.8,29.691,29.929,30.008,
28.82,28.662,28.424,29.137,29.295,29.216,28.741,28.504,28.187,28.424,28.504,28.583,29.058,29.691,29.77,29.85,30.166,30.087,30.325,30.245,30.8,29.691,29.929,30.008,
28.741,28.583,28.345,28.82,29.058,29.137,28.662,28.504,28.266,28.504,28.424,28.504,28.979,29.691,29.77,29.85,30.166,30.087,30.325,30.245,30.8,29.691,29.929,30.008,
28.583,28.504,28.266,28.82,29.058,29.058,28.583,28.504,28.108,28.424,28.345,28.424,28.899,29.612,29.612,29.691,30.008,29.929,30.166,30.087,30.8,29.691,29.929,30.008,
28.662,28.662,28.266,28.979,28.82,29.216,28.662,28.583,28.187,28.662,28.741,28.82,29.137,29.533,29.533,29.612,29.929,29.85,30.087,30.008,30.721,29.691,29.929,29.375,
28.741,28.424,28.108,29.295,28.979,29.295,28.741,28.662,28.424,28.741,28.741,28.82,29.137,29.533,29.533,29.612,29.929,29.85,30.087,30.008,30.721,29.691,29.929,29.375,
28.583,28.424,28.345,29.295,28.979,28.899,28.899,28.82,28.583,28.979,28.82,28.979,29.216,29.533,29.533,29.612,29.929,29.85,30.087,30.008,30.721,29.454,29.691,29.137,
28.741,28.741,28.82,29.058,28.979,28.899,28.979,28.979,28.741,29.058,28.899,28.979,29.216,29.533,29.533,29.612,29.929,29.85,30.087,30.008,30.721,29.454,29.691,29.137,
28.662,28.662,28.741,28.979,28.979,28.899,28.979,28.979,28.741,29.058,28.899,28.979,29.216,29.533,29.533,29.612,29.929,29.85,30.087,30.008,30.721,29.454,29.691,29.137,
28.504,28.741,28.741,29.058,28.979,28.583,29.058,28.979,28.741,29.058,28.899,28.979,29.216,29.533,29.533,29.612,29.929,29.85,30.087,30.008,30.721,29.454,29.691,29.137,
28.583,28.741,28.504,28.82,28.741,28.424,28.979,29.058,28.741,29.137,28.979,29.058,29.295,29.612,29.612,29.691,30.008,29.929,30.166,30.087,30.8,29.454,29.691,29.137,
28.662,28.741,28.504,28.899,28.741,28.424,29.058,29.216,28.82,29.058,28.899,28.979,29.295,29.612,29.691,29.77,30.087,30.008,29.454,30.087,30.8,29.454,29.691,29.137,
29.058,28.662,28.424,28.979,28.899,28.583,28.979,29.137,28.979,29.216,29.058,29.137,29.454,29.533,29.612,29.691,30.087,30.008,29.454,30.087,30.8,29.533,29.77,29.216,
28.899,28.662,28.583,29.137,28.899,28.82,29.058,29.295,29.058,29.295,29.137,29.216,29.533,29.612,29.691,29.77,30.166,30.087,29.533,29.533,31.433,30.166,29.85,29.216,
28.741,28.345,28.187,28.741,28.979,29.058,29.058,29.295,29.137,29.454,29.295,29.375,29.058,29.137,29.216,29.929,30.325,30.245,29.691,29.058,31.354,29.85,29.533,28.899,
28.662,28.899,28.662,29.137,28.82,29.058,29.058,29.295,29.137,29.454,29.454,29.533,29.216,29.295,29.375,30.166,30.087,30.008,29.691,29.058,31.354,29.85,29.691,28.979,
28.979,28.979,28.504,29.137,28.899,29.058,29.295,29.612,28.82,29.216,28.424,28.504,28.345,29.375,29.454,30.245,30.721,30.641,29.85,29.216,31.75,30.562,29.85,28.979,
29.058,28.899,28.662,29.295,29.375,29.137,29.375,29.691,28.899,28.504,28.108,28.187,28.108,29.454,29.533,30.245,30.721,30.641,29.85,29.216,31.75,30.562,30.8,29.929,
29.058,28.899,28.662,29.216,29.216,29.137,29.533,29.85,29.137,28.504,28.424,28.504,28.187,28.899,28.979,29.691,29.533,29.454,29.929,29.295,31.829,29.77,30.008,29.929,
29.058,28.979,28.424,29.216,29.216,29.137,29.612,30.087,29.216,28.424,28.424,28.504,27.949,28.979,29.137,29.85,29.691,28.899,29.295,29.375,30.483,29.058,29.295,29.295,
28.979,28.899,28.424,29.216,29.216,29.137,29.612,30.087,29.216,28.345,28.345,28.424,27.949,28.979,29.137,29.137,29.058,28.979,29.375,29.454,30.483,29.058,29.295,29.295,
28.504,28.424,28.108,28.979,28.899,28.82,28.583,28.583,27.87,27.87,27.87,28.504,28.266,29.295,29.454,29.058,28.979,29.216,29.137,29.216,30.641,29.216,29.454,29.454,
28.662,28.504,28.187,28.899,28.82,28.741,28.504,28.504,27.87,27.87,27.87,28.504,28.266,29.295,29.454,29.058,28.979,29.216,28.899,28.979,30.483,29.216,29.454,29.454,
28.741,28.504,28.187,28.899,28.82,28.741,28.504,28.504,27.87,27.712,27.712,27.791,27.712,28.899,28.662,28.662,28.583,28.82,28.662,28.741,29.691,29.216,29.454,29.454,
28.899,28.82,28.504,29.137,29.137,29.375,28.979,29.058,28.504,28.029,28.029,28.108,28.108,28.583,28.504,28.504,28.345,28.583,28.662,29.137,30.087,29.216,29.454,29.454,
28.979,29.058,28.662,29.137,29.137,29.375,28.979,29.058,28.108,27.949,27.949,28.345,28.424,28.583,28.424,28.424,28.266,28.504,28.345,28.108,29.058,29.216,29.454,29.454,
29.216,29.137,29.058,29.533,28.741,28.741,29.058,27.949,27.87,27.949,27.949,27.633,27.633,28.583,28.662,28.662,28.504,28.741,28.662,28.583,28.741,28.899,29.454,29.454,
29.454,28.979,28.029,28.266,28.029,27.87,28.345,27.949,28.504,28.345,28.345,27.633,27.633,28.662,28.662,28.662,28.504,28.741,29.058,28.979,28.82,28.741,29.295,29.295,
29.533,28.345,27.87,28.266,28.029,27.87,28.266,27.949,28.504,28.424,28.424,27.712,27.633,28.345,28.187,28.187,28.187,28.979,29.375,29.533,28.979,28.979,29.216,29.375,
28.741,28.424,28.504,28.504,28.504,28.504,28.504,28.504,28.979,28.979,28.979,28.266,27.791,28.424,28.583,28.583,28.583,29.375,29.375,29.533,29.058,28.741,28.979,28.979,
29.058,28.266,28.662,28.662,28.662,28.662,28.662,28.662,28.424,28.424,28.424,28.424,28.504,29.137,29.295,29.295,29.295,29.533,29.533,29.295,28.583,28.266,28.979,28.979,
29.295,28.741,28.662,28.662,28.662,28.662,28.662,28.662,28.662,28.662,28.662,28.662,28.741,30.008,29.929,29.929,29.929,29.929,30.087,29.85,29.533,28.424,28.82,28.82,
28.899,29.375,29.375,29.375,29.375,29.375,29.375,29.375,29.375,29.375,29.375,29.375,29.375,30.166,30.562,30.562,30.721,30.721,30.562,30.325,30.087,28.979,28.899,27.791,
29.691,30.404,30.483,30.483,30.483,30.483,30.483,30.483,30.483,30.483,30.483,30.483,30.483,30.483,30.483,30.483,30.483,30.483,30.483,30.483,30.245,28.583,28.504,27.395,
29.691,29.77,29.375,29.375,29.375,29.375,29.375,29.375,29.375,29.375,29.375,29.375,29.375,29.375,29.375,29.375,29.375,29.375,29.375,29.375,28.662,26.366,26.287,26.287,
29.691,29.77,28.424,28.424,28.424,28.424,28.424,28.424,28.424,28.424,28.424,28.424,28.424,28.424,28.424,28.424,28.424,28.424,28.424,28.424,27.712,25.178,24.545,24.545,
24.941,24.941,24.861,24.861,24.861,24.861,24.861,24.861,24.861,24.861,24.861,24.861,24.861,24.861,24.861,24.861,24.861,24.861,24.861,24.861,24.861,24.466,23.832,23.832,
23.832,23.832,23.832,23.832,23.832,23.832,23.832,23.832,23.832,23.832,23.832,23.832,23.832,23.832,23.832,23.832,23.832,23.832,23.832,23.832,23.832,23.832,23.832,23.832,
23.832,23.832,23.832,23.832,23.832,23.832,23.832,23.832,23.832,23.832,23.832,23.832,23.832,23.832,23.832,23.832,23.832,23.832,23.832,23.832,23.832,23.832,23.832,23.832,

24.559,25.682,27.127,26.726,25.843,25.441,25.762,26.244,27.769,27.849,28.411,28.331,28.652,28.331,28.17,28.331,28.973,28.732,29.535,29.615,29.454,29.053,29.053,29.133,
24.478,25.602,27.127,26.404,25.762,25.522,25.843,26.324,27.849,28.01,28.411,28.411,28.732,28.411,28.331,28.491,29.133,28.812,29.535,29.615,29.454,29.053,29.053,29.133,
24.238,25.361,27.207,26.565,25.923,25.923,26.164,26.645,27.849,28.01,28.331,28.411,28.973,28.652,28.571,28.732,29.133,28.892,29.615,29.695,29.535,29.133,29.133,29.213,
24.639,25.843,27.448,26.726,26.324,26.083,26.324,26.485,27.849,28.01,28.331,28.411,28.973,28.652,28.411,28.331,28.652,28.411,29.213,29.535,29.294,28.892,28.973,29.133,
24.96,25.923,27.689,26.726,26.404,26.244,26.485,26.645,27.849,27.929,28.17,28.17,28.812,28.491,28.411,28.331,28.652,28.411,29.213,29.535,29.294,28.892,28.973,29.133,
24.96,25.923,27.689,26.886,26.485,26.404,26.565,26.966,28.09,28.09,28.17,28.331,28.812,28.652,28.411,28.331,28.652,28.411,29.213,29.535,29.294,28.892,28.973,29.133,
24.88,26.003,27.528,26.645,26.324,26.324,26.485,26.726,27.849,28.01,28.09,28.411,28.892,28.732,28.491,28.411,28.732,28.411,29.213,29.535,29.294,28.892,28.973,29.133,
24.559,25.682,27.207,26.726,26.404,26.404,26.565,26.966,27.769,27.689,27.769,28.25,28.732,28.571,28.331,28.25,28.571,28.25,29.053,29.374,29.294,28.892,28.973,29.133,
24.478,25.602,27.287,26.886,26.404,26.565,26.726,26.966,27.769,27.689,27.769,28.25,28.571,28.331,28.01,27.929,28.25,27.929,28.732,29.053,28.973,28.571,28.652,29.053,
24.799,25.682,27.287,26.806,26.565,26.565,26.886,26.966,27.689,27.689,27.769,28.17,28.491,28.331,28.01,27.929,28.411,28.09,28.892,29.213,28.973,28.571,28.652,29.053,
24.639,25.522,27.368,26.886,26.565,26.806,27.047,26.886,27.608,28.09,28.25,28.812,29.053,28.491,28.25,28.571,29.053,28.973,29.133,29.535,29.294,28.892,28.973,29.133,
24.398,25.361,27.127,26.726,26.404,26.806,27.047,26.726,27.368,27.929,28.09,28.652,28.812,28.331,28.09,28.411,28.892,28.973,29.133,29.535,29.294,28.892,28.973,29.133,
24.318,25.12,26.886,26.565,26.404,26.485,26.404,26.244,26.966,27.448,27.929,28.571,29.053,28.25,27.769,28.01,28.491,28.491,28.732,29.133,28.892,28.491,28.571,28.732,
24.478,25.201,26.886,26.726,26.645,26.645,26.966,26.726,27.608,27.689,28.17,28.812,29.454,28.491,28.01,28.25,28.892,28.652,28.892,29.294,29.053,28.491,28.571,28.732,
24.639,25.441,26.726,26.806,26.806,26.645,26.806,26.806,27.608,27.769,28.17,28.812,29.374,28.732,28.01,28.25,28.892,28.652,28.892,29.294,29.053,28.491,28.571,28.973,
25.04,25.762,26.806,26.966,26.645,26.645,26.966,27.047,27.608,27.689,27.929,28.652,29.294,28.812,27.929,28.25,28.892,28.652,28.892,29.294,29.053,28.491,28.571,28.973,
24.799,25.602,27.207,27.368,26.726,26.565,27.047,26.966,27.528,27.689,27.929,28.331,28.973,28.892,28.01,28.331,29.294,29.053,29.294,29.294,29.133,28.571,28.652,29.133,
24.799,25.602,27.207,27.287,26.645,26.565,27.127,27.207,27.849,27.769,28.17,28.411,28.973,28.892,28.01,28.331,29.294,29.053,29.294,29.294,29.133,28.571,28.652,29.133,
25.12,25.843,27.207,26.806,26.565,26.003,26.404,26.645,27.448,27.287,27.689,28.01,28.652,28.973,28.09,28.491,29.454,29.213,29.374,29.294,29.133,28.571,28.331,28.812,
25.281,25.843,26.886,27.047,26.726,26.083,26.485,26.565,27.368,27.207,27.689,28.09,28.571,28.892,28.01,28.411,29.374,29.213,29.374,29.294,29.133,28.571,28.331,28.812,
25.762,26.083,27.047,27.207,27.047,26.404,26.565,26.485,27.287,27.127,27.608,28.17,28.491,28.732,27.849,28.25,29.213,29.133,29.294,29.213,29.053,28.491,28.331,28.812,
26.164,26.404,27.207,27.368,27.448,26.645,26.886,26.886,27.047,26.886,27.448,28.01,28.571,28.491,27.929,28.331,29.213,29.133,29.213,29.133,28.973,28.411,28.25,28.732,
26.645,26.565,27.528,27.528,27.448,26.565,27.127,27.207,27.368,27.047,27.448,28.01,28.571,28.491,28.25,28.331,29.053,29.133,29.213,29.133,28.812,28.411,28.331,28.973,
26.404,27.368,28.01,27.689,27.769,27.127,27.368,27.207,27.368,27.047,27.448,28.01,28.571,28.491,28.25,28.331,29.053,29.133,29.213,29.133,28.652,28.25,28.17,28.812,
26.324,26.966,28.331,28.812,28.571,27.929,28.411,28.09,28.09,27.689,27.368,27.849,28.411,28.25,28.01,28.17,28.973,29.053,29.133,29.053,28.571,28.17,28.17,28.812,
26.404,26.966,28.411,28.812,28.571,27.929,28.25,28.09,28.09,27.689,27.368,27.849,28.411,28.25,27.769,27.929,28.652,28.732,28.812,28.732,28.331,27.929,27.929,28.571,
26.886,27.929,28.973,29.133,28.892,28.25,28.571,28.331,28.331,27.849,27.528,27.929,28.491,28.331,27.608,28.01,28.732,28.812,28.892,28.812,28.411,27.929,28.331,28.892,
27.689,28.411,29.294,29.133,28.571,27.929,28.411,28.411,28.411,27.929,27.849,28.09,28.17,27.849,27.528,27.929,28.652,28.732,28.812,28.732,28.25,27.769,28.17,28.491,
27.448,28.331,29.053,28.812,28.571,28.25,28.411,28.411,28.411,27.929,27.849,28.09,28.17,27.849,27.528,27.929,28.652,28.732,28.812,28.732,28.25,27.769,28.17,28.411,
27.368,28.09,28.411,28.732,28.491,28.17,28.411,28.17,28.17,27.689,27.608,27.849,27.929,27.689,27.448,27.929,28.652,28.732,28.812,28.732,28.25,27.769,28.09,28.331,
27.769,28.571,28.812,28.812,28.491,28.17,28.411,28.09,28.09,27.929,27.849,27.849,27.608,27.528,27.287,27.769,28.491,28.571,28.652,28.571,28.09,27.608,27.769,28.01,
27.047,28.01,28.491,28.571,28.17,28.17,28.09,28.01,27.929,27.769,27.528,27.769,27.528,27.528,27.207,27.689,28.491,28.571,28.652,28.571,28.25,27.528,27.689,27.929,
27.448,28.17,28.25,28.17,27.929,27.448,27.287,27.368,27.448,27.448,27.528,27.207,26.966,26.966,27.047,27.608,28.411,28.732,28.732,28.571,28.17,27.368,27.368,27.608,
27.689,27.769,28.09,27.608,27.448,27.608,27.608,27.608,27.368,27.448,27.528,27.207,27.207,27.207,27.287,27.769,28.411,28.732,28.812,28.652,28.331,27.528,27.448,27.689,
28.01,27.769,28.331,27.849,27.769,27.769,27.528,27.608,27.287,27.368,27.368,27.207,27.207,27.207,27.287,27.849,28.491,28.812,28.892,28.732,28.411,27.608,27.608,27.849,
26.806,26.726,27.368,27.448,27.608,27.929,27.849,27.849,27.528,27.528,27.448,27.528,27.528,27.528,27.608,28.17,28.652,28.973,29.053,28.892,28.571,27.769,27.769,28.01,
26.726,26.886,27.368,27.448,27.929,28.01,28.01,28.01,27.849,27.849,27.849,27.849,27.849,27.849,27.929,28.571,28.812,29.133,28.812,28.652,28.331,27.689,27.689,27.929,
26.726,26.886,27.608,27.608,27.929,28.01,28.17,28.09,27.929,27.929,27.929,27.929,27.929,27.929,28.01,28.812,28.892,29.213,28.892,28.812,28.491,27.849,27.849,28.09,
26.886,27.047,27.769,27.769,28.01,28.17,28.25,28.17,28.01,28.01,28.01,28.01,28.01,28.01,28.09,28.732,28.812,29.133,28.812,28.812,28.491,27.849,27.849,28.09,
27.368,27.769,28.09,28.09,28.09,28.17,28.411,28.25,28.09,28.17,28.17,28.17,28.17,28.17,28.17,28.732,28.812,29.133,28.652,28.732,28.491,27.849,27.849,28.09,
27.769,27.769,28.09,28.09,28.09,28.17,28.411,28.25,28.09,28.17,28.17,28.17,28.17,28.17,28.17,28.732,28.571,28.892,28.411,28.491,28.25,27.849,27.849,28.09,
27.769,27.769,28.09,28.09,28.09,28.17,28.411,28.25,28.09,28.17,28.17,28.25,28.25,28.25,28.25,28.812,28.652,28.892,28.571,28.652,28.491,28.09,28.09,28.331,
28.01,28.331,28.411,28.411,28.411,28.491,28.732,28.571,28.411,28.491,28.491,28.571,28.571,28.571,28.571,28.892,29.213,29.213,28.892,28.973,29.053,29.053,29.053,29.053,
28.571,28.571,28.571,28.571,28.571,28.652,28.892,28.812,28.652,28.732,28.732,28.732,28.732,28.732,28.732,29.053,29.374,29.374,29.053,29.133,29.294,29.294,29.294,29.294,
28.973,28.973,28.973,29.053,29.053,29.133,29.374,29.294,29.133,29.213,29.213,29.213,29.213,29.213,29.213,29.535,29.535,29.374,29.053,29.133,29.294,29.294,29.294,29.294,
29.213,29.213,29.133,29.053,29.133,29.213,29.454,29.374,29.213,29.294,29.294,29.294,29.294,29.294,29.294,29.615,29.615,29.454,29.133,29.213,29.374,29.374,29.374,29.374,
29.775,29.775,29.695,29.615,29.695,29.775,30.016,29.936,29.775,29.856,29.856,29.856,29.856,29.856,29.856,29.856,29.856,29.695,29.695,29.775,29.936,29.936,29.936,29.936,
29.856,29.856,29.775,29.775,29.856,29.856,30.016,29.936,29.775,29.856,29.856,29.856,29.856,29.856,29.856,29.856,29.856,29.856,29.856,29.936,29.936,29.936,29.936,29.936,
29.856,29.856,29.775,29.775,29.856,29.856,30.016,29.936,29.856,29.856,29.856,29.856,29.856,29.856,29.856,29.856,29.856,29.856,29.856,29.856,29.856,29.856,29.856,29.856,
29.936,29.936,29.856,29.856,29.936,29.936,30.016,29.936,29.856,29.856,29.856,29.856,29.856,29.856,29.856,29.856,29.856,29.856,29.856,29.856,29.856,29.856,29.856,29.856,

39.227,39.399,40.429,40.172,39.056,39.142,38.197,39.571,40.0,40.515,40.601,40.258,40.601,41.459,41.631,41.717,41.202,40.687,40.601,40.343,40.429,40.601,39.742,39.742,
39.657,39.742,40.429,40.172,39.056,39.142,38.197,39.657,40.086,40.343,40.601,40.258,40.601,41.459,41.631,41.631,41.116,40.601,40.515,40.258,40.429,40.601,39.742,39.742,
39.657,39.742,40.343,40.0,39.056,39.142,38.197,39.657,40.086,40.343,40.601,40.258,40.429,41.288,41.459,41.459,41.116,40.601,40.515,40.258,40.429,40.601,39.742,39.742,
39.571,39.485,40.0,39.914,38.97,39.227,38.283,39.828,40.172,40.429,40.687,40.343,40.343,41.202,41.288,41.288,40.944,40.429,40.343,40.086,40.258,40.601,39.742,39.742,
39.313,39.227,39.828,40.086,39.227,39.485,38.627,40.086,40.429,40.687,40.944,40.601,40.601,41.459,41.545,41.545,41.03,40.429,40.343,40.086,40.258,40.601,39.742,39.742,
39.142,38.97,39.742,40.086,39.227,39.485,38.712,40.086,40.601,40.858,40.944,40.601,40.601,41.459,41.545,41.545,41.03,40.429,40.343,40.086,40.258,40.601,39.742,39.742,
38.97,38.97,39.571,39.914,39.313,39.657,39.056,40.258,40.515,40.858,40.944,40.601,40.601,41.459,41.545,41.545,41.03,40.429,40.343,40.086,40.258,40.601,39.742,39.742,
39.056,38.884,39.571,39.914,39.313,39.914,39.313,40.258,40.515,40.858,40.858,40.515,40.601,41.459,41.545,41.545,41.03,40.429,40.343,40.086,40.258,40.601,39.742,39.742,
39.056,39.056,39.657,39.828,39.571,40.086,39.485,40.429,40.687,40.858,40.773,40.429,40.601,41.459,41.545,41.545,41.03,40.429,40.343,40.086,40.258,40.601,39.742,39.742,
39.399,39.227,39.742,39.742,39.657,40.258,39.485,40.429,40.687,40.858,40.773,40.429,40.601,41.459,41.545,41.545,41.03,40.429,40.343,40.086,40.258,40.601,39.742,39.742,
39.399,39.399,40.172,40.086,40.0,40.601,39.828,40.601,40.773,40.944,40.858,40.515,40.601,41.373,41.373,41.459,40.944,40.601,40.515,40.258,40.429,40.773,40.0,39.742,
39.313,39.571,40.086,40.0,40.0,40.515,39.914,40.687,40.773,40.944,40.858,40.515,40.601,41.373,41.373,41.459,40.944,40.601,40.515,40.258,40.429,40.773,40.0,39.742,
39.313,39.571,40.086,39.914,39.914,40.515,39.914,40.773,40.858,41.03,40.944,40.515,40.601,41.373,41.373,41.459,40.944,40.601,40.515,40.258,40.429,40.773,40.0,39.742,
39.657,39.571,40.086,40.0,40.086,40.944,40.429,40.858,41.288,41.459,41.373,40.773,40.944,41.631,41.545,41.631,40.944,40.601,40.515,40.258,40.429,40.773,40.0,39.742,
39.571,39.742,40.172,40.086,40.258,41.116,40.773,41.03,41.459,41.631,41.545,40.944,41.03,41.545,41.545,41.631,40.944,40.601,40.515,40.258,40.429,40.773,40.0,39.742,
40.086,40.0,40.429,40.172,40.343,41.288,40.944,41.202,41.545,41.717,41.545,40.944,41.03,41.545,41.545,41.631,41.288,40.944,40.858,40.515,40.429,40.773,40.0,39.742,
40.172,40.086,40.601,40.258,40.343,41.288,40.944,41.202,41.373,41.888,41.803,41.202,41.288,41.803,41.803,41.803,41.459,41.116,40.858,40.515,40.429,40.773,40.0,39.742,
39.914,39.828,40.343,40.258,40.343,41.717,41.459,41.459,41.631,41.974,41.888,41.288,41.373,41.803,41.803,41.803,41.459,41.116,40.858,40.515,40.429,40.773,40.0,39.742,
39.914,39.657,40.0,39.914,40.172,41.717,41.373,41.459,41.631,41.974,41.888,41.288,41.373,41.803,41.803,41.803,41.459,41.116,40.858,40.515,40.429,40.343,39.571,39.313,
39.828,39.657,40.343,40.429,40.687,41.631,41.288,41.373,41.373,41.888,41.803,41.373,41.459,41.803,41.803,41.803,41.459,41.116,40.858,40.515,40.429,40.343,39.828,39.571,
40.0,39.742,40.601,40.601,40.858,41.803,41.459,41.545,41.545,41.974,41.888,41.459,41.459,41.803,41.803,41.803,41.459,41.116,40.858,40.515,40.429,40.343,39.828,39.828,
40.172,39.914,40.858,40.601,40.944,41.717,41.459,41.545,41.545,41.974,41.888,41.459,41.459,41.803,41.803,41.803,41.459,41.116,40.858,40.515,40.429,40.343,39.828,39.828,
40.429,40.429,40.944,40.944,41.288,41.888,41.631,41.717,41.717,42.06,41.888,41.459,41.459,41.803,41.717,41.717,41.373,41.03,40.773,40.429,40.343,40.258,39.828,39.828,
40.258,40.343,40.858,41.202,41.373,41.974,41.717,41.717,41.717,42.06,41.888,41.459,41.459,41.803,41.631,41.631,41.288,40.944,40.687,40.343,40.258,40.172,39.828,39.828,
40.172,40.687,40.773,41.202,41.288,41.888,41.888,41.888,41.974,42.318,42.146,41.717,41.717,42.06,41.888,41.888,41.545,41.202,40.944,40.343,40.258,40.172,39.828,39.828,
40.515,40.858,40.944,41.116,41.202,41.803,41.803,41.803,41.888,42.232,42.232,41.888,41.888,42.06,41.888,41.888,41.545,41.202,40.944,40.343,40.258,40.172,39.828,39.828,
40.343,40.773,40.687,40.858,41.116,41.545,41.545,41.545,41.631,42.06,42.06,41.888,41.888,42.06,41.888,41.888,41.545,41.202,40.944,40.343,40.258,40.172,39.828,39.828,
40.515,40.687,40.601,40.773,41.116,41.459,41.631,41.631,41.717,42.232,42.06,41.888,41.888,41.974,41.803,41.803,41.459,41.116,40.858,40.258,40.172,40.172,39.828,39.828,
40.601,40.429,40.429,40.429,40.944,41.288,41.288,41.288,41.459,42.146,42.06,41.888,41.888,41.974,41.803,41.803,41.459,41.116,40.858,40.258,40.172,40.172,39.828,39.828,
40.773,40.858,40.858,40.858,41.202,41.545,41.459,41.459,41.631,42.146,42.06,41.888,41.888,41.974,41.803,41.803,41.459,41.116,40.858,40.258,40.172,40.172,39.657,39.657,
40.601,40.601,40.773,40.773,41.116,41.459,41.459,41.459,41.631,42.146,42.06,41.888,41.888,41.974,41.803,41.803,41.459,41.116,40.858,40.258,40.172,40.172,39.657,39.657,
40.601,40.773,40.944,40.858,41.288,41.631,41.631,41.631,41.717,42.232,42.06,41.888,41.888,41.974,41.803,41.803,41.459,41.116,40.858,40.258,40.172,40.172,39.657,39.571,
40.601,40.773,40.858,40.773,41.288,41.631,41.631,41.631,41.631,42.146,42.06,41.888,41.888,41.974,41.803,41.803,41.459,41.116,40.858,40.258,40.172,40.172,39.657,39.571,
41.03,41.116,41.202,41.116,41.373,41.717,41.717,41.717,41.717,42.146,42.06,41.888,41.888,41.974,41.803,41.803,41.459,41.116,40.858,40.258,40.172,40.172,39.657,39.571,
40.858,41.116,41.202,41.116,41.288,41.631,41.631,41.631,41.631,42.06,41.974,41.888,41.888,41.974,41.803,41.803,41.545,41.202,40.773,40.343,40.258,40.258,39.742,39.657,
40.858,41.116,41.202,41.116,41.288,41.631,41.631,41.631,41.631,42.06,41.974,41.888,41.888,41.974,41.888,41.888,41.631,41.288,40.858,40.429,40.343,40.343,39.828,39.742,
40.773,40.858,40.944,40.944,41.202,41.545,41.545,41.545,41.545,42.06,41.974,41.888,41.888,41.974,41.888,41.888,41.631,41.288,40.858,40.429,40.343,40.343,39.828,39.742,
40.773,40.944,41.03,40.944,41.202,41.545,41.545,41.545,41.545,42.06,41.974,41.888,41.888,41.974,41.888,41.888,41.631,41.288,40.858,40.429,40.343,40.343,39.828,39.742,
40.944,41.116,41.202,41.03,41.288,41.288,41.288,41.288,41.288,41.803,41.717,41.545,41.545,41.631,41.545,41.545,41.288,40.944,40.858,40.429,40.343,40.343,39.828,39.742,
41.459,41.116,41.202,40.858,41.03,41.288,41.288,41.288,41.288,41.803,41.717,41.545,41.545,41.631,41.545,41.545,41.288,40.944,40.858,40.429,40.343,40.343,39.828,39.742,
41.03,41.202,41.288,41.03,41.202,41.373,41.373,41.373,41.373,41.803,41.717,41.545,41.545,41.631,41.545,41.545,41.288,40.944,40.858,40.429,40.343,40.343,39.828,39.742,
41.373,41.631,41.631,41.288,41.459,41.631,41.631,41.545,41.631,41.803,41.717,41.545,41.545,41.631,41.545,41.545,41.288,40.944,40.858,40.429,40.343,40.343,39.828,39.742,
40.601,41.03,41.03,40.687,40.858,41.03,41.03,40.944,40.944,41.03,41.03,40.944,40.944,41.03,40.944,40.944,40.687,40.343,40.086,39.828,39.742,39.742,39.227,39.142,
40.601,41.03,41.03,40.687,40.858,41.03,41.03,40.944,40.944,41.03,41.03,40.944,40.944,41.03,40.944,40.944,40.687,40.343,40.086,39.828,39.742,39.742,39.227,39.142,
40.343,40.601,40.515,40.258,40.429,40.601,40.601,40.515,40.515,40.601,40.601,40.515,40.515,40.601,40.515,40.515,40.086,39.742,39.657,39.399,39.313,39.313,38.798,38.712,
39.742,39.914,39.828,39.657,39.742,39.914,39.914,39.828,39.828,39.914,39.914,39.828,39.828,39.914,39.828,39.828,39.399,39.313,39.227,38.97,38.884,38.884,38.798,38.712,
39.742,39.914,39.828,39.657,39.742,39.914,39.914,39.828,39.828,39.914,39.914,39.828,39.828,39.914,39.828,39.828,39.399,39.313,39.227,38.97,38.884,38.884,38.712,38.627,
39.657,39.742,39.657,39.485,39.571,39.657,39.657,39.571,39.571,39.657,39.657,39.571,39.571,39.571,39.485,39.485,39.227,39.142,39.227,38.97,38.884,38.884,38.712,38.627,
39.227,39.399,39.399,38.97,38.97,38.97,38.97,38.97,38.97,38.97,38.97,38.884,38.884,38.884,38.798,38.798,38.627,38.541,38.541,38.541,38.541,38.541,38.369,38.283,
38.455,38.627,38.455,36.996,36.996,36.996,36.996,36.996,36.996,36.996,36.996,36.91,36.91,36.91,36.91,36.91,36.824,36.824,36.91,36.91,36.91,36.91,36.91,36.996,

33.737,35.121,35.813,34.17,33.391,33.564,33.997,34.429,35.121,35.727,35.294,34.948,34.775,33.997,34.17,33.478,33.391,33.131,33.131,32.785,32.699,32.785,32.958,32.526,
33.997,35.467,36.073,34.429,33.651,33.824,33.997,34.429,35.121,35.727,35.294,34.948,34.775,33.997,34.17,33.824,33.737,33.478,33.478,32.785,32.699,32.785,32.958,32.526,
33.997,35.467,36.073,34.429,33.651,33.824,33.997,34.429,35.121,35.727,35.294,34.862,34.689,33.91,34.083,33.737,33.651,33.391,33.391,32.785,32.699,32.785,32.958,32.526,
34.083,34.862,35.554,34.083,33.737,33.824,33.824,34.256,34.862,35.467,35.035,34.602,34.429,33.737,33.997,33.737,33.651,33.391,33.391,32.785,32.699,32.785,32.958,32.526,
34.256,35.121,35.813,34.343,33.91,33.997,33.91,34.429,34.948,35.554,35.121,34.689,34.516,33.824,34.083,33.651,33.564,33.304,33.304,32.785,32.699,32.785,32.958,32.526,
34.083,34.862,35.64,34.17,33.651,34.083,34.256,34.948,35.294,35.64,35.208,34.775,34.602,33.91,34.17,33.737,33.651,33.391,33.391,32.872,32.785,32.872,32.958,32.526,
33.737,34.862,35.554,34.083,33.651,34.17,34.256,34.948,35.121,35.467,35.035,34.602,34.602,33.91,34.17,33.737,33.651,33.391,33.391,32.872,32.785,32.872,32.872,32.266,
33.91,35.121,35.727,34.256,33.824,34.17,34.256,34.948,35.121,35.467,35.035,34.602,34.602,33.91,34.17,33.737,33.651,33.391,33.391,32.872,32.785,32.872,32.872,32.266,
34.429,35.294,35.813,34.429,33.91,34.256,34.343,34.862,35.121,35.467,35.035,34.602,34.602,33.91,34.17,33.564,33.651,33.391,33.391,32.872,32.785,32.872,32.872,32.266,
34.429,35.121,35.64,34.343,33.997,34.343,34.429,34.948,35.121,35.467,35.035,34.602,34.602,33.91,34.17,33.564,33.651,33.391,33.391,32.872,32.785,32.872,32.872,32.266,
34.343,35.294,35.9,34.429,34.17,34.343,34.343,34.862,35.035,35.381,34.948,34.602,34.602,33.91,34.17,33.564,33.651,33.391,33.391,32.872,32.785,32.872,32.872,32.266,
34.429,35.467,36.332,34.948,34.516,34.343,34.17,34.689,34.775,35.121,34.689,34.17,34.17,33.478,33.737,33.304,33.304,33.131,33.304,32.872,32.785,32.872,32.872,32.266,
34.689,35.727,36.505,35.121,34.429,34.256,33.91,34.343,34.429,34.948,34.689,34.17,34.17,33.564,33.824,33.737,33.737,33.564,33.737,33.304,33.218,33.304,33.045,32.266,
34.775,35.64,36.332,35.035,34.429,34.256,33.91,34.343,34.429,34.948,34.689,34.17,34.17,33.564,33.824,33.737,33.737,33.564,33.737,33.304,33.218,33.304,33.045,32.266,
35.467,35.986,36.332,34.948,34.17,33.997,33.737,34.17,34.256,34.948,34.775,34.256,34.256,33.651,33.824,33.824,33.824,33.651,33.824,33.391,33.304,33.391,33.045,32.266,
35.121,35.9,36.159,35.208,34.256,33.997,33.737,34.17,34.17,34.862,34.689,34.17,34.17,33.564,33.737,33.737,33.737,33.564,33.737,33.391,33.304,33.391,33.045,32.266,
34.862,35.467,35.727,34.775,34.17,33.737,33.737,34.17,34.17,34.862,34.343,33.824,33.824,33.218,33.218,33.391,33.391,33.218,33.391,33.045,32.958,33.045,32.872,32.093,
35.035,35.554,35.727,34.775,34.17,33.651,33.824,34.17,34.17,34.862,34.343,33.824,33.824,33.218,33.218,33.391,33.131,32.958,33.131,32.785,32.699,32.785,32.612,31.834,
34.948,35.554,35.294,34.775,34.17,33.651,34.343,34.948,34.948,34.948,34.775,34.256,34.256,33.651,33.651,34.17,33.91,33.737,33.91,33.564,33.478,33.737,33.478,32.785,
34.948,35.467,35.208,34.429,33.997,33.564,34.256,34.862,35.035,34.775,34.602,34.083,34.17,33.564,33.564,34.083,33.824,33.218,33.218,32.872,32.699,32.958,32.699,32.18,
34.602,35.035,34.775,34.083,33.737,33.478,34.17,34.862,35.035,34.775,34.602,34.083,34.17,33.564,33.564,34.083,33.824,33.218,33.218,32.872,32.612,32.872,32.526,32.007,
34.602,35.121,34.862,33.997,33.824,33.651,34.602,35.121,35.035,34.948,34.775,33.91,33.997,33.391,33.391,33.737,33.478,33.218,33.218,32.872,32.612,32.872,32.612,32.007,
34.602,35.121,35.035,33.997,33.737,33.737,34.602,35.121,34.862,35.035,34.862,33.997,34.083,33.478,33.478,33.564,33.391,33.218,33.218,32.872,32.612,32.872,32.612,32.007,
34.516,34.775,34.689,33.651,33.391,33.651,34.516,34.948,34.948,35.121,34.948,34.083,34.17,33.564,33.564,33.651,33.218,33.045,33.045,32.785,32.526,32.785,32.526,32.353,
33.737,34.343,34.17,33.478,33.131,33.737,34.602,35.035,35.035,35.381,35.208,34.083,34.17,33.564,33.131,33.218,32.785,32.612,32.612,32.353,32.093,32.785,32.526,32.699,
33.91,34.516,34.256,33.391,33.045,33.737,34.602,35.121,35.035,35.381,35.294,34.17,34.256,33.651,33.218,33.304,32.872,32.699,32.699,32.439,32.18,32.872,32.612,32.699,
33.824,34.775,34.516,33.564,33.218,33.737,34.429,34.948,34.862,35.208,35.121,33.997,33.824,33.391,32.958,33.045,32.612,32.439,32.439,32.18,32.093,32.785,32.526,32.699,
34.516,35.121,34.862,33.997,33.737,34.256,34.862,34.862,34.862,35.208,35.035,34.083,33.824,33.391,32.958,33.045,32.699,32.526,32.526,32.266,32.18,32.872,32.526,32.699,
34.689,35.294,35.035,34.17,33.564,34.083,34.429,34.775,34.775,34.775,34.429,33.91,33.651,33.218,32.785,32.872,32.526,32.353,32.353,32.093,32.18,32.872,32.526,32.699,
34.948,35.381,35.208,34.429,33.737,34.256,34.429,34.775,34.775,34.775,34.429,33.91,33.651,33.218,32.785,32.872,32.526,32.353,32.353,32.093,32.18,32.872,32.526,32.699,
35.554,35.727,35.813,35.121,34.689,34.948,35.121,35.294,34.862,34.862,34.602,34.17,33.91,33.478,33.045,33.131,32.785,32.612,32.612,32.266,32.18,32.872,32.439,32.612,
35.986,35.986,35.813,35.121,34.689,34.948,35.121,35.381,34.948,34.948,34.689,34.256,33.737,33.478,33.045,33.131,32.785,32.612,32.612,32.266,32.18,32.872,32.439,32.612,
35.9,35.467,35.208,34.516,34.516,34.775,34.948,35.208,34.775,34.862,34.775,34.343,33.824,33.651,33.218,33.304,32.958,32.785,32.785,32.439,32.353,33.045,32.612,32.699,
35.9,35.381,35.121,34.689,34.862,35.035,35.035,35.121,34.689,34.775,34.689,34.602,34.083,33.91,33.478,33.564,33.304,33.131,33.131,32.785,32.699,33.391,32.958,33.045,
35.727,35.813,35.554,34.775,34.948,35.121,35.121,35.208,34.775,34.689,34.602,34.516,33.997,33.824,33.391,33.478,33.218,33.045,33.045,32.699,32.612,33.304,32.872,32.958,
35.9,35.727,35.467,34.689,34.516,34.689,34.689,34.775,33.824,34.083,33.997,33.91,33.651,33.478,33.564,33.651,33.045,32.872,32.872,32.526,32.439,32.439,32.007,32.093,
35.813,35.813,35.554,34.775,34.602,34.775,34.775,34.775,34.083,34.429,34.343,34.256,34.17,33.91,33.997,34.083,33.564,33.391,33.391,33.045,32.785,32.785,32.266,32.353,
35.9,35.9,35.554,34.775,34.516,34.083,34.083,34.083,33.997,34.343,33.91,33.824,33.737,33.478,33.564,33.651,33.478,33.304,33.304,32.958,32.699,32.699,32.18,32.266,
35.727,35.64,34.775,34.516,34.602,34.17,34.17,34.17,34.083,34.516,34.083,33.997,33.91,33.651,33.651,33.737,33.564,33.391,33.391,33.045,32.785,32.785,32.266,32.353,
35.554,35.64,34.775,34.256,33.824,33.91,33.91,33.91,33.824,34.256,33.824,33.737,33.651,33.564,33.564,33.651,33.478,33.304,33.304,32.958,32.699,32.699,32.18,32.266,
34.689,34.689,33.997,33.564,33.391,33.478,33.478,33.478,33.478,33.91,33.824,33.737,33.651,33.564,33.564,33.651,33.478,33.304,33.304,32.958,32.699,32.266,31.747,31.142,
33.824,33.824,33.131,32.958,32.958,33.045,33.045,33.045,32.872,33.304,33.218,33.131,33.131,33.045,33.045,33.131,32.958,32.872,32.872,32.526,32.18,32.18,31.661,31.055,
33.045,33.045,32.526,32.699,32.872,32.958,32.958,32.958,32.785,32.266,32.18,32.093,32.093,32.093,32.093,32.18,32.093,32.093,32.093,32.093,31.747,31.747,31.488,31.315,
32.266,32.266,32.007,32.007,31.747,31.834,31.834,31.834,31.834,31.92,31.747,31.661,31.661,31.661,31.661,31.661,31.661,31.661,31.661,31.661,31.661,31.661,31.142,30.969,
31.142,31.142,31.142,31.142,30.969,30.969,30.969,30.969,30.969,30.969,30.969,30.969,30.969,30.969,30.969,30.969,30.969,30.969,30.969,30.969,30.969,30.969,30.882,30.882,
30.969,30.969,30.969,30.969,30.969,30.969,30.969,30.969,30.969,30.969,30.969,30.969,30.969,30.969,30.969,30.969,30.969,30.969,30.969,30.969,30.969,30.969,31.055,31.055,
31.055,31.055,31.055,31.055,31.055,31.055,31.055,31.055,31.055,31.055,31.055,31.055,31.055,31.055,31.055,31.055,31.055,31.055,31.055,31.055,31.055,31.055,31.055,31.055,
31.055,31.055,31.055,31.055,31.055,31.055,31.055,31.055,31.055,31.055,31.055,31.055,31.055,31.055,31.055,31.055,31.055,31.055,31.055,31.055,31.055,31.055,31.055,31.055,
31.055,31.055,31.055,31.055,31.055,31.055,31.055,31.055,31.055,31.055,31.055,31.055,31.055,31.055,31.055,31.055,31.055,31.055,31.055,31.055,31.055,31.055,31.055,31.055,
31.055,31.055,31.055,31.055,31.055,31.055,31.055,31.055,31.055,31.055,31.055,31.055,31.055,31.055,31.055,31.055,31.055,31.055,31.055,31.055,31.055,31.055,31.055,31.055,

19.174,19.633,20.367,20.642,20.459,21.009,21.743,21.376,21.835,21.743,22.11,22.11,21.835,22.11,22.202,22.385,22.752,23.578,24.128,24.404,24.587,24.312,24.037,23.945,
19.266,19.541,20.367,20.459,20.459,21.009,21.468,21.101,21.56,21.468,22.11,22.018,21.743,22.11,22.202,22.385,22.752,23.578,24.128,24.404,24.587,24.312,24.037,23.945,
18.899,19.358,20.459,20.55,20.642,21.101,21.56,21.284,21.651,21.56,22.202,22.11,21.835,22.202,22.294,22.477,22.752,23.578,24.128,24.404,24.587,24.312,24.037,23.945,
19.266,19.725,20.092,20.183,20.642,21.376,21.743,21.284,21.376,21.468,22.202,22.11,21.835,22.202,22.294,22.477,22.752,23.578,24.128,24.404,24.587,24.312,24.037,23.945,
19.174,19.633,20.0,20.183,20.734,21.468,21.835,21.284,21.376,21.376,22.11,22.11,21.835,22.202,22.294,22.385,22.661,23.486,24.037,24.312,24.495,24.22,24.037,23.945,
18.991,19.541,19.817,20.092,20.642,21.376,22.018,21.468,21.468,21.376,22.11,22.202,21.835,22.202,22.294,22.385,22.661,23.578,24.037,24.312,24.495,24.22,24.037,23.945,
18.991,19.541,19.908,20.183,20.642,21.468,22.018,21.468,21.468,21.376,22.11,22.202,21.743,22.11,22.202,22.294,22.569,23.486,24.037,24.312,24.495,24.22,24.037,23.945,
19.083,19.633,19.908,20.183,20.642,21.468,22.018,21.468,21.468,21.376,22.202,22.294,21.835,22.202,22.294,22.385,22.661,23.578,24.128,24.312,24.495,24.22,24.037,23.945,
19.174,19.725,19.908,20.183,20.734,21.651,22.018,21.56,21.56,21.651,22.477,22.661,22.202,22.569,22.661,22.661,22.752,23.67,24.22,24.404,24.587,24.312,24.128,23.945,
18.991,19.541,19.817,20.183,20.734,21.651,22.018,21.651,21.743,21.927,22.844,23.211,22.752,23.119,23.211,23.211,23.303,24.22,24.679,24.862,24.862,24.312,24.128,23.945,
19.083,19.725,20.183,20.275,21.101,21.927,21.743,21.376,21.468,21.651,22.844,23.211,22.752,23.119,23.211,23.211,23.303,24.22,24.679,24.862,24.771,24.22,24.037,23.853,
19.174,19.817,20.183,20.183,21.193,22.018,21.835,21.468,21.56,21.743,22.844,23.211,22.752,23.119,23.211,23.211,23.303,24.22,24.679,24.862,24.771,24.312,24.037,23.853,
19.174,19.817,20.183,19.725,20.734,21.56,21.743,21.101,21.193,21.651,22.752,23.119,22.752,23.119,23.211,23.211,23.303,24.22,24.679,24.862,24.771,24.312,24.037,23.853,
19.083,20.0,20.367,19.908,20.826,21.56,21.835,21.101,21.009,21.651,22.752,23.119,22.844,23.303,23.394,23.394,23.486,24.22,24.679,24.862,24.771,24.312,24.037,23.853,
19.266,20.183,20.55,20.183,21.009,21.651,21.927,21.193,21.101,21.56,22.661,23.028,22.844,23.303,23.394,23.394,23.486,24.22,24.679,25.046,24.312,23.853,23.578,23.394,
19.633,20.55,20.642,20.275,21.101,21.651,21.927,21.193,21.101,21.56,22.661,23.028,22.844,23.303,23.394,23.394,23.486,24.22,24.679,25.046,24.404,24.037,23.761,23.578,
20.0,21.101,20.917,20.367,21.284,21.835,22.11,21.468,21.376,21.835,22.844,23.211,22.936,23.394,23.486,23.486,24.037,24.312,24.771,25.138,24.587,24.128,23.945,23.761,
20.092,21.193,20.642,20.367,21.284,21.835,22.202,21.56,21.468,21.835,22.844,23.67,23.394,23.853,23.853,23.853,24.404,24.495,24.679,25.229,24.587,24.128,23.945,23.853,
19.817,21.009,21.101,20.55,21.651,22.385,22.385,21.927,21.651,22.018,22.569,23.486,23.303,23.761,23.761,23.761,24.312,24.404,24.587,25.229,24.587,24.128,23.853,23.853,
19.908,20.734,20.917,20.55,21.284,21.743,21.743,21.284,20.917,21.743,22.294,23.303,23.119,23.578,23.67,23.578,24.128,24.22,24.404,25.138,24.495,24.037,23.761,23.853,
20.0,20.367,21.009,20.826,21.284,21.927,22.018,21.56,21.193,22.018,22.477,23.211,22.936,23.303,23.394,23.303,23.853,23.945,24.128,24.862,24.22,24.037,23.761,23.853,
20.0,20.459,21.101,20.917,21.284,22.018,22.11,21.651,21.284,22.11,22.477,23.211,22.936,23.303,23.394,23.303,23.853,23.945,24.312,24.862,24.22,24.037,23.761,23.945,
20.092,20.367,21.193,21.009,21.468,22.202,22.385,21.927,21.56,21.743,22.11,22.569,22.385,22.661,22.752,22.936,23.486,23.578,23.945,24.862,24.312,24.128,23.853,24.037,
19.817,20.092,21.009,20.826,21.376,22.018,22.294,22.202,21.743,21.56,21.927,22.385,22.202,22.477,22.752,22.936,23.486,23.578,23.945,24.862,24.312,24.128,23.853,24.037,
20.092,20.275,21.101,20.917,21.56,22.11,22.294,22.202,21.743,21.56,21.927,22.385,22.202,22.477,22.752,22.936,23.486,23.578,24.128,25.046,24.495,24.312,24.037,24.037,
20.183,20.734,21.101,21.101,21.56,22.018,22.202,22.11,21.284,21.376,21.743,22.202,22.018,22.294,22.569,22.752,23.303,23.119,23.945,24.771,24.404,24.22,23.945,23.945,
20.275,20.734,21.101,21.284,21.56,22.018,22.202,22.11,21.284,21.193,21.56,21.835,21.651,21.927,22.202,22.385,22.936,22.752,23.578,24.404,24.037,24.037,23.761,23.761,
20.183,20.642,21.009,21.193,21.468,21.835,22.018,21.651,21.009,21.193,21.56,21.743,21.56,21.835,22.11,22.294,22.844,22.661,23.578,24.404,24.037,24.037,23.761,23.761,
20.092,20.917,20.55,21.101,21.468,21.468,21.284,21.009,20.642,21.101,21.468,21.743,21.56,21.835,22.11,22.294,22.844,22.661,23.578,24.404,23.945,23.945,23.67,23.394,
20.092,21.009,20.275,20.459,20.459,21.376,21.009,21.284,21.193,21.284,21.468,21.101,20.917,21.193,21.468,21.651,22.202,22.018,22.936,23.761,23.945,24.128,23.853,23.578,
20.826,20.55,20.367,20.275,20.275,21.376,21.009,21.284,21.193,21.284,21.468,20.917,20.917,21.193,21.468,21.651,22.018,21.835,22.752,23.578,23.945,24.128,23.853,23.578,
20.826,20.55,20.55,20.459,20.275,21.193,21.009,21.193,21.101,21.193,21.376,20.917,20.917,21.193,21.468,21.651,22.018,21.835,22.752,23.578,23.945,24.128,23.853,23.578,
21.101,20.917,20.826,20.734,20.734,21.193,21.193,21.468,21.101,21.193,21.376,20.917,20.917,21.193,21.468,21.651,22.018,21.835,22.752,23.578,23.945,24.128,23.853,23.578,
20.459,21.009,21.193,20.734,20.917,21.284,21.193,21.284,20.917,21.009,21.193,20.734,20.734,21.009,21.284,21.468,21.927,21.743,22.661,23.578,23.578,23.761,23.486,23.211,
20.459,20.826,20.275,20.183,20.55,20.642,20.367,20.367,20.183,20.183,20.367,20.459,20.459,20.734,21.009,21.193,21.743,21.56,22.477,23.394,23.394,23.67,23.394,23.119,
20.917,21.284,20.826,20.826,21.009,21.56,21.284,21.193,21.193,21.009,21.193,21.468,21.468,21.743,22.018,22.018,22.569,22.385,23.303,23.394,23.394,23.67,23.394,23.119,
20.55,21.101,20.826,20.734,21.376,21.468,21.376,21.193,21.193,21.009,21.193,21.468,21.468,21.743,22.018,22.018,22.569,22.385,23.303,23.394,23.394,23.67,23.67,23.394,
20.275,20.826,20.367,20.275,20.917,20.734,21.009,21.101,21.101,21.009,21.193,21.468,21.468,21.743,22.018,22.018,22.569,22.385,23.028,23.119,23.119,23.119,23.119,22.844,
20.642,20.642,20.275,20.183,20.734,20.826,20.826,21.009,21.009,20.734,20.917,21.193,21.193,21.468,21.743,22.018,22.569,22.385,23.028,23.119,23.119,23.119,23.119,22.844,
21.101,21.009,20.826,20.826,21.468,21.56,21.376,21.56,21.743,21.009,21.101,21.284,21.284,21.468,21.743,22.018,22.569,22.385,23.028,23.119,23.119,23.119,23.119,22.844,
21.193,21.376,21.101,21.009,21.743,21.651,21.376,21.56,21.835,21.101,20.826,21.009,21.009,21.101,21.376,21.743,22.294,21.927,22.477,22.569,22.844,22.661,22.661,22.385,
21.56,21.101,21.284,21.376,21.835,21.743,21.376,21.651,21.927,21.193,20.917,21.101,21.101,21.193,21.468,21.835,22.294,21.927,22.477,22.661,22.844,22.569,22.569,22.385,
21.101,21.284,21.284,21.468,21.376,21.468,21.101,21.376,21.835,20.917,20.826,21.101,21.101,21.193,21.468,21.835,22.294,21.927,22.477,22.661,22.844,22.569,22.661,22.477,
21.376,21.376,21.56,21.743,21.651,21.743,21.376,21.651,22.11,21.193,21.101,21.376,21.376,21.468,21.468,21.835,22.294,21.927,22.477,22.661,22.844,22.569,22.661,22.477,
21.468,21.56,21.743,21.743,21.743,21.743,21.376,21.651,22.202,21.193,20.917,21.193,21.193,21.284,21.284,21.651,21.743,21.743,21.927,22.11,22.385,22.294,22.385,22.202,
20.826,20.826,21.009,21.284,21.284,21.284,20.917,21.193,21.651,20.734,20.367,20.642,20.642,20.734,20.734,21.101,21.284,21.284,21.468,21.651,22.018,21.927,22.018,21.743,
21.009,20.826,21.009,21.284,21.193,21.193,20.826,21.009,21.56,20.734,20.734,21.009,21.009,21.009,21.009,21.376,21.56,21.56,21.56,21.743,22.11,22.018,22.018,21.743,
20.734,20.734,20.826,21.101,21.101,21.101,20.734,20.917,21.468,20.642,20.642,20.917,20.917,20.917,20.917,21.284,21.468,21.468,21.468,21.651,22.018,21.927,21.927,21.651,
20.459,20.459,20.459,20.734,20.734,20.734,20.367,20.55,20.917,19.633,19.633,19.908,19.908,19.908,19.908,19.908,20.917,20.917,20.917,21.101,21.468,21.376,21.376,21.101,
18.807,18.807,18.807,18.899,18.899,18.899,18.991,18.991,19.083,18.899,18.899,18.899,18.899,18.899,18.899,18.807,18.807,18.807,18.807,18.807,18.807,18.991,18.991,18.991,

34.493,35.288,36.183,35.089,34.592,34.095,34.095,33.996,33.996,33.499,33.499,34.394,34.394,34.791,34.592,34.791,34.791,34.891,34.692,34.791,34.493,34.592,34.692,35.189,
34.692,35.189,36.083,35.288,34.99,34.195,34.294,34.195,34.095,33.598,33.797,34.394,34.394,34.791,34.592,34.791,34.791,34.891,34.692,34.791,34.493,34.592,34.692,35.189,
34.692,34.99,36.183,35.288,34.891,34.095,34.195,34.095,34.095,33.598,33.797,34.394,34.394,34.791,34.592,34.791,34.791,34.891,34.692,34.791,34.493,34.592,34.692,35.189,
34.294,34.891,36.183,35.288,34.891,34.095,34.195,34.095,34.095,33.598,33.797,34.394,34.394,34.791,34.592,34.791,34.791,34.99,34.791,34.891,34.592,34.692,34.692,35.189,
34.195,34.791,36.282,35.487,34.891,34.493,34.592,34.493,34.195,33.698,33.897,34.394,34.394,34.791,34.592,34.791,34.791,34.99,34.791,35.089,34.791,34.891,34.692,35.189,
34.592,34.99,36.382,35.288,34.99,34.891,34.891,34.791,34.394,33.897,33.897,34.394,34.394,34.791,34.592,34.791,34.791,34.99,34.791,35.089,34.791,34.891,34.791,35.288,
34.791,35.089,36.282,35.288,34.99,34.891,35.189,35.089,34.692,34.195,34.195,34.692,34.692,35.089,34.891,35.089,35.089,35.288,35.288,35.586,35.288,35.388,35.288,35.785,
35.189,35.089,36.68,35.586,35.089,35.089,35.189,35.089,34.692,34.195,34.195,34.493,34.493,34.891,34.692,34.891,34.891,35.089,35.089,35.388,35.288,35.388,35.288,35.785,
35.189,34.99,36.68,35.487,35.089,35.089,35.189,35.089,34.692,34.294,34.294,34.493,34.493,34.891,34.692,34.891,34.891,35.089,35.089,35.388,35.288,35.388,35.288,35.785,
34.891,34.791,36.581,35.189,34.692,34.891,34.99,34.891,34.493,34.095,34.095,34.294,34.294,34.692,34.493,34.692,34.692,34.891,34.891,35.388,35.288,35.388,35.288,35.785,
34.891,34.791,36.382,35.288,34.692,34.891,34.99,34.891,34.493,34.095,34.095,34.294,34.294,34.493,34.294,34.493,34.493,34.692,34.692,35.189,35.288,35.388,35.288,35.785,
34.493,34.692,36.282,35.288,34.791,34.99,34.891,34.891,34.592,33.996,33.996,34.095,34.195,34.394,34.294,34.493,34.493,34.692,34.692,35.189,35.288,35.388,35.288,35.785,
34.891,35.089,36.68,35.785,35.288,35.388,35.288,35.089,34.692,33.897,33.698,33.797,33.996,34.195,34.095,34.294,34.294,34.493,34.095,34.592,34.692,34.791,34.791,35.288,
34.493,35.089,36.481,35.785,35.288,35.388,35.288,35.089,34.891,33.996,33.598,33.797,33.996,34.195,34.095,34.294,34.294,34.493,34.095,34.592,34.692,34.791,34.791,35.288,
34.493,34.791,36.282,35.686,35.388,35.487,35.487,35.288,35.089,34.294,33.797,33.996,34.095,34.095,33.897,34.095,34.095,34.294,33.897,34.394,34.493,34.592,34.592,35.089,
34.294,34.692,36.083,35.388,34.891,34.891,34.592,34.592,34.592,33.698,33.201,33.4,33.598,33.897,33.698,33.897,33.897,34.095,33.797,34.294,34.493,34.592,34.592,35.089,
33.797,34.493,35.885,35.586,34.791,34.791,34.493,34.493,34.493,33.598,33.101,33.3,33.499,33.797,33.598,33.797,33.797,33.996,33.797,34.294,34.493,34.592,34.592,35.089,
33.996,34.592,35.984,35.586,34.791,34.891,34.592,34.592,34.493,33.598,33.101,33.3,33.499,33.797,33.598,33.797,33.797,33.996,33.797,34.294,34.493,34.592,34.592,35.089,
34.294,34.99,36.183,35.785,34.99,35.089,34.891,34.99,34.891,33.897,33.3,33.3,33.3,33.4,33.3,33.499,33.499,33.598,33.598,33.996,34.195,34.294,34.294,34.791,
34.095,34.791,36.183,35.785,35.089,35.388,34.99,35.189,35.189,34.195,33.698,33.698,33.698,33.797,33.698,33.897,33.996,33.996,33.996,34.394,34.394,34.493,34.493,34.99,
34.493,34.99,35.885,35.089,34.891,35.288,34.891,34.99,35.089,34.592,34.095,34.095,34.294,34.394,34.195,34.195,34.294,34.294,34.294,34.692,34.692,34.692,34.692,35.189,
34.592,34.891,35.885,34.891,34.99,35.189,34.493,35.288,35.189,34.592,34.095,34.095,34.294,34.394,34.195,34.195,34.294,34.294,34.294,34.692,34.692,34.692,34.692,35.189,
34.891,35.288,35.586,34.99,35.089,35.288,34.592,35.288,34.791,34.195,33.698,33.698,33.897,33.996,33.797,33.797,33.897,33.897,33.897,34.294,34.294,34.294,34.294,34.791,
35.089,35.089,35.586,35.189,35.288,35.686,35.189,35.487,34.99,34.493,34.195,33.996,33.996,34.294,34.095,34.095,34.195,34.195,34.195,34.592,34.592,34.592,34.592,35.089,
34.891,35.288,35.189,35.686,35.785,36.282,36.083,35.885,35.288,34.791,34.493,34.294,34.294,34.493,34.294,34.294,34.394,34.394,34.394,34.791,34.791,34.791,34.791,35.089,
34.891,35.487,35.288,35.984,36.083,36.481,36.282,36.083,35.388,34.891,34.592,34.394,34.394,34.592,34.394,34.394,34.394,34.394,34.394,34.791,34.791,34.791,34.791,35.089,
35.089,35.288,35.288,35.984,36.183,36.68,36.481,36.083,35.388,34.791,34.493,34.294,34.294,34.592,34.394,34.394,34.394,34.394,34.394,34.791,34.791,34.791,34.791,35.089,
35.089,35.189,35.189,35.785,36.183,36.183,35.885,35.785,35.189,34.592,34.592,34.394,34.394,34.692,34.493,34.493,34.493,34.493,34.493,34.891,34.891,34.891,34.891,35.189,
34.99,34.692,34.592,35.189,35.089,35.089,34.891,34.99,34.791,34.195,34.195,33.996,33.996,34.294,34.095,34.095,34.095,34.095,34.095,34.493,34.493,34.493,34.493,34.791,
34.99,34.791,34.095,34.592,34.592,34.791,34.692,34.394,34.394,34.195,34.195,34.195,34.195,34.294,34.294,34.294,34.294,34.294,34.294,34.692,34.692,34.692,34.692,34.99,
34.493,34.294,33.797,34.493,35.089,35.189,34.692,34.692,34.493,34.294,34.195,34.195,34.195,34.294,34.294,34.294,34.294,34.294,34.294,34.692,34.692,34.692,34.692,34.99,
34.294,34.195,33.897,34.99,35.189,35.487,35.089,34.99,34.692,34.493,34.394,34.394,34.394,34.493,34.493,34.493,34.493,34.493,34.493,34.891,34.891,34.891,34.891,35.189,
34.493,34.095,34.493,34.592,34.891,35.089,35.089,35.089,34.791,34.493,34.493,34.592,34.592,34.592,34.592,34.592,34.592,34.592,34.592,34.99,34.99,34.99,34.99,35.288,
34.195,34.493,34.394,34.493,34.891,35.089,35.089,35.189,34.791,34.493,34.493,34.592,34.592,34.592,34.592,34.592,34.592,34.592,34.592,34.99,34.99,34.99,34.99,35.288,
34.294,34.394,34.394,34.493,34.891,34.99,34.99,35.089,34.692,34.394,34.394,34.493,34.493,34.493,34.493,34.493,34.493,34.493,34.493,34.891,34.891,34.891,34.891,35.189,
34.394,34.394,34.394,34.493,34.99,34.99,34.99,35.089,34.692,34.294,34.294,34.394,34.394,34.394,34.394,34.394,34.394,34.394,34.394,34.791,34.791,34.791,34.791,35.089,
34.394,34.394,34.493,34.592,34.99,34.99,34.99,35.089,34.692,34.294,34.294,34.394,34.394,34.394,34.394,34.394,34.394,34.394,34.394,34.791,34.791,34.791,34.791,35.089,
34.394,34.493,34.592,34.195,34.692,34.692,34.692,34.791,34.394,34.394,34.394,34.394,34.394,34.394,34.394,34.394,34.394,34.394,34.394,34.791,34.791,34.791,34.791,35.089,
34.592,34.791,34.493,34.394,34.692,34.692,34.692,34.791,34.394,34.394,34.394,34.394,34.394,34.394,34.394,34.394,34.394,34.394,34.394,34.791,34.791,34.791,34.791,35.089,
35.089,35.089,34.99,34.791,35.189,35.189,35.189,35.189,35.189,35.189,35.189,35.189,35.189,35.189,35.189,35.189,35.189,35.189,35.189,35.189,35.189,35.189,35.189,35.487,
35.089,35.089,34.99,35.189,35.189,35.189,35.189,35.189,35.189,35.189,35.189,35.189,35.189,35.189,35.189,35.189,35.189,35.189,35.189,35.189,35.189,35.189,35.189,35.487,
34.891,34.99,34.791,34.99,34.99,34.99,34.99,34.99,34.99,34.99,34.99,34.99,34.99,34.99,34.99,34.99,34.99,34.99,34.99,34.99,34.99,34.99,34.99,35.288,
35.388,35.388,35.388,35.388,35.388,35.388,35.388,35.388,35.388,35.388,35.388,35.388,35.388,35.388,35.388,35.388,35.388,35.388,35.388,35.388,35.388,35.388,35.388,35.388,
35.288,35.288,35.288,35.288,35.288,35.288,35.288,35.288,35.288,35.288,35.288,35.288,35.288,35.288,35.288,35.288,35.288,35.288,35.288,35.288,35.288,35.288,35.288,35.288,
35.288,35.288,35.288,35.288,35.288,35.288,35.288,35.288,35.288,35.288,35.288,35.288,35.288,35.288,35.288,35.288,35.288,35.288,35.288,35.288,35.288,35.288,35.288,35.288,
35.288,35.288,35.288,35.288,35.288,35.288,35.288,35.288,35.288,35.288,35.288,35.288,35.288,35.288,35.288,35.288,35.288,35.288,35.288,35.288,35.288,35.288,35.288,35.288,
35.288,35.288,35.288,35.288,35.288,35.288,35.288,35.288,35.288,35.288,35.288,35.288,35.288,35.288,35.288,35.288,35.288,35.288,35.288,35.288,35.288,35.288,35.288,35.288,
35.089,35.089,35.089,35.089,35.089,35.089,35.089,35.089,35.089,35.089,35.089,35.089,35.089,35.089,35.089,35.089,35.089,35.089,35.089,35.089,35.089,35.089,35.089,35.089,
35.288,35.288,35.288,35.288,35.288,35.288,35.288,35.288,35.288,35.288,35.288,35.288,35.288,35.288,35.288,35.288,35.288,35.288,35.288,35.288,35.288,35.288,35.288,35.288,
33.499,33.499,33.499,33.499,33.499,33.499,33.499,33.499,33.499,33.499,33.499,33.499,33.499,33.499,33.499,33.499,33.499,33.499,33.499,33.499,33.499,33.499,33.499,33.499,

