27.51,26.694,27.184,28.245,28.735,28.49,27.755,28.0,29.633,28.735,28.816,28.653,28.735,29.224,28.816,28.571,28.327,28.408,28.98,28.653,28.571,28.653,28.082,28.0,
27.429,26.694,27.184,28.245,28.735,28.49,27.755,28.0,29.633,28.735,28.816,28.653,28.735,29.224,28.816,28.571,28.327,28.408,28.98,28.653,28.571,28.653,28.082,28.0,
27.265,26.776,27.347,28.245,28.816,28.49,27.755,28.0,29.633,28.735,28.816,28.653,28.735,29.224,28.816,28.571,28.245,28.327,28.898,28.571,28.49,28.571,28.0,27.918,
27.02,26.857,27.429,28.245,28.816,28.898,27.755,28.327,29.551,28.735,28.816,28.653,28.735,29.224,28.816,28.571,28.245,28.327,28.898,28.571,28.49,28.571,28.0,27.918,
27.02,26.939,27.429,28.245,28.816,28.898,27.755,28.327,29.551,28.735,28.816,28.653,28.735,29.224,28.816,28.571,28.245,28.327,28.898,28.571,28.49,28.49,27.918,27.837,
27.347,27.347,27.837,28.571,28.653,28.816,28.082,28.327,29.551,28.735,28.816,28.653,28.735,29.224,28.898,28.653,28.327,28.327,28.898,28.571,28.49,28.49,27.918,27.837,
27.429,27.429,27.837,28.408,28.571,28.735,28.163,28.408,29.551,28.735,28.816,28.653,28.735,29.224,28.571,28.327,28.245,28.245,28.98,28.653,28.571,28.571,28.0,27.918,
27.429,27.673,27.918,28.408,28.98,28.735,28.163,28.408,29.551,28.735,28.816,28.653,28.816,29.306,28.571,28.327,28.245,28.245,28.98,28.653,28.571,28.571,28.0,27.918,
27.918,27.673,28.163,28.816,29.388,29.224,28.735,28.735,29.796,28.98,28.898,28.98,29.143,29.388,28.653,28.408,28.327,28.327,29.061,28.735,28.653,28.653,28.082,28.0,
28.0,27.755,28.49,29.143,29.796,29.306,28.816,28.898,29.796,28.98,28.898,28.98,29.143,29.388,28.653,28.408,28.327,28.327,29.061,28.735,28.653,28.653,28.082,28.0,
28.245,27.837,28.49,29.306,29.796,29.388,28.898,28.898,29.796,28.98,28.898,28.98,29.143,29.469,28.735,28.49,28.408,28.408,29.143,28.816,28.735,28.653,28.082,28.0,
28.0,28.0,28.653,29.551,30.204,29.633,29.224,29.224,30.122,29.143,29.061,29.143,29.306,29.469,28.735,28.49,28.327,28.327,29.061,28.735,28.653,28.653,28.082,28.0,
28.0,28.0,28.735,29.551,30.204,29.633,29.224,29.224,30.122,29.143,28.98,29.143,29.306,29.469,28.653,28.408,28.163,28.163,28.898,28.571,28.571,28.571,28.082,28.0,
28.0,28.0,28.735,29.551,30.204,29.714,29.306,29.306,30.204,29.224,28.98,29.143,29.306,29.469,28.653,28.408,28.163,28.163,28.898,28.571,28.571,28.571,28.082,28.0,
28.408,28.327,29.061,29.796,30.122,29.878,29.469,29.306,30.204,29.224,28.98,29.143,29.306,29.469,28.653,28.408,28.163,28.163,28.898,28.571,28.571,28.571,28.082,28.245,
28.735,28.327,29.143,29.714,30.122,29.959,29.469,29.469,30.367,29.388,29.143,29.306,29.306,29.633,28.816,28.571,28.327,28.327,29.061,28.735,28.735,28.735,28.245,28.408,
28.816,28.898,29.633,29.878,30.204,30.041,29.551,29.551,30.367,29.551,29.224,29.306,29.224,29.633,28.816,28.571,28.327,28.327,29.061,28.735,28.735,28.735,28.245,28.408,
29.061,28.98,29.959,30.122,30.286,30.122,29.633,29.469,30.204,29.469,29.143,29.224,29.143,29.633,28.816,28.571,28.327,28.327,29.061,28.735,28.735,28.735,28.245,28.408,
29.224,29.388,29.959,30.367,30.367,30.204,29.714,29.551,30.286,29.469,29.143,29.224,29.143,29.796,28.98,28.898,28.653,28.653,29.388,29.061,29.061,29.061,28.571,28.735,
29.143,29.224,30.041,30.531,30.367,30.204,29.714,29.551,30.367,29.388,29.224,29.143,28.98,29.633,28.816,28.735,28.49,28.327,28.816,28.653,28.816,28.816,28.327,28.49,
29.143,29.469,30.286,30.694,30.612,30.449,29.959,29.633,30.367,29.388,29.306,29.224,28.98,29.633,28.898,28.816,28.571,28.327,28.816,28.653,28.816,28.816,28.327,28.49,
29.224,29.878,30.204,30.612,30.449,30.367,29.633,29.306,30.041,29.061,28.98,29.143,28.898,29.551,28.898,28.816,28.571,28.327,28.816,28.653,28.816,28.816,28.327,28.49,
29.388,29.796,30.041,30.449,30.286,30.204,29.633,29.306,30.041,28.98,28.898,29.061,28.816,29.469,28.816,28.735,28.571,28.327,28.816,28.653,28.816,28.816,28.327,28.49,
29.306,29.714,29.714,30.122,30.204,30.122,29.633,29.388,30.041,28.898,28.816,28.98,28.735,29.388,28.735,28.653,28.571,28.327,28.816,28.653,28.816,28.816,28.327,28.49,
29.061,29.714,29.714,30.286,30.367,30.286,29.796,29.551,30.122,28.98,28.898,28.898,28.653,29.306,28.735,28.653,28.571,28.327,28.816,28.653,28.816,28.816,28.327,28.49,
29.633,29.796,29.796,30.122,29.959,30.122,29.796,29.714,30.286,29.143,28.98,28.898,28.653,29.306,28.735,28.653,28.571,28.327,28.816,28.653,28.735,28.735,28.245,28.408,
29.714,30.041,29.796,30.367,30.367,30.449,30.286,30.122,30.694,29.306,28.98,28.898,28.653,29.306,28.735,28.898,28.816,28.571,28.816,28.653,28.735,28.735,28.653,28.408,
29.714,29.959,29.796,30.531,30.531,30.531,30.367,30.204,30.531,29.469,29.224,29.061,28.816,29.469,28.898,29.061,28.98,28.898,29.143,28.98,28.816,28.816,28.653,28.571,
29.796,29.959,29.714,30.449,30.449,30.449,30.286,30.122,30.449,29.388,29.143,28.98,28.898,29.551,28.898,29.061,28.98,28.898,29.061,28.98,28.816,28.816,28.735,28.653,
29.959,30.122,29.878,30.531,30.449,30.449,30.286,30.204,30.531,29.469,29.224,28.98,28.898,29.469,28.898,29.061,28.98,28.898,28.98,28.898,28.735,28.735,28.735,28.653,
29.878,30.204,30.122,30.449,30.367,30.367,30.122,30.367,30.531,29.469,29.224,29.143,28.898,29.469,28.898,28.98,28.898,28.816,28.98,28.898,28.735,28.735,28.735,28.653,
30.367,30.449,30.367,30.612,30.449,30.367,30.122,30.286,30.531,29.469,29.224,29.061,28.653,29.143,28.653,28.735,28.735,28.653,28.816,28.735,28.571,28.571,28.571,28.49,
30.531,30.939,30.449,30.694,30.449,30.286,30.041,30.204,30.531,29.388,29.224,29.061,28.735,29.224,28.735,28.653,28.735,28.653,28.816,28.735,28.653,28.653,28.653,28.49,
30.367,30.776,30.286,30.204,30.122,29.959,29.796,29.959,30.286,29.143,28.898,28.735,28.653,29.224,28.735,28.653,28.735,28.653,28.816,28.735,28.653,28.571,28.571,28.571,
30.694,30.776,30.286,30.122,30.122,30.122,29.959,29.878,30.531,29.061,28.816,28.735,28.735,29.306,28.898,28.816,29.143,29.143,29.306,29.061,28.816,28.735,28.735,28.735,
30.857,31.02,30.286,30.122,30.204,30.122,30.041,29.714,30.204,28.816,28.571,28.408,28.327,28.898,28.571,28.735,29.061,29.061,29.224,28.98,28.653,28.571,28.571,28.571,
30.857,30.857,30.122,30.367,30.122,29.796,29.796,29.633,30.122,28.735,28.653,28.49,28.082,28.653,28.408,28.49,28.816,28.816,28.98,28.735,28.653,28.571,28.571,28.571,
30.612,30.776,30.286,30.204,30.286,30.204,30.122,29.633,30.041,28.327,28.327,27.918,27.51,28.163,27.918,28.0,28.408,28.408,28.571,28.408,28.327,28.245,28.082,28.082,
30.694,30.776,30.694,30.204,30.776,30.286,30.204,29.878,30.122,28.571,28.327,27.673,27.102,27.755,27.673,27.755,28.163,28.163,28.327,28.163,28.082,28.0,27.837,27.837,
30.531,30.286,30.367,29.878,30.367,29.878,29.796,29.633,29.878,28.571,28.163,27.592,27.102,27.673,27.673,27.918,28.245,28.245,28.408,28.327,28.245,28.163,28.0,28.0,
29.959,29.714,29.633,29.959,30.612,30.041,29.714,29.796,29.878,28.571,28.327,27.592,26.939,27.592,27.592,27.673,28.082,28.082,28.245,28.163,28.082,27.837,27.673,27.673,
30.367,30.204,29.633,29.878,30.531,30.286,29.959,29.633,29.714,28.735,28.49,27.755,27.102,28.0,28.0,27.918,28.082,28.082,28.245,28.163,28.163,27.918,27.673,27.673,
30.204,29.714,29.633,29.551,30.041,29.714,29.388,29.224,29.633,28.98,28.735,27.918,27.51,27.918,27.918,27.918,28.082,28.082,28.245,28.163,28.163,27.918,27.673,27.673,
30.122,29.878,29.633,29.714,29.959,29.633,29.306,29.143,29.469,28.98,28.735,27.918,27.51,27.918,27.918,27.918,28.082,28.082,28.245,28.163,28.163,27.918,27.673,27.673,
30.041,29.796,29.551,29.878,29.878,29.551,29.224,29.143,29.551,29.143,28.98,28.163,27.51,27.918,27.918,27.918,28.408,28.408,28.571,28.49,28.49,28.327,28.082,28.082,
30.286,30.204,30.122,30.122,30.204,29.878,29.551,29.551,29.633,29.388,29.224,28.735,28.082,28.49,28.49,28.49,28.571,28.571,28.735,28.653,28.653,28.49,28.245,28.245,
30.204,30.367,30.286,30.367,30.449,30.122,29.796,29.714,29.714,29.469,29.306,28.816,28.571,28.816,28.816,28.816,28.898,28.898,29.061,28.98,28.98,28.816,28.571,28.571,
30.122,30.367,30.122,30.204,30.286,30.122,29.878,29.878,29.878,29.633,29.469,28.98,28.735,28.735,28.735,28.816,28.816,28.816,28.98,28.898,28.898,28.735,28.653,28.653,
29.469,29.714,29.551,29.633,29.633,29.469,29.224,29.224,29.224,28.98,28.816,28.653,28.408,28.408,28.408,28.49,28.49,28.49,28.653,28.571,28.571,28.408,28.327,28.327,
29.224,29.306,29.143,29.143,29.224,29.224,28.898,28.816,28.816,28.653,28.653,28.653,28.49,28.49,28.49,28.571,28.571,28.571,28.735,28.735,28.735,28.571,28.571,28.571,

29.853,30.586,29.67,29.487,29.487,29.487,29.212,29.579,30.128,29.853,29.762,30.495,30.403,30.495,30.952,30.861,31.593,33.242,32.784,32.143,31.593,31.136,31.136,31.319,
30.128,30.495,29.67,29.487,29.487,29.487,29.396,29.762,30.128,29.853,29.762,30.495,30.403,30.495,31.136,30.861,31.593,33.242,32.784,32.143,31.593,31.136,31.136,31.319,
29.945,30.495,29.396,29.487,29.487,29.487,29.487,29.853,30.22,29.853,29.762,30.495,30.403,30.769,31.41,30.861,31.502,33.242,32.784,32.143,31.593,31.136,31.136,31.319,
30.037,30.769,29.487,29.487,29.121,29.029,29.396,29.945,30.311,29.945,29.853,30.586,30.311,31.136,31.868,31.319,32.326,33.791,33.333,32.234,31.685,31.227,31.227,31.41,
30.403,30.586,29.304,29.304,29.121,29.029,29.304,29.853,30.403,30.128,30.311,31.044,30.678,31.319,31.96,31.41,32.418,33.791,33.333,32.234,31.685,31.227,31.227,31.41,
30.678,30.495,29.487,29.67,29.762,29.579,29.945,30.128,30.769,30.495,30.586,31.319,30.952,31.502,32.143,31.593,32.601,33.791,33.333,32.234,31.685,31.136,31.136,31.319,
30.678,30.861,30.22,30.403,30.495,30.037,30.037,30.495,31.319,30.861,31.044,31.777,31.685,32.509,33.15,32.509,32.692,33.883,33.333,32.234,31.685,31.136,31.136,31.319,
30.495,30.769,30.037,30.311,30.403,29.945,30.128,30.495,31.319,30.861,31.044,31.777,31.685,32.326,32.967,32.326,32.509,33.883,33.333,32.234,31.685,31.136,31.136,31.319,
30.678,30.311,29.487,29.853,30.22,29.853,30.311,30.861,31.319,30.861,30.861,31.593,31.502,32.143,33.059,32.692,32.601,34.066,33.516,32.418,31.868,31.319,31.227,31.41,
30.311,29.762,29.396,29.945,30.311,29.853,30.311,30.769,31.227,30.769,30.769,31.502,31.41,32.234,33.059,32.692,32.875,34.066,33.516,32.418,31.868,31.319,31.227,31.41,
30.22,29.67,29.396,29.945,30.495,29.945,30.311,30.678,31.044,30.586,30.495,31.044,30.952,31.868,32.784,32.418,32.692,33.883,33.333,32.234,31.685,31.136,31.044,31.227,
30.403,29.579,29.579,29.945,30.678,30.128,30.495,30.678,31.044,30.586,30.586,31.136,30.952,31.868,32.784,32.418,32.692,33.883,33.333,32.234,31.685,31.136,31.044,31.227,
30.22,29.67,29.487,29.67,30.495,30.037,30.678,30.861,30.952,30.495,30.586,31.136,31.227,32.051,32.967,32.692,32.784,33.883,33.333,32.234,31.593,31.044,30.952,31.136,
29.945,29.396,29.67,29.762,30.495,30.22,30.678,30.861,30.952,30.495,30.586,31.136,31.227,32.051,32.967,32.875,33.242,33.974,33.333,32.418,31.777,31.227,31.136,31.319,
29.67,29.487,29.762,30.311,31.319,30.952,31.044,31.41,31.41,30.952,31.044,31.593,31.41,32.143,32.967,32.875,33.242,33.883,33.242,32.418,31.777,31.227,31.227,31.41,
29.762,29.487,29.579,30.311,31.502,30.952,31.044,31.319,31.319,30.952,31.044,31.593,31.41,32.143,32.967,32.509,32.509,33.425,32.784,32.051,31.777,31.227,31.227,31.41,
29.762,29.304,29.762,30.311,31.502,31.044,31.41,31.593,31.685,31.319,31.593,32.051,31.319,32.051,32.784,33.15,33.333,33.425,32.784,32.051,31.777,31.227,31.227,31.319,
29.67,30.037,30.678,31.41,31.868,31.227,31.136,31.502,31.685,31.136,31.685,32.143,31.41,32.143,32.875,33.15,33.333,33.15,32.601,32.051,31.868,31.41,31.41,31.41,
30.037,30.403,30.861,31.41,31.777,31.319,31.227,31.41,31.777,31.319,31.685,32.051,31.685,32.051,32.784,33.059,33.333,33.15,32.692,32.143,31.96,31.502,31.502,31.502,
29.487,30.311,30.861,31.41,31.685,31.227,31.136,31.502,31.96,31.502,31.868,32.418,32.051,31.96,33.059,33.333,33.333,33.15,32.692,32.143,32.143,31.685,31.685,31.685,
29.304,30.22,30.769,31.41,31.868,31.227,31.136,31.593,31.96,31.593,31.96,32.143,32.051,32.143,33.242,33.516,33.516,33.15,32.692,32.143,32.143,31.685,31.685,31.685,
29.67,30.311,30.311,31.227,31.685,30.952,30.952,31.41,31.96,31.593,31.96,32.143,32.051,32.143,33.242,33.516,33.516,33.15,32.692,32.143,32.143,31.685,31.685,31.685,
29.67,30.678,31.136,31.777,31.319,30.952,30.952,32.051,32.509,31.41,31.96,32.051,32.051,32.051,33.242,33.516,33.516,33.15,32.692,32.143,32.143,31.685,31.685,31.685,
29.487,30.311,31.227,31.868,31.136,31.044,31.044,31.868,32.326,31.685,32.326,32.418,32.509,32.509,33.7,33.974,33.974,33.608,33.15,32.509,32.509,32.051,32.051,32.051,
30.128,30.22,31.044,31.685,31.044,31.044,30.952,31.593,32.143,31.685,32.326,32.509,32.784,32.601,33.791,34.066,34.066,33.7,33.242,32.601,32.509,32.051,32.051,32.051,
30.128,30.037,31.319,31.868,31.777,31.777,31.777,31.96,32.418,31.96,32.601,32.784,33.516,32.875,34.066,34.341,33.883,33.242,32.784,32.601,32.509,32.051,32.051,32.051,
29.945,29.853,31.227,32.051,31.502,31.502,31.593,31.777,32.326,31.868,32.601,32.784,33.425,32.784,34.066,34.249,34.066,33.425,32.967,32.784,32.509,32.051,32.051,32.051,
29.762,30.128,31.319,32.234,31.777,31.777,31.777,31.96,32.326,31.96,32.875,33.059,33.608,32.967,33.791,34.249,33.791,33.425,32.967,32.784,32.509,32.051,32.051,32.051,
30.22,30.586,31.227,32.143,31.685,31.685,31.685,31.868,32.234,31.868,32.509,32.601,32.875,32.875,33.7,34.066,33.608,33.425,32.967,32.784,32.509,32.051,32.051,32.051,
30.586,31.319,31.868,32.418,31.868,31.868,31.868,31.96,32.143,31.868,32.509,32.509,32.875,32.967,33.7,34.066,33.333,33.333,32.875,32.692,32.418,31.96,31.96,31.96,
31.136,31.227,31.868,32.509,31.777,31.777,31.777,31.868,32.051,31.868,32.692,32.509,32.875,32.967,33.7,34.066,33.333,33.333,32.875,32.692,32.418,31.96,31.96,31.96,
31.502,31.593,31.96,32.509,32.143,32.143,32.143,32.143,32.234,32.143,33.059,32.875,33.333,33.425,34.066,34.432,33.7,33.7,33.242,33.059,32.784,32.326,32.326,32.326,
31.777,31.777,32.418,32.509,31.96,31.96,31.96,31.96,31.96,31.96,32.875,32.692,33.15,33.425,33.883,34.432,33.7,33.7,33.242,33.059,32.601,32.143,32.143,32.143,
32.051,31.868,31.868,32.326,31.868,31.868,31.868,31.777,31.868,31.96,32.784,32.601,33.059,33.425,33.883,34.524,33.791,33.791,33.333,33.15,32.692,32.234,32.234,32.234,
31.685,31.593,31.868,32.143,31.868,31.868,31.868,31.777,31.868,31.96,32.784,32.601,33.059,33.425,33.883,34.524,33.608,33.425,32.967,32.784,32.509,32.234,32.234,32.234,
31.227,31.41,31.685,31.96,31.777,31.777,31.777,31.685,31.685,31.777,32.601,32.418,32.234,32.967,33.425,33.425,32.784,32.601,32.509,32.326,32.418,32.051,32.051,32.051,
31.044,30.952,31.319,31.96,31.685,31.685,31.685,31.777,31.777,31.685,32.234,32.234,32.234,32.875,33.333,33.333,32.692,32.509,32.418,32.234,32.326,31.96,31.96,31.96,
30.952,31.319,31.685,32.051,32.051,32.051,32.051,32.051,32.051,32.051,32.143,32.143,32.143,32.509,33.059,32.875,32.509,32.509,32.418,32.234,32.326,31.96,31.96,31.96,
31.044,31.868,31.96,31.868,31.868,31.868,31.868,31.868,31.868,31.868,31.96,31.96,32.143,32.509,33.059,32.875,32.509,32.509,32.418,32.234,32.326,31.96,31.96,31.96,
31.868,31.868,31.96,31.868,31.868,31.868,31.868,31.868,31.868,31.868,31.96,31.96,32.143,32.509,32.875,32.875,32.509,32.509,32.418,32.234,32.326,31.96,31.96,31.96,
32.051,31.96,31.96,31.868,31.868,31.868,31.868,31.868,31.868,31.868,31.96,31.96,32.051,32.509,32.875,32.875,32.509,32.509,32.418,32.234,32.051,31.685,31.685,31.685,
32.051,31.96,31.96,31.868,31.868,31.868,31.868,31.868,31.868,31.868,31.868,31.868,32.051,32.143,32.051,32.051,31.96,31.96,31.868,31.868,31.868,31.502,31.502,31.502,
31.96,31.96,31.96,32.051,32.051,32.051,32.051,32.051,32.051,32.051,32.051,32.051,32.234,32.143,32.051,32.234,32.143,32.143,32.051,32.051,32.051,31.685,31.685,31.685,
31.868,31.868,31.868,32.051,32.051,32.051,32.051,32.051,32.051,32.051,32.051,32.051,32.234,32.143,32.051,32.234,32.143,32.143,32.051,32.051,32.051,31.685,31.685,31.685,
31.777,31.868,31.868,31.777,31.777,31.777,31.777,31.777,31.777,31.777,31.777,31.777,31.96,32.326,32.234,32.143,32.051,32.051,32.051,32.051,32.051,31.685,31.685,31.685,
31.777,31.777,31.777,31.777,31.777,31.777,31.777,31.777,31.777,31.777,31.777,31.777,31.777,32.143,32.234,32.143,32.051,32.051,32.051,32.051,32.051,31.685,31.685,31.685,
31.777,31.777,31.777,31.777,31.777,31.777,31.777,31.777,31.777,31.777,31.777,31.777,31.777,32.143,32.234,32.143,31.685,31.685,31.685,31.685,31.685,31.685,31.685,31.685,
31.777,31.777,31.777,31.777,31.777,31.777,31.777,31.777,31.777,31.777,31.777,31.777,31.777,31.685,31.777,31.685,31.685,31.685,31.685,31.685,31.685,31.685,31.685,31.685,
31.777,31.777,31.777,31.777,31.777,31.777,31.777,31.777,31.777,31.777,31.777,31.777,31.777,31.685,31.777,31.685,31.685,31.685,31.685,31.685,31.685,31.685,31.685,31.685,
31.777,31.777,31.777,31.777,31.777,31.777,31.777,31.777,31.777,31.777,31.777,31.777,31.777,31.685,31.777,31.685,31.685,31.685,31.685,31.685,31.685,31.685,31.685,31.685,

41.294,42.341,42.436,42.816,43.102,43.768,43.292,43.958,43.482,43.102,42.245,42.055,42.816,42.721,42.436,42.055,42.721,43.578,43.387,43.578,43.197,43.197,42.436,42.341,
41.294,42.436,42.436,42.816,43.102,43.768,43.292,43.958,43.482,43.102,42.341,42.15,42.912,42.721,42.436,42.055,42.721,43.578,43.387,43.578,43.197,43.197,42.436,42.341,
41.389,42.531,42.245,42.721,42.912,43.673,43.387,43.673,43.197,43.482,42.436,42.245,43.007,42.816,42.436,42.055,42.816,43.673,43.482,43.673,43.292,43.292,42.531,42.436,
41.579,42.816,42.721,42.721,42.912,43.673,43.387,43.673,43.197,43.482,42.531,42.341,43.007,42.816,42.436,41.865,42.721,43.482,43.102,43.102,42.721,42.721,41.96,41.865,
41.77,42.912,42.912,42.816,43.007,43.673,43.197,43.482,43.007,43.387,42.436,42.245,42.912,42.721,42.341,41.865,42.531,43.292,42.912,42.912,42.531,42.531,41.77,41.865,
41.96,43.482,43.007,42.816,43.007,43.768,43.197,43.482,43.007,43.482,42.531,42.341,43.007,42.816,42.436,41.96,42.626,43.387,43.292,43.292,42.816,42.816,42.055,42.055,
42.055,43.387,42.912,42.721,42.816,43.578,42.912,43.387,43.007,43.292,42.341,42.341,43.007,42.816,42.436,42.245,43.482,44.244,44.148,44.148,43.673,43.673,42.912,42.912,
42.055,43.387,42.816,42.721,42.912,43.578,42.912,43.387,43.007,43.292,42.341,42.341,43.007,42.816,42.245,42.055,43.292,44.053,43.958,44.148,43.673,43.673,42.912,42.912,
41.96,43.482,42.912,42.816,43.102,43.578,43.102,43.578,43.387,43.292,42.721,42.721,43.197,43.007,42.436,42.055,43.292,44.053,43.958,44.148,43.673,43.673,42.912,42.912,
42.245,43.673,43.197,43.102,43.197,43.673,43.292,43.482,43.292,43.197,42.626,42.721,43.197,43.007,42.436,42.055,43.292,44.053,43.958,44.148,43.673,43.673,42.912,42.912,
42.436,43.673,43.292,43.102,43.197,43.673,43.292,43.482,43.292,43.197,42.721,42.816,43.102,43.007,42.531,42.15,43.292,44.053,43.958,43.958,43.673,43.673,42.912,42.626,
42.626,43.768,43.292,43.007,43.292,43.482,43.102,43.292,43.197,43.102,43.007,43.197,43.482,43.387,42.912,42.626,43.197,43.958,43.863,43.958,43.673,43.673,42.912,42.531,
42.436,43.768,43.482,43.197,43.482,43.673,43.197,43.768,43.578,43.387,43.387,43.578,44.053,43.958,43.482,43.007,43.578,43.958,43.863,43.958,43.673,43.673,42.912,42.626,
42.626,43.768,43.482,43.673,43.958,43.863,43.292,43.863,43.578,43.482,43.387,43.578,43.958,43.863,43.387,43.007,43.387,43.768,43.673,43.768,43.482,43.482,42.816,42.626,
42.816,43.958,43.578,43.673,43.863,43.768,43.197,43.768,43.673,43.578,43.673,43.863,43.958,43.863,43.197,42.816,43.197,43.578,43.958,43.768,43.482,43.387,42.721,42.531,
42.912,44.148,43.673,43.578,43.768,43.482,43.102,43.673,43.578,43.387,43.673,43.863,43.958,44.053,43.387,43.007,43.387,43.768,44.148,43.958,43.673,43.578,42.912,42.721,
43.102,44.339,43.482,43.673,43.958,43.482,43.197,43.768,43.578,43.387,43.673,43.863,44.148,44.244,43.578,43.197,43.578,43.958,44.148,43.958,43.673,43.578,42.912,42.721,
43.387,44.053,43.387,43.578,43.958,43.578,43.102,44.053,43.863,43.387,43.673,43.863,44.148,44.053,43.673,43.197,43.578,43.958,44.148,43.958,43.673,43.578,42.912,42.721,
43.387,43.958,43.292,43.292,43.578,43.578,43.007,44.053,43.768,43.387,43.673,43.863,44.339,44.244,43.673,43.197,43.578,43.958,44.148,43.958,43.673,43.578,42.912,42.721,
43.578,43.673,42.912,43.387,43.673,43.673,43.102,44.148,43.578,43.292,43.482,43.863,44.434,44.244,43.482,42.912,43.387,43.768,43.958,43.768,43.482,43.387,42.912,42.816,
43.578,43.673,43.007,43.387,43.863,43.863,43.102,44.148,43.768,43.387,43.387,43.958,44.339,44.148,43.387,42.816,43.292,43.673,43.863,43.768,43.482,43.387,42.912,42.816,
43.673,43.482,42.816,43.292,43.578,43.578,43.007,43.578,43.578,43.387,43.482,43.673,44.148,43.863,43.387,42.816,43.292,43.673,43.863,43.768,43.482,43.387,42.912,42.816,
43.768,43.387,42.721,43.578,43.387,43.673,43.102,43.863,43.578,43.768,43.482,43.387,43.578,43.578,43.102,42.531,43.007,43.387,43.578,43.482,43.197,43.102,42.626,42.531,
43.768,43.292,42.341,43.197,43.387,43.292,43.102,43.292,43.578,43.863,43.292,43.197,43.387,43.387,43.578,43.387,42.816,43.292,43.482,43.387,43.102,43.007,42.531,42.436,
43.768,43.292,42.436,43.387,43.482,43.197,42.721,43.292,43.673,44.148,43.768,43.387,43.578,43.578,43.768,43.387,42.816,43.292,43.482,43.387,43.102,43.292,42.816,42.721,
43.578,42.912,42.721,43.197,43.387,43.102,42.721,43.292,43.673,44.053,43.387,43.007,43.197,43.197,43.387,43.007,42.531,43.007,43.197,43.102,42.816,42.912,42.721,42.626,
43.578,42.816,42.912,43.007,43.482,43.197,42.816,43.387,43.768,44.148,43.482,43.197,43.387,43.387,43.863,43.482,43.007,43.482,43.578,43.482,43.102,43.387,43.197,43.007,
43.292,43.197,43.102,43.387,43.863,43.768,43.482,43.768,44.148,44.529,43.768,43.482,43.387,43.387,43.863,43.482,43.007,43.482,43.578,43.482,43.102,43.387,43.197,43.007,
43.387,43.007,43.102,43.673,44.148,43.673,43.197,43.482,43.863,44.624,43.958,43.673,43.768,43.768,44.244,43.863,43.387,43.863,43.958,43.863,43.482,43.768,43.578,43.387,
42.912,42.912,43.102,43.482,44.529,44.529,44.053,44.053,44.434,44.814,44.148,43.863,43.958,43.958,44.434,44.053,43.578,44.053,44.148,44.053,43.673,43.958,43.768,43.578,
43.197,43.482,42.626,43.863,44.339,44.148,43.958,44.053,44.339,44.244,44.148,43.863,44.244,44.244,44.434,44.053,43.863,44.053,44.148,44.053,43.673,43.958,43.768,43.578,
43.292,43.578,42.816,43.863,43.768,43.387,43.482,43.578,43.863,43.768,43.673,43.673,44.053,44.053,44.244,44.053,43.863,44.053,44.053,43.958,43.578,43.863,43.673,43.197,
43.292,43.482,43.292,43.482,43.482,43.387,43.387,43.292,43.578,43.482,43.482,43.482,43.863,43.863,44.053,43.863,43.958,44.148,44.148,44.244,43.863,44.148,43.958,43.482,
43.482,43.007,42.721,42.912,43.292,43.578,43.578,43.482,43.578,43.768,43.768,43.768,43.863,43.863,44.053,43.863,43.863,44.053,44.053,44.148,43.768,44.053,43.863,43.387,
43.102,42.721,42.626,42.531,43.102,43.292,43.292,43.197,43.387,43.578,43.578,43.578,43.578,43.578,43.768,43.578,43.578,43.768,43.768,43.863,43.482,43.768,43.578,43.102,
42.531,42.436,42.626,42.531,43.197,43.292,43.292,43.292,43.482,43.673,43.673,43.673,43.673,43.673,43.768,43.768,43.768,43.768,43.768,43.863,43.482,43.768,43.578,43.102,
42.245,41.865,42.436,42.436,43.102,43.292,43.292,43.292,43.292,43.482,43.482,43.482,43.482,43.482,43.578,43.578,43.578,43.578,43.578,43.673,43.292,43.578,43.387,42.912,
42.245,42.816,42.816,42.531,43.197,43.197,43.197,43.197,43.197,43.197,43.197,43.197,43.197,43.197,43.292,43.292,43.292,43.292,43.292,43.387,43.007,43.292,43.102,42.626,
42.436,42.626,42.721,42.816,43.102,43.197,43.197,43.197,43.197,43.197,43.197,43.197,43.197,43.197,43.197,43.197,43.197,43.197,43.197,43.292,42.912,43.197,43.007,42.531,
42.721,42.912,43.007,43.197,43.197,43.197,43.197,43.197,43.197,43.197,43.197,43.197,43.197,43.197,43.197,43.197,43.197,43.197,43.197,43.102,42.721,43.007,43.007,42.531,
43.102,42.912,43.007,43.007,43.007,43.007,43.007,43.007,43.007,43.007,43.007,43.007,43.007,43.007,43.007,43.007,43.007,43.007,43.007,42.912,42.436,42.721,42.721,42.341,
43.482,43.292,43.197,43.197,43.197,43.197,43.197,43.197,43.197,43.197,43.197,43.197,43.197,43.197,43.197,43.197,43.197,43.197,43.197,43.102,42.626,42.912,42.912,42.531,
43.482,43.292,43.197,43.197,43.197,43.197,43.197,43.197,43.197,43.197,43.197,43.197,43.197,43.197,43.197,43.197,43.197,43.197,43.197,43.102,42.626,42.912,42.912,42.531,
43.292,43.102,43.007,43.007,43.007,43.007,43.007,43.007,43.007,43.007,43.007,43.007,43.007,43.007,43.007,43.007,43.007,43.007,43.007,42.912,42.436,42.721,42.721,42.341,
43.292,43.102,42.816,42.816,42.816,42.816,42.816,42.816,42.816,42.816,42.816,42.816,42.816,42.816,42.816,42.816,42.816,42.816,42.816,42.721,42.245,42.531,42.626,42.341,
43.387,43.197,42.912,42.912,42.912,42.912,42.912,42.912,42.912,42.912,42.912,42.912,42.912,42.912,42.912,42.912,42.912,42.912,42.912,42.816,42.341,42.626,42.721,42.436,
43.007,42.912,42.626,42.626,42.626,42.626,42.626,42.626,42.626,42.626,42.626,42.626,42.626,42.626,42.626,42.626,42.626,42.626,42.626,42.531,42.341,42.626,42.721,42.436,
42.912,42.912,42.626,42.626,42.626,42.626,42.626,42.626,42.626,42.626,42.626,42.626,42.626,42.626,42.626,42.626,42.626,42.626,42.626,42.531,42.341,42.626,42.912,42.626,
42.341,42.341,42.15,42.15,42.15,42.15,42.15,42.15,42.15,42.15,42.15,42.15,42.15,42.15,42.15,42.15,42.15,42.15,42.15,42.15,42.15,42.436,42.626,42.626,
42.721,42.721,42.816,42.816,42.816,42.816,42.816,42.816,42.816,42.816,42.816,42.816,42.816,42.816,42.816,42.816,42.816,42.816,42.816,42.816,42.816,43.102,43.102,43.102,

30.608,30.11,31.306,31.705,32.203,33.998,33.799,33.4,32.502,32.502,31.705,31.805,32.004,31.306,31.406,31.505,31.306,31.705,32.104,32.602,32.203,31.805,31.505,31.904,
30.608,30.01,31.306,31.705,32.403,33.998,33.799,33.5,32.602,32.502,31.705,31.904,32.303,31.605,31.705,31.805,31.306,31.705,32.104,32.602,32.203,31.805,31.505,31.904,
30.907,30.01,31.206,31.705,32.403,33.998,33.799,33.5,32.602,32.502,31.705,31.904,32.203,31.505,31.605,31.805,31.306,31.705,32.104,32.602,32.203,31.805,31.505,31.904,
30.907,30.01,31.206,31.705,32.403,33.998,33.799,33.5,32.602,32.403,31.505,31.705,32.004,31.605,31.705,31.705,31.206,31.605,32.004,32.502,32.104,31.705,31.406,31.805,
30.907,30.209,31.406,31.705,32.403,33.898,33.699,33.4,32.303,32.104,31.505,31.705,32.203,31.805,31.904,31.904,31.406,31.605,32.004,32.502,32.104,31.705,31.406,31.805,
31.107,30.209,31.406,31.705,32.104,33.599,33.2,32.901,32.104,31.904,31.505,31.705,32.203,31.805,31.904,31.904,31.406,31.705,32.104,32.602,32.203,32.004,31.904,31.904,
31.206,30.209,31.505,31.805,32.203,33.799,33.2,32.901,32.104,31.805,31.605,31.505,32.004,31.605,31.705,31.705,31.206,31.805,32.203,32.702,32.303,32.104,32.004,32.004,
31.306,30.309,31.306,31.805,32.004,33.799,33.2,32.901,32.104,31.805,31.605,31.505,32.004,31.605,31.705,31.705,31.206,31.805,32.203,32.702,32.303,32.104,32.004,32.004,
31.306,30.608,31.505,31.505,31.805,33.2,32.502,32.303,31.306,31.206,31.605,31.505,32.004,31.605,31.705,31.705,31.206,31.107,31.505,32.004,31.605,32.104,32.004,32.004,
31.007,30.508,31.206,31.505,31.705,33.4,32.403,32.104,31.206,31.007,31.505,31.505,32.004,31.605,31.705,31.505,31.007,30.907,31.306,31.805,31.605,32.104,32.004,32.004,
31.107,30.808,31.505,31.505,31.505,33.101,32.104,32.004,31.107,31.007,31.505,31.505,32.004,31.605,31.705,31.505,31.007,30.907,31.306,31.805,31.605,32.104,32.004,32.004,
31.406,31.107,31.406,31.505,31.605,33.101,32.203,31.505,31.107,31.007,31.605,31.406,32.004,31.605,31.705,31.505,30.907,30.808,31.206,31.705,31.505,32.004,31.904,31.904,
31.107,30.708,31.306,31.505,31.505,33.001,32.203,31.406,31.007,31.007,31.605,31.406,32.004,31.605,31.705,31.705,31.107,31.007,31.406,31.904,31.505,32.004,31.904,31.904,
31.306,30.608,31.206,31.406,31.505,32.502,32.203,31.406,31.007,30.708,31.206,31.007,31.605,31.206,31.306,31.107,30.508,30.309,30.708,31.107,30.708,31.206,31.107,31.107,
31.206,30.608,31.206,31.505,31.505,32.602,32.303,31.505,31.007,30.708,31.206,31.007,31.605,31.206,31.306,31.107,30.508,30.309,30.409,30.808,30.708,31.206,31.107,31.107,
31.406,31.107,31.406,31.505,31.705,32.802,32.502,31.406,30.508,30.608,31.007,31.007,31.605,31.206,31.306,31.107,30.508,30.309,30.409,30.808,30.708,31.206,31.107,31.107,
31.705,31.206,31.406,31.505,31.605,32.901,32.602,31.406,30.409,30.608,31.107,31.107,31.705,31.306,31.406,31.206,30.608,30.409,30.508,30.907,30.808,31.306,31.206,31.206,
31.805,31.206,31.705,31.904,32.004,33.001,32.602,31.406,30.409,30.608,31.107,31.107,31.705,31.306,31.406,31.206,30.608,30.409,30.508,30.907,30.808,31.306,31.206,31.206,
32.104,31.306,31.605,31.904,32.004,33.001,32.602,31.406,30.409,30.608,31.107,31.007,31.605,31.206,31.306,31.107,30.508,30.309,30.409,30.808,30.708,31.206,31.107,31.107,
32.203,31.505,31.805,31.904,32.203,33.001,32.802,31.605,30.608,30.708,31.107,31.007,31.605,31.107,31.206,31.007,30.409,30.808,30.907,31.306,31.206,31.107,31.007,31.007,
32.203,31.505,31.705,32.004,32.303,33.001,32.802,31.406,30.708,30.808,31.007,30.907,31.505,31.107,31.206,31.007,30.409,30.808,30.907,31.306,31.206,31.107,31.007,31.007,
31.904,31.505,31.705,32.203,32.403,32.802,32.602,31.406,30.708,30.808,31.007,30.907,31.505,31.306,31.605,31.206,30.409,30.808,30.907,31.306,31.206,31.107,31.007,31.007,
32.104,31.904,31.705,32.203,32.502,32.901,32.602,31.406,30.708,30.808,31.007,30.907,31.505,31.306,31.605,31.206,30.409,30.708,30.808,31.206,31.107,31.007,30.907,30.907,
32.203,32.004,31.605,32.104,32.403,32.802,32.403,31.406,30.608,30.708,30.608,30.608,31.306,31.107,31.505,31.107,30.309,30.608,30.409,30.808,30.708,30.608,30.508,30.508,
32.203,32.004,31.605,32.104,32.403,32.502,32.203,31.306,30.508,30.608,30.708,30.708,31.406,31.206,31.605,31.107,30.309,30.608,30.409,30.808,30.708,30.608,30.508,30.508,
32.502,32.303,31.605,32.104,32.403,32.602,32.004,30.907,30.209,30.608,30.808,30.808,31.505,31.306,31.406,30.907,30.11,30.608,30.409,30.808,30.708,30.608,30.508,30.508,
32.901,32.403,31.904,32.403,32.502,32.702,32.602,31.605,30.608,31.007,31.206,31.306,32.004,31.705,31.805,31.306,30.508,31.007,30.708,31.107,31.007,30.907,30.808,30.808,
33.2,32.403,32.004,32.602,32.802,32.901,32.802,32.104,31.107,31.505,31.605,31.705,32.502,32.203,32.203,31.605,30.708,31.107,30.808,31.007,30.907,30.808,30.708,30.708,
33.101,32.802,32.303,32.901,33.001,33.5,33.5,32.702,32.004,32.403,32.403,32.502,33.2,33.101,33.001,32.403,31.505,31.605,31.306,31.306,31.007,30.907,30.808,30.808,
33.101,32.901,32.702,32.901,33.101,33.599,33.3,32.403,31.705,31.904,31.805,32.104,32.802,32.702,32.602,32.004,31.107,31.206,30.907,30.907,31.007,30.907,30.808,30.808,
32.901,33.2,32.802,33.3,33.3,33.799,33.4,32.502,31.805,32.004,31.805,32.104,32.702,32.702,32.602,32.004,31.107,31.206,30.907,30.907,31.007,30.907,30.808,30.808,
33.001,33.101,32.602,33.2,33.3,33.5,32.901,32.104,31.805,31.805,31.605,31.904,32.502,32.502,32.403,31.805,30.907,30.808,30.708,30.708,30.808,30.708,30.608,30.608,
33.3,33.2,33.2,33.5,33.5,33.5,32.901,32.104,31.805,31.805,31.605,31.705,32.303,32.403,32.203,31.605,30.708,30.309,30.209,30.409,30.508,30.409,30.309,30.309,
33.599,33.101,32.802,33.3,33.101,32.802,32.802,32.004,31.505,31.505,31.306,31.406,32.004,32.403,32.203,31.505,30.608,30.209,30.11,30.409,30.508,30.409,30.309,30.309,
33.5,33.3,32.802,33.101,32.901,32.802,32.802,32.004,31.505,31.406,31.306,31.406,32.104,32.403,32.203,31.605,30.708,30.309,30.209,30.409,30.508,30.209,30.11,30.11,
33.4,33.4,32.802,33.101,33.001,32.802,32.702,31.904,31.206,31.206,31.306,31.406,31.505,31.805,31.605,31.406,30.508,30.209,30.11,30.209,30.309,30.01,29.91,29.91,
33.799,33.2,32.901,32.802,33.001,32.602,32.502,31.705,31.007,31.107,31.107,31.206,31.505,31.805,31.605,31.406,30.508,30.209,30.11,30.209,30.309,30.01,29.91,29.91,
33.699,32.901,32.901,32.802,33.101,32.702,32.403,31.605,30.907,31.007,31.007,31.206,31.705,32.004,31.805,31.605,30.808,30.508,30.409,30.508,30.608,30.309,30.209,30.209,
33.5,32.502,32.502,32.502,33.001,32.602,32.303,31.505,30.708,30.808,30.808,31.007,31.605,32.004,31.805,31.605,30.808,30.508,30.409,30.508,30.608,30.309,30.209,30.209,
33.5,32.702,32.203,32.502,33.101,32.802,32.403,31.505,30.708,30.808,30.907,31.107,31.805,32.203,32.004,31.605,30.808,30.508,30.409,30.508,30.608,30.309,30.209,30.209,
33.699,32.502,31.904,32.303,33.001,32.702,32.303,31.306,30.808,30.907,30.907,31.107,31.805,32.203,31.705,31.306,30.508,30.209,30.11,30.209,30.309,30.309,30.209,30.209,
33.2,32.203,31.805,32.104,32.802,32.602,32.203,31.406,31.107,31.107,31.206,31.206,31.904,32.303,32.004,31.605,30.808,30.508,30.409,30.508,30.608,30.608,30.508,30.508,
32.502,32.004,31.904,31.805,32.403,32.303,31.505,31.206,31.107,31.107,31.007,31.007,31.605,32.203,32.004,31.605,30.808,30.209,30.11,30.209,30.409,30.409,30.309,30.309,
32.403,32.403,31.705,31.904,32.203,32.004,31.406,30.808,30.907,31.406,31.406,31.306,31.904,32.502,32.303,31.904,31.107,30.508,30.409,30.508,30.708,30.708,30.708,30.708,
32.203,31.904,31.805,32.004,32.104,32.104,31.306,31.306,31.007,31.306,31.406,31.605,31.904,32.303,32.104,31.904,31.406,30.808,30.708,30.608,30.808,30.808,30.808,30.808,
31.904,32.004,31.107,31.505,31.605,31.406,31.206,31.007,30.708,31.007,31.206,31.406,31.505,32.004,31.904,31.505,31.206,30.608,30.508,30.508,30.508,30.508,30.508,30.508,
31.406,31.805,31.705,32.004,32.004,31.605,31.406,31.007,30.808,30.808,31.107,31.206,31.206,31.306,31.306,31.306,31.007,30.409,30.309,30.309,30.508,30.508,30.508,30.508,
32.004,31.505,31.306,31.505,31.505,31.107,31.007,30.808,30.608,30.608,30.907,31.007,31.206,31.306,31.306,31.306,31.007,30.608,30.508,30.508,30.508,30.508,30.508,30.508,
30.808,31.206,31.206,31.007,31.007,30.708,30.708,30.708,30.708,30.708,30.907,31.007,31.007,31.206,31.206,31.206,31.007,30.608,30.508,30.508,30.508,30.508,30.508,30.508,
31.007,31.007,31.007,31.007,31.007,31.107,31.107,31.107,31.107,31.107,31.306,31.306,31.306,31.505,31.505,31.505,31.306,31.107,31.107,31.107,31.107,31.107,31.107,31.107,

24.946,27.106,28.402,29.05,29.698,28.942,28.942,29.698,29.59,29.158,27.97,26.35,25.918,26.89,26.782,26.782,27.538,28.294,28.402,29.266,29.806,30.022,30.13,30.13,
24.946,27.214,28.402,29.158,29.806,28.942,28.942,29.698,29.59,29.158,27.97,26.35,26.134,26.998,26.782,27.106,27.862,28.618,28.726,29.59,30.13,30.346,30.454,30.454,
24.946,27.322,28.402,29.266,29.698,28.942,28.942,29.698,29.59,29.158,28.078,26.35,26.134,26.998,26.782,27.106,27.862,28.618,28.726,29.59,30.13,30.346,30.454,30.454,
24.946,27.214,28.618,29.266,29.59,28.942,28.942,29.698,29.59,29.158,28.078,26.35,26.134,26.998,27.106,27.106,27.862,28.618,28.726,29.59,30.13,30.346,30.454,30.454,
24.946,27.43,28.726,29.374,29.59,29.05,28.942,29.698,29.59,29.374,28.294,26.35,26.134,26.998,27.106,27.106,27.862,28.618,28.726,29.59,30.13,30.346,30.454,30.454,
25.054,27.322,28.726,29.374,29.59,29.05,28.942,29.698,29.59,29.374,28.294,26.35,26.134,26.998,27.106,27.106,27.862,28.618,28.726,29.59,30.13,30.346,30.454,30.454,
25.054,27.538,28.834,29.59,29.806,29.05,28.942,30.13,30.022,29.806,28.402,26.566,26.35,27.106,27.214,27.214,27.97,28.618,28.726,29.59,30.13,30.346,30.454,30.454,
25.162,27.862,28.942,29.59,29.806,29.05,28.942,30.13,30.022,29.806,28.402,26.566,26.35,27.106,27.214,27.538,28.294,28.942,29.05,30.022,30.562,30.778,30.886,30.886,
25.162,27.97,29.05,29.698,29.914,29.158,29.158,30.238,30.022,29.806,28.402,26.566,26.35,27.106,27.214,27.538,28.294,28.942,29.05,30.022,30.562,30.778,30.886,30.886,
25.27,27.862,28.942,29.698,30.022,29.266,29.482,30.238,30.022,29.914,28.51,26.674,26.35,27.106,27.214,27.538,28.294,28.942,29.05,30.022,30.562,30.778,30.886,30.886,
25.486,27.754,28.942,29.806,30.022,29.266,29.482,30.238,30.022,29.914,28.51,27.106,26.782,27.322,27.214,27.538,28.294,28.942,29.05,30.022,30.562,30.778,30.886,30.886,
25.594,28.078,29.05,29.698,29.914,29.05,29.482,29.806,29.482,29.374,28.402,26.998,26.674,27.214,27.106,27.43,28.186,28.942,29.158,30.13,30.67,30.778,30.886,30.886,
25.81,27.862,28.726,29.482,29.914,29.05,29.482,29.698,29.374,29.266,28.402,26.998,26.674,27.214,27.106,27.43,28.186,28.942,29.158,30.13,30.67,30.778,30.886,30.886,
26.242,27.97,28.51,29.374,29.806,28.942,29.59,29.698,29.374,29.266,28.51,27.106,26.782,27.214,27.106,27.214,27.97,28.942,29.158,30.13,30.67,30.778,30.886,30.886,
26.566,28.078,28.618,29.158,29.59,28.942,29.698,29.698,29.482,29.266,28.51,27.214,27.106,27.214,27.106,27.214,27.97,28.942,29.158,30.13,30.67,30.778,30.886,30.886,
26.674,28.402,28.618,29.05,29.59,28.834,29.59,29.698,29.59,29.374,28.618,27.322,27.106,27.214,27.106,27.214,27.97,28.942,29.158,30.13,30.67,30.778,30.886,30.886,
26.782,28.186,28.402,28.726,29.374,28.726,29.482,29.698,29.59,29.374,28.726,27.322,27.106,27.214,27.106,27.538,28.294,28.942,29.158,30.13,30.67,30.778,30.886,30.886,
26.782,28.078,28.186,28.51,29.158,28.51,29.266,29.482,29.374,29.374,28.726,27.322,27.106,27.214,27.106,27.538,28.294,28.942,29.158,30.13,30.67,30.778,30.886,30.886,
27.214,28.186,28.186,28.51,29.158,28.618,29.374,29.59,29.374,29.374,28.726,27.43,27.214,27.322,27.106,27.538,28.294,28.942,29.158,30.13,30.67,30.778,30.886,30.886,
26.998,28.186,28.186,28.618,29.374,28.834,29.482,29.482,29.158,29.158,28.618,27.322,27.106,27.214,26.998,27.43,28.186,28.834,29.05,30.022,30.562,30.67,30.778,30.778,
26.998,28.186,28.186,28.834,29.698,28.942,29.482,29.482,29.158,29.158,28.834,27.322,27.106,27.214,26.998,27.43,28.186,28.834,29.05,30.022,30.562,30.67,30.778,30.778,
26.89,28.186,28.186,28.834,29.698,28.942,29.266,29.266,28.942,28.942,28.618,27.322,26.026,27.214,26.998,27.43,28.186,28.834,29.05,30.022,30.562,30.67,30.778,30.778,
26.674,28.078,28.078,28.618,29.266,28.834,29.158,29.05,28.726,28.942,28.618,27.322,26.026,27.214,27.214,27.43,28.186,28.834,29.05,30.022,30.562,30.67,30.778,30.778,
26.566,27.754,27.862,28.402,29.482,28.834,29.158,28.834,28.726,28.942,28.618,27.322,26.026,27.214,27.214,27.43,28.186,28.834,29.05,30.022,30.562,30.67,30.778,30.778,
26.782,27.43,27.646,28.294,29.374,29.158,29.698,29.374,29.266,29.266,28.942,27.646,26.35,27.214,27.214,27.43,28.186,28.834,29.05,30.022,30.562,30.67,30.778,30.778,
26.782,27.106,27.538,28.186,29.266,29.158,29.59,29.374,29.266,29.266,28.942,27.646,26.35,27.214,27.214,27.43,28.186,28.834,29.05,30.022,30.562,30.67,30.778,30.778,
26.782,26.89,27.214,27.754,28.51,28.726,29.374,29.158,29.05,28.942,28.726,27.538,26.35,27.214,27.214,27.43,28.078,28.726,29.05,30.022,30.562,30.67,30.778,30.778,
26.998,26.998,27.106,27.862,28.402,28.402,29.158,29.158,29.05,28.942,28.726,27.538,26.35,27.214,27.214,27.43,28.078,28.726,29.05,30.022,30.562,30.67,30.778,30.778,
27.646,26.89,27.214,27.646,28.726,28.402,28.942,29.266,29.158,29.05,28.618,27.538,26.35,27.214,27.214,27.43,28.078,28.726,29.05,30.022,30.562,30.67,30.778,30.778,
27.754,27.106,27.214,27.754,28.942,28.726,28.942,29.266,29.158,29.05,28.618,27.538,26.35,27.214,27.214,27.43,28.078,28.726,29.05,30.022,30.562,30.67,30.778,30.778,
27.538,26.89,27.214,27.646,28.51,28.618,28.834,29.05,28.942,28.834,28.51,27.43,26.242,26.026,26.026,26.242,27.97,28.618,28.942,30.022,30.562,30.67,30.778,30.778,
26.674,26.566,26.998,27.646,28.51,28.51,28.942,29.158,29.05,28.942,28.618,27.538,26.35,26.134,26.134,26.35,28.078,28.726,29.05,29.914,30.562,30.67,30.778,30.778,
26.89,26.998,27.106,27.754,28.51,28.942,29.374,29.374,29.266,29.158,28.834,27.538,27.106,26.026,26.026,26.242,27.97,28.618,28.942,29.806,30.454,30.562,30.67,30.67,
27.214,27.538,27.43,28.078,28.726,29.05,29.374,29.374,29.266,29.158,28.834,27.538,27.106,26.026,26.026,26.242,27.97,28.618,28.942,29.806,30.454,30.562,30.67,30.67,
27.646,27.862,28.402,28.618,29.158,29.158,29.482,29.482,29.374,29.266,28.942,27.646,27.214,26.566,26.566,26.782,28.078,28.726,29.05,29.806,30.454,30.562,30.67,30.67,
27.754,28.186,28.726,28.618,29.158,29.158,29.482,29.482,29.374,29.482,29.158,27.862,27.43,26.782,26.782,26.998,28.294,28.294,28.618,29.482,29.914,30.67,30.67,30.67,
28.186,28.726,28.834,28.618,29.05,29.05,29.482,29.374,29.374,29.482,29.158,27.862,27.646,26.998,26.998,27.214,28.402,28.402,28.726,29.482,29.914,30.67,30.67,30.67,
28.294,28.726,28.618,28.618,28.726,28.726,29.374,29.806,29.698,29.374,29.482,28.51,28.186,27.43,27.43,27.538,28.51,28.726,28.834,29.158,29.698,30.454,30.454,30.454,
28.618,28.942,28.51,28.402,28.51,28.618,29.158,29.914,29.806,29.482,29.59,28.618,28.294,27.538,27.538,27.538,28.51,28.618,28.726,29.158,29.698,30.454,30.454,30.454,
28.618,28.726,28.402,28.294,28.402,28.294,28.618,29.59,29.698,29.59,29.374,28.294,28.186,27.43,27.43,27.43,28.186,28.51,28.618,29.05,29.59,30.454,30.454,30.454,
29.158,28.51,27.97,27.754,28.402,28.186,28.51,29.59,29.698,29.59,29.374,28.078,28.186,28.294,28.294,28.51,28.402,29.158,29.266,29.698,29.806,29.806,30.022,30.022,
29.266,28.51,27.862,27.754,28.51,28.402,28.726,29.482,29.698,28.726,28.618,28.186,28.294,28.51,28.51,28.402,28.294,29.158,29.266,29.698,29.806,29.806,30.022,30.022,
29.158,28.402,27.754,28.078,28.618,28.402,28.942,29.482,29.698,29.05,28.834,28.402,28.402,28.618,28.618,28.51,28.726,29.158,29.266,29.698,29.806,29.806,30.022,30.022,
29.05,28.618,28.078,28.402,28.834,28.186,28.834,29.266,29.374,29.158,28.834,28.402,28.726,29.158,29.158,29.158,29.374,29.374,29.374,29.482,29.59,29.59,29.806,29.806,
29.59,28.51,28.186,28.51,28.51,27.97,28.618,29.05,29.05,29.158,28.726,28.402,28.51,28.942,28.942,28.942,29.59,29.59,29.59,29.698,29.59,29.59,29.59,29.59,
29.374,29.158,29.05,28.726,28.618,28.726,29.266,29.158,29.158,29.266,28.834,28.726,29.374,29.806,29.806,29.806,29.806,29.806,29.806,29.59,29.482,29.482,29.482,29.482,
29.482,29.374,29.266,30.238,30.238,30.13,30.13,29.698,30.13,30.238,30.238,30.238,30.238,30.238,30.238,30.238,30.238,30.238,30.238,30.238,30.238,30.238,30.238,30.238,
29.698,29.806,30.13,30.13,30.13,30.13,30.13,30.13,30.13,30.238,30.238,30.238,30.238,30.238,30.238,30.238,30.238,30.238,30.238,30.238,30.238,30.238,30.238,30.238,
29.914,29.914,30.13,30.13,30.13,30.13,30.13,30.13,30.13,30.238,30.238,30.238,30.238,30.238,30.238,30.238,30.238,30.238,30.238,30.238,30.238,30.238,30.238,30.238,
30.022,30.022,30.238,30.238,30.238,30.238,30.238,30.238,30.238,30.238,30.238,30.238,30.238,30.238,30.238,30.238,30.238,30.238,30.238,30.238,30.238,30.238,30.238,30.238,

28.285,29.399,28.508,28.062,29.733,28.619,29.399,28.619,29.287,28.731,29.844,30.178,28.731,28.619,28.842,28.731,28.842,28.953,29.176,29.065,28.508,27.506,27.06,27.06,
28.285,29.399,28.508,28.174,29.621,28.508,29.399,28.619,29.287,28.731,29.844,30.178,28.731,28.619,28.842,28.731,28.842,28.953,29.176,29.065,28.508,27.506,27.06,27.06,
28.285,29.399,28.508,28.285,29.733,28.731,29.621,28.731,29.176,28.731,29.844,30.178,28.731,28.619,28.842,28.731,28.842,28.953,29.176,29.065,28.508,27.506,27.06,27.06,
28.285,29.399,28.508,28.285,29.733,28.731,29.621,28.731,29.176,29.065,30.178,30.178,28.619,28.508,28.731,28.619,28.731,28.842,29.065,28.953,28.508,27.506,27.06,27.06,
28.285,28.953,28.508,28.285,29.733,28.731,29.621,28.731,29.287,29.51,30.178,30.178,28.619,28.508,28.731,28.619,28.731,28.842,29.065,28.953,28.508,27.506,27.06,27.06,
28.285,28.619,28.174,27.951,29.51,28.842,29.733,29.065,29.621,29.621,30.178,30.178,28.619,28.508,28.842,28.731,28.842,28.953,29.176,29.065,28.619,27.617,27.171,27.171,
28.842,28.619,28.062,27.728,29.399,28.731,29.621,28.953,29.621,29.621,30.178,30.178,28.619,28.508,28.842,28.731,28.842,28.953,29.176,29.065,28.619,27.617,27.171,27.171,
28.953,28.619,28.285,28.062,29.844,29.065,29.844,28.731,29.399,29.399,29.955,29.955,28.508,28.396,28.731,28.619,28.842,28.953,29.176,29.065,28.619,27.617,27.171,27.171,
28.731,28.396,28.285,28.062,29.844,29.065,29.844,28.619,29.51,29.51,30.067,30.067,28.619,28.508,28.731,28.619,28.842,28.953,29.176,29.065,28.619,27.617,27.171,27.171,
28.731,28.842,28.731,28.285,29.955,29.176,30.067,28.731,29.399,29.955,30.067,30.178,28.731,28.619,28.842,28.619,28.842,28.953,29.176,29.065,28.731,27.728,27.283,27.283,
28.842,28.842,29.065,29.065,29.844,29.621,30.178,28.842,29.399,30.067,30.178,30.401,28.953,28.842,28.953,28.731,28.953,29.065,29.287,29.176,28.953,27.951,27.506,27.394,
28.731,28.842,29.065,29.176,29.844,29.733,30.29,28.953,29.955,30.067,30.178,30.401,28.953,28.842,28.953,28.731,28.953,29.065,29.287,29.176,28.953,27.951,27.506,27.394,
29.065,29.065,29.287,29.176,29.733,29.844,30.401,29.065,30.067,30.067,30.178,30.401,28.953,28.842,28.953,28.731,28.953,29.065,29.287,29.176,28.953,27.951,27.506,27.394,
28.953,29.065,29.287,29.287,29.733,29.955,30.401,29.065,30.067,30.178,30.29,30.512,29.065,28.953,29.065,28.731,28.953,29.065,29.287,29.176,28.953,27.951,27.506,27.394,
28.953,29.065,29.287,29.399,29.51,29.844,30.401,29.065,30.067,30.178,30.29,30.512,29.065,28.953,29.065,28.842,28.953,29.176,29.399,29.176,29.176,28.508,28.062,27.951,
29.065,28.953,29.176,28.842,29.065,29.399,30.067,28.731,29.51,29.621,29.733,29.955,28.842,28.731,29.065,28.842,28.953,29.176,29.399,29.176,29.176,28.508,28.174,28.062,
29.176,28.842,29.287,28.842,29.065,29.287,29.955,28.731,29.51,29.399,29.733,29.955,28.842,28.731,29.065,28.842,28.953,29.176,29.399,29.176,29.176,28.508,28.174,28.285,
29.065,29.065,29.51,29.065,28.953,29.176,29.955,28.731,29.51,29.399,29.733,29.955,28.842,28.731,29.065,28.842,28.953,29.176,29.399,29.176,29.621,28.508,28.174,28.285,
29.399,29.065,29.51,28.953,28.731,28.953,29.733,28.508,29.287,29.065,29.733,29.955,28.842,28.731,29.065,28.842,28.953,29.176,29.399,29.176,29.621,28.508,28.174,28.285,
29.51,29.065,29.51,28.953,28.731,28.953,29.621,28.508,29.287,29.065,29.733,29.955,28.842,28.731,29.065,28.842,28.953,29.176,29.399,29.176,29.621,28.508,28.174,28.285,
30.067,29.176,29.399,29.287,28.731,28.842,29.51,28.508,29.287,29.065,29.733,30.067,29.065,28.953,29.287,29.065,29.176,29.399,29.621,29.51,29.955,28.842,28.508,28.619,
30.178,29.287,29.287,29.287,28.731,28.842,29.51,28.731,29.399,29.176,29.844,30.178,29.176,29.176,29.51,29.287,29.399,29.621,29.733,29.621,30.067,28.953,28.619,28.731,
30.067,29.176,29.287,29.399,28.842,28.842,29.621,28.619,29.065,29.176,29.844,30.29,29.287,29.287,29.51,29.51,29.621,29.844,29.733,29.621,30.067,28.953,28.619,28.731,
30.067,29.51,29.399,29.733,28.953,29.065,29.844,28.842,29.287,29.399,29.955,30.512,29.51,29.51,29.733,29.733,29.844,30.067,29.955,29.844,30.067,28.953,28.619,28.731,
30.178,29.51,29.176,29.621,29.065,28.953,29.844,28.842,28.842,28.842,29.399,30.512,29.51,29.51,29.733,29.733,29.844,30.067,29.955,29.844,30.067,28.953,28.619,28.731,
29.844,29.176,29.176,29.176,29.065,28.953,29.51,28.842,28.842,28.953,29.176,30.178,29.176,29.176,29.399,29.399,29.51,29.733,29.621,29.51,29.733,28.619,28.285,28.396,
29.733,29.51,30.067,30.067,29.621,28.842,29.621,28.953,28.953,29.065,29.51,30.512,29.51,29.51,29.733,29.621,29.733,29.955,29.844,29.733,29.955,28.842,28.508,28.619,
29.399,29.51,30.067,30.178,29.621,28.842,29.621,28.619,28.619,28.731,29.51,30.958,29.955,29.955,30.178,30.067,30.178,30.401,30.512,30.401,30.29,29.51,29.176,29.065,
28.953,29.399,30.067,29.621,28.953,28.508,29.176,28.396,28.508,28.619,29.399,30.958,29.955,29.955,30.178,30.067,30.178,30.401,30.512,30.401,30.29,29.621,29.287,29.287,
28.842,29.51,30.178,29.621,28.953,28.508,29.176,28.396,28.508,28.619,29.399,30.958,30.401,30.401,30.624,30.512,30.624,30.846,30.958,30.846,30.735,30.067,29.733,29.733,
28.842,29.733,30.067,29.51,29.065,28.731,29.399,28.396,28.508,28.619,29.399,30.958,30.401,30.401,30.624,30.512,30.624,30.846,30.958,30.846,30.735,30.067,29.733,29.733,
28.842,29.844,29.955,29.399,28.953,28.619,29.065,28.285,28.396,28.508,29.51,30.624,30.067,30.067,30.29,30.178,30.29,30.512,30.624,30.512,30.401,29.733,29.399,29.399,
29.287,29.844,29.844,29.399,28.953,28.731,29.065,28.396,28.953,29.065,29.621,30.735,30.401,30.401,30.624,30.512,30.624,30.735,30.846,30.735,30.624,29.955,29.621,29.621,
29.399,29.733,29.733,29.399,28.953,28.731,28.842,28.396,29.065,29.176,29.733,30.735,30.735,30.846,31.069,30.846,30.958,31.069,31.18,31.069,30.958,30.29,29.955,29.955,
29.51,29.621,29.733,29.399,28.953,28.731,28.842,28.396,29.065,29.176,29.733,30.735,30.735,30.846,31.069,30.846,30.958,31.069,30.958,31.292,31.403,30.735,30.401,30.401,
29.733,29.399,29.51,29.733,29.176,28.953,29.065,28.396,29.176,29.399,29.955,30.958,30.624,30.735,30.958,30.735,31.18,31.292,31.18,31.292,31.18,30.512,30.178,30.178,
29.733,29.399,29.399,29.399,29.176,28.953,29.065,28.396,28.731,28.842,29.399,30.29,30.178,30.401,30.624,30.401,30.846,30.958,30.846,30.958,30.846,30.178,30.401,30.624,
29.399,29.51,29.287,29.287,29.065,28.619,28.953,28.285,29.065,29.176,29.287,30.067,30.067,30.29,30.512,30.29,30.735,30.846,30.735,30.846,30.735,30.067,30.29,30.624,
29.399,29.399,29.287,29.287,28.842,28.619,28.953,28.508,29.065,29.176,29.399,30.178,30.067,30.29,30.512,30.29,30.735,30.846,30.735,30.846,30.735,29.733,29.955,30.29,
29.621,29.399,29.065,29.176,28.731,28.619,28.953,28.731,29.065,29.176,29.399,30.178,30.067,30.29,30.512,30.29,30.735,30.846,30.735,30.846,30.735,29.51,29.733,30.178,
29.844,29.287,29.287,29.399,28.953,28.842,29.176,28.953,29.287,29.399,29.621,30.178,30.067,30.29,30.512,30.067,30.512,30.624,30.512,30.624,30.512,29.287,29.51,29.955,
30.178,29.176,29.065,29.176,28.731,28.619,28.953,28.731,29.176,29.176,29.399,30.178,30.067,30.29,30.512,30.067,30.512,30.624,30.512,30.624,30.512,29.287,29.51,29.955,
29.733,28.842,28.842,28.953,28.508,28.508,28.731,28.731,29.287,29.176,29.399,30.178,30.178,30.401,30.401,30.178,30.512,30.624,30.512,30.624,30.512,29.399,29.621,29.955,
29.287,29.065,29.176,29.51,28.842,28.731,29.287,29.176,29.733,29.733,29.955,30.624,30.624,30.624,30.624,30.29,30.624,30.735,30.735,30.846,30.735,29.399,29.176,29.51,
29.621,29.621,29.287,29.733,28.953,28.842,28.731,28.731,29.065,29.065,29.399,30.067,30.067,30.067,30.067,29.733,30.067,30.178,30.178,30.29,29.621,28.731,28.508,28.842,
29.621,29.51,29.399,30.067,28.731,28.619,28.174,28.174,28.508,28.174,28.731,29.621,29.621,29.621,29.621,29.287,29.621,29.733,30.29,30.401,30.067,29.176,28.953,28.953,
29.955,29.844,29.51,30.067,28.731,28.619,28.396,28.396,28.508,28.731,28.731,29.621,29.621,29.621,29.621,29.287,29.621,29.733,29.733,29.844,30.067,29.176,28.953,28.953,
29.621,29.844,29.51,29.51,28.285,28.285,28.619,28.619,28.731,28.953,28.953,29.621,29.621,29.621,29.621,29.287,29.621,29.733,29.733,29.51,29.621,28.731,28.508,28.508,
29.287,28.731,28.508,28.396,28.062,28.062,28.174,28.174,28.508,28.508,28.731,29.399,29.399,29.399,29.399,29.065,29.399,29.51,29.399,28.953,27.171,25.724,25.278,25.39,
28.285,28.508,28.508,28.396,26.503,26.503,26.615,26.615,26.949,26.949,27.171,27.84,27.84,27.84,27.84,27.506,27.84,27.951,27.84,27.171,27.06,25.612,25.167,25.278,

35.731,35.849,36.439,37.382,36.203,36.557,37.264,37.146,37.146,37.146,35.259,34.788,34.906,35.495,35.259,35.731,36.085,36.91,37.146,36.792,35.849,35.259,35.259,35.142,
35.613,35.731,36.321,37.264,36.085,36.439,37.146,37.146,37.028,36.91,35.024,34.67,34.788,35.495,35.259,35.731,36.085,36.91,37.146,36.792,35.849,35.259,35.259,35.142,
35.495,35.613,36.321,37.382,36.085,36.439,37.146,37.146,37.028,36.91,35.024,34.67,34.788,35.613,35.259,35.731,36.085,36.91,37.146,36.792,35.849,35.259,35.259,35.142,
35.613,36.085,36.085,36.792,35.849,36.792,37.146,37.146,37.028,37.146,35.259,34.67,34.788,35.613,35.259,35.731,36.085,36.91,37.146,36.792,35.849,35.259,35.259,35.142,
35.613,36.085,36.085,36.792,35.731,36.439,36.91,36.91,36.792,37.146,35.259,34.67,35.024,35.613,35.259,35.731,36.085,36.91,37.146,36.792,35.849,35.259,35.259,35.142,
35.377,35.731,36.085,36.91,35.613,37.146,37.382,37.264,37.146,37.146,35.142,34.552,35.024,35.613,35.259,35.731,36.085,36.91,37.146,36.792,35.849,35.259,35.259,35.142,
35.731,35.613,36.321,37.146,35.731,37.264,37.5,37.264,37.146,36.91,35.142,34.552,35.024,35.613,35.259,35.731,36.085,36.91,37.146,36.792,35.849,35.259,35.259,35.142,
35.613,35.967,36.439,37.146,35.849,37.382,37.854,37.5,37.146,36.91,35.142,34.552,35.024,35.613,35.259,35.731,36.085,36.91,37.146,36.792,35.849,35.259,35.259,35.142,
35.495,36.203,36.439,37.264,36.203,37.618,38.09,37.5,37.028,36.792,35.259,34.788,35.259,35.849,35.495,35.967,36.203,36.91,37.146,36.792,35.849,35.259,35.259,35.142,
35.495,36.203,36.439,37.028,36.203,37.5,37.854,37.382,36.91,36.675,35.377,34.67,35.142,35.849,35.495,35.967,36.203,36.91,37.146,36.792,35.849,35.259,35.259,35.142,
35.613,36.203,36.439,37.146,36.321,37.5,37.854,37.618,37.146,36.91,35.377,34.67,35.142,35.849,35.495,35.967,36.203,36.91,37.146,36.792,35.849,35.259,35.259,35.142,
35.731,36.321,36.675,37.146,36.439,37.5,37.736,37.5,37.028,36.792,35.377,34.67,35.142,35.849,35.495,35.967,36.203,36.91,37.146,36.792,35.849,35.259,35.259,35.142,
35.495,36.085,36.557,37.028,36.321,37.382,37.618,37.382,37.028,36.792,35.259,34.552,35.142,35.731,35.377,35.967,36.203,36.91,37.146,36.792,35.849,35.259,35.259,35.142,
35.495,35.849,36.203,36.792,36.321,37.382,37.382,37.382,37.028,36.792,35.259,34.552,35.142,35.731,35.377,35.967,36.203,36.91,37.146,36.792,35.849,35.259,35.259,35.142,
35.613,35.731,36.203,36.792,36.439,37.5,37.5,37.264,36.91,36.675,34.906,34.316,35.142,35.731,35.377,35.967,36.203,36.91,37.146,36.792,35.849,35.259,35.259,35.142,
35.849,35.731,36.557,36.792,36.439,37.5,37.5,37.264,36.91,36.675,34.906,34.316,35.142,35.731,35.377,35.967,36.203,36.91,37.146,36.792,35.849,35.259,35.259,35.142,
35.967,35.967,36.792,37.028,36.439,37.382,37.5,37.264,36.792,36.557,34.906,34.316,35.142,35.731,34.906,35.495,35.731,36.203,36.439,36.085,35.613,35.024,35.024,34.906,
36.439,36.557,36.675,37.5,36.792,37.5,37.5,37.264,36.792,36.557,35.024,34.316,35.142,35.731,34.906,35.495,35.731,36.203,36.439,36.085,35.613,35.024,35.024,34.906,
36.439,36.792,36.792,37.618,36.675,37.5,37.5,37.264,36.792,36.557,35.024,34.316,35.142,35.731,34.906,35.495,35.731,36.203,36.439,36.085,35.613,35.024,35.024,34.906,
36.675,37.146,36.91,37.736,36.792,37.618,37.5,37.264,36.792,36.557,35.024,34.316,35.142,35.731,34.906,35.613,35.849,36.203,36.439,36.085,35.613,35.024,35.024,34.906,
37.028,37.736,37.618,38.325,37.382,37.972,37.5,37.146,36.792,36.439,35.024,34.198,35.024,35.613,34.788,35.613,35.849,36.203,36.439,36.085,35.613,35.024,35.024,34.906,
37.5,37.618,37.382,38.325,37.382,37.972,37.5,37.146,36.91,36.557,35.024,34.198,35.024,35.613,34.788,35.613,35.849,36.203,36.439,36.085,35.613,35.024,35.024,34.906,
37.5,37.618,38.09,38.208,37.618,38.208,37.5,37.146,36.91,36.557,35.024,34.198,34.906,35.495,34.67,35.613,35.849,36.203,36.439,36.085,35.613,35.024,35.024,34.906,
37.618,37.618,38.325,37.972,37.382,38.325,37.618,37.146,36.91,36.557,35.024,34.198,35.024,35.495,34.67,35.613,35.849,36.203,36.439,36.085,35.613,35.024,35.024,34.906,
37.5,37.972,38.443,37.736,37.146,37.972,37.5,37.146,37.146,36.675,35.142,34.316,35.259,35.495,34.67,35.613,35.849,36.203,36.439,36.085,35.613,35.024,35.024,34.906,
37.382,37.972,38.561,37.736,37.382,37.972,37.5,37.146,37.146,36.675,35.142,34.316,35.259,35.259,34.67,35.613,35.849,36.203,36.439,36.085,35.613,35.024,35.024,34.906,
37.264,38.09,38.679,37.736,37.5,37.972,37.5,37.146,37.146,36.675,35.142,34.316,35.142,35.259,34.67,35.613,35.849,36.321,36.557,36.203,35.731,35.142,35.142,35.024,
36.792,37.854,38.443,37.5,37.5,37.972,37.736,37.146,37.146,36.675,35.142,34.316,35.142,35.259,34.67,35.613,35.849,36.321,36.557,36.203,35.731,35.142,35.142,35.024,
37.264,38.09,38.325,37.264,37.382,37.854,37.618,37.146,37.146,36.675,35.142,34.316,35.142,35.259,34.67,35.613,35.849,36.321,36.557,36.203,35.731,35.142,35.142,35.024,
37.382,37.736,37.854,36.792,36.91,37.382,37.5,37.028,37.028,36.439,34.67,34.198,35.024,35.259,34.788,35.731,35.967,36.321,36.557,36.203,35.731,35.024,35.024,34.906,
37.618,37.854,37.736,36.675,36.792,37.382,37.382,37.028,37.028,36.439,34.67,34.198,35.024,35.259,34.788,35.731,35.967,36.321,36.557,36.203,35.731,35.024,35.024,34.906,
37.382,37.736,37.5,36.675,37.028,37.264,37.264,37.146,37.146,36.557,34.788,34.434,35.259,35.495,35.024,35.849,36.085,36.321,36.557,36.203,35.731,35.142,35.377,35.259,
37.854,37.618,37.382,36.675,36.792,37.028,36.792,36.792,36.91,36.557,34.788,34.434,35.259,35.495,35.024,35.849,36.085,36.321,36.557,36.203,35.731,35.142,35.377,35.259,
37.854,37.972,37.264,36.557,36.675,36.91,36.675,36.557,36.792,36.439,34.67,34.316,35.024,35.259,34.788,35.613,35.849,36.085,36.321,35.967,35.495,34.906,35.377,35.259,
37.382,37.382,36.792,36.321,36.439,36.675,36.321,36.439,36.675,36.321,34.67,34.316,35.024,35.024,34.552,35.377,35.613,35.849,35.967,35.849,35.495,34.906,35.377,35.259,
37.382,37.5,36.439,36.321,36.557,36.675,36.321,36.439,36.675,36.321,34.67,34.316,35.024,35.142,34.788,35.613,35.849,35.849,35.967,35.849,35.495,34.906,35.377,35.259,
37.618,37.5,36.557,36.203,36.557,36.675,36.439,36.439,36.675,36.321,34.788,34.316,35.024,35.259,35.142,35.849,35.849,35.849,35.967,35.849,35.495,35.024,35.495,35.377,
37.382,37.5,36.792,36.321,36.91,36.91,36.675,36.203,36.439,36.439,34.906,34.434,34.906,35.024,35.024,35.849,35.849,35.849,35.967,35.849,35.377,34.906,35.377,35.259,
37.028,37.5,36.675,36.675,37.146,37.146,36.91,36.321,36.792,36.675,35.142,34.552,35.024,35.142,35.142,35.967,35.967,35.967,36.085,35.967,35.495,35.024,35.613,35.495,
37.264,37.5,36.675,36.439,36.91,37.028,36.557,36.321,36.675,36.557,34.906,34.552,35.024,35.142,35.377,36.203,36.203,36.203,36.321,36.203,35.849,35.377,35.967,35.849,
37.028,37.382,36.675,36.203,36.557,36.792,36.203,35.967,36.321,36.439,34.552,34.67,35.142,35.377,35.613,36.439,36.439,36.203,36.203,36.085,35.731,35.259,35.849,35.849,
37.146,36.675,36.085,36.557,36.557,36.792,36.203,35.967,36.085,36.203,34.316,34.434,34.906,35.024,35.259,35.967,35.967,35.731,35.731,35.731,35.495,35.024,35.613,35.613,
37.028,36.675,35.731,36.085,36.085,36.321,36.203,35.967,36.085,36.085,34.316,34.434,34.906,35.024,35.259,35.613,35.613,35.377,35.377,35.377,35.495,35.024,35.613,35.613,
36.675,36.439,35.495,35.731,35.731,35.849,35.967,36.085,36.321,36.321,34.788,34.788,35.259,35.377,35.377,35.731,35.731,35.495,35.495,35.495,35.613,35.024,35.613,35.613,
36.439,35.849,34.906,34.906,34.906,34.906,35.024,35.142,35.613,35.613,34.08,34.08,34.552,34.67,34.67,35.024,35.024,34.788,34.788,34.788,34.906,34.316,34.906,34.906,
36.085,35.967,35.142,35.142,35.024,35.024,35.142,35.142,35.731,35.731,34.198,34.198,34.67,34.788,34.788,35.142,35.142,34.906,34.906,34.906,34.788,34.198,34.67,34.67,
36.085,35.967,35.142,35.142,35.024,35.024,35.142,34.906,35.259,35.259,33.962,33.962,34.434,34.552,34.552,34.906,34.906,34.434,34.434,34.434,34.316,33.726,34.08,34.08,
35.495,35.259,34.316,34.316,34.198,34.198,34.316,34.316,34.906,34.906,33.608,33.608,34.08,34.08,34.08,34.198,34.198,33.726,33.726,33.726,33.608,33.255,33.608,33.608,
35.142,35.142,33.726,33.373,33.255,33.255,33.726,33.726,34.316,34.316,33.019,32.547,32.547,32.547,32.547,32.665,32.665,32.193,32.193,32.193,32.193,32.311,32.665,32.665,
35.142,35.024,33.137,32.311,31.958,31.958,32.193,32.547,32.193,31.604,31.132,30.66,30.66,30.66,30.66,31.486,31.486,30.425,30.425,30.425,29.599,29.363,29.363,29.363,

31.178,30.485,31.986,33.141,33.141,33.372,33.372,34.18,34.873,34.758,34.527,35.45,35.219,34.873,33.487,33.718,34.18,33.834,34.18,33.372,34.065,33.834,34.527,34.065,
31.293,30.6,32.102,33.256,33.256,33.487,33.372,34.18,34.873,34.758,34.296,35.219,34.988,34.642,33.256,33.487,33.949,33.603,34.18,33.372,34.065,33.834,34.527,34.065,
31.293,30.6,32.102,33.256,33.256,33.487,33.372,34.18,34.873,34.758,34.296,35.219,34.988,34.642,33.256,33.487,33.949,33.603,34.18,33.372,34.065,33.949,34.527,34.065,
31.293,30.716,32.217,33.141,33.141,33.603,33.487,34.296,34.988,34.873,34.411,35.219,34.988,34.642,33.256,33.487,33.949,33.603,34.18,33.372,34.065,33.949,34.527,34.065,
31.293,30.831,32.217,33.141,33.141,33.603,33.603,34.411,34.873,34.758,34.411,35.219,34.988,34.642,33.256,33.487,33.949,33.603,34.18,33.372,34.18,34.065,34.758,34.411,
31.409,30.831,32.217,33.141,33.025,33.372,33.487,34.065,34.527,34.527,34.18,34.988,34.758,34.411,33.256,33.487,33.949,33.603,34.18,33.372,34.18,34.065,34.758,34.411,
31.64,30.831,32.333,33.141,33.025,33.372,33.487,34.065,34.527,34.527,34.18,34.988,34.642,34.296,33.141,33.372,33.834,33.487,34.065,33.372,34.18,34.065,34.758,34.411,
31.64,30.831,32.217,33.141,33.025,33.372,33.487,34.065,34.527,34.527,34.18,34.988,34.527,34.296,33.141,33.372,33.834,33.487,34.065,33.372,34.18,34.065,34.758,34.411,
31.755,30.947,32.217,32.91,32.794,33.141,33.256,33.834,34.296,34.527,34.411,34.988,34.527,34.18,33.141,33.372,33.834,33.487,34.065,33.372,34.18,34.18,34.758,34.411,
32.217,30.831,32.333,32.679,32.679,33.025,33.141,33.834,34.296,34.527,34.411,34.988,34.527,34.18,33.141,33.372,33.834,33.487,34.065,33.372,34.18,34.18,34.758,34.411,
32.333,30.947,32.448,32.794,32.679,33.025,33.141,33.834,34.296,34.527,34.527,35.104,34.642,34.296,33.256,33.487,33.949,33.718,34.296,33.487,34.296,34.296,34.758,34.642,
32.564,31.524,32.794,33.025,32.91,33.372,33.372,33.834,34.296,34.527,34.527,35.104,34.642,34.411,33.372,33.372,33.834,33.603,34.18,33.372,34.18,34.18,34.642,34.527,
32.333,31.178,32.679,33.141,33.256,33.487,33.487,33.834,34.411,34.411,34.296,34.873,34.411,34.527,33.487,33.487,33.949,33.718,34.296,33.487,34.296,34.296,34.758,34.642,
32.333,31.64,33.141,33.256,33.372,33.603,33.603,34.065,34.527,34.527,34.411,34.988,34.411,34.527,33.487,33.487,33.834,33.603,34.18,33.487,34.296,34.296,34.758,34.642,
32.217,31.755,33.025,33.141,33.256,33.487,33.487,33.603,34.065,34.411,34.411,34.988,34.411,34.527,33.487,33.487,33.834,33.603,34.18,33.487,34.296,34.296,34.758,34.642,
32.333,32.102,33.256,33.141,33.256,33.487,33.487,33.603,34.065,34.411,34.411,34.988,34.411,34.411,33.372,33.256,33.603,33.718,34.296,33.372,34.296,34.296,34.758,34.642,
32.448,32.564,32.794,32.91,33.025,33.141,33.372,33.487,33.834,34.296,34.065,34.642,34.18,34.065,33.025,33.025,33.372,33.487,34.296,33.372,34.296,34.296,34.758,34.642,
32.333,32.564,33.025,33.141,33.256,33.256,33.487,33.603,33.949,34.18,33.949,34.18,33.834,33.718,33.025,33.025,33.372,33.487,34.296,33.603,34.296,34.296,34.758,34.642,
32.448,32.564,33.141,33.256,33.141,33.256,33.603,33.718,33.949,34.18,33.949,34.065,33.718,33.718,33.025,33.025,33.372,33.487,34.296,33.603,34.296,34.065,34.758,34.642,
32.448,32.91,33.141,33.256,33.141,33.256,33.487,33.603,33.834,34.065,33.949,34.065,33.949,34.18,32.91,32.91,33.487,33.603,34.411,33.603,34.296,34.065,34.758,34.642,
32.564,33.372,33.372,33.603,33.603,33.603,33.718,33.834,33.834,34.065,33.949,34.065,33.603,33.603,33.025,32.91,33.487,33.603,34.411,34.065,34.758,34.527,35.566,35.45,
32.794,33.372,33.372,33.834,33.834,33.603,33.718,33.949,33.949,34.18,34.065,34.18,33.834,33.718,33.025,32.91,33.487,33.603,34.411,34.065,34.758,34.527,35.566,35.45,
32.91,33.487,33.603,33.949,33.949,33.718,33.834,33.949,33.949,34.18,34.296,34.411,33.834,33.718,33.025,32.91,33.487,33.603,34.18,33.834,34.758,34.527,35.566,35.45,
33.256,33.718,33.834,33.949,33.949,33.834,33.949,34.065,34.065,34.411,34.18,34.296,33.718,33.487,32.91,32.794,33.256,33.372,33.603,33.256,34.18,34.18,35.219,35.104,
33.834,34.18,34.18,34.18,34.18,34.065,34.296,34.296,34.411,34.642,34.296,34.296,33.718,33.487,32.91,32.794,33.025,33.141,33.372,33.025,33.949,33.949,34.988,34.873,
33.834,34.296,34.18,34.18,34.18,34.18,34.296,34.642,34.758,34.988,34.296,34.296,33.718,33.487,33.025,32.794,33.025,33.141,33.372,33.025,33.949,33.949,34.988,34.873,
34.065,34.18,34.18,34.18,34.18,34.18,34.296,34.642,34.988,35.219,34.642,34.296,33.718,33.487,33.025,32.794,33.025,33.141,33.372,33.025,33.949,33.949,34.988,34.873,
34.758,35.104,34.527,34.527,34.411,34.18,34.296,34.642,34.988,35.219,34.642,34.296,34.18,33.949,33.487,33.256,33.487,33.603,33.949,33.718,34.527,34.527,35.566,35.45,
34.411,34.758,33.834,33.834,33.372,33.141,33.256,33.603,34.065,34.296,33.718,33.603,34.18,33.372,33.487,33.256,33.256,33.372,33.718,33.487,34.065,34.065,35.104,34.988,
34.527,34.758,34.065,34.065,33.603,33.718,33.949,34.18,34.411,34.642,34.065,33.949,34.527,33.718,33.487,33.256,33.256,33.372,33.718,33.487,34.065,34.065,34.527,34.411,
34.296,35.104,34.411,33.949,33.834,34.065,34.411,34.642,34.873,35.104,34.527,34.411,34.988,34.18,33.949,33.256,33.256,33.372,33.834,33.487,34.065,34.065,34.527,34.411,
34.296,34.527,34.065,33.603,33.603,33.949,34.18,34.527,34.642,34.642,34.527,34.411,34.988,34.18,33.949,33.256,33.256,33.372,33.834,33.487,34.065,34.065,34.527,34.411,
34.758,34.527,33.834,33.372,33.372,33.487,33.718,34.18,34.527,34.527,34.411,34.296,35.104,34.296,34.065,33.372,33.372,33.487,33.949,33.603,34.18,34.18,34.642,34.527,
34.411,34.411,33.949,33.487,33.487,33.603,33.834,34.296,34.642,34.642,34.527,34.411,35.219,34.411,34.18,33.372,33.372,33.487,33.949,33.603,34.18,34.18,34.642,34.527,
34.642,34.411,33.949,33.487,33.487,33.603,33.834,34.296,34.642,34.642,34.527,34.411,35.219,34.411,34.18,33.372,33.372,33.487,33.718,33.372,34.18,34.18,34.642,34.527,
34.873,34.758,34.065,33.603,33.834,33.949,34.065,34.527,35.104,35.104,34.988,34.873,35.335,34.527,34.296,33.487,33.487,33.603,33.718,33.372,34.18,34.18,34.642,34.527,
34.988,34.758,34.18,33.603,33.834,33.949,33.834,34.296,34.873,34.873,34.988,35.104,35.566,34.758,34.527,33.718,33.718,33.603,33.718,33.372,34.18,34.18,34.642,34.527,
35.219,34.758,34.296,33.949,34.065,33.834,33.718,34.18,34.988,34.988,35.219,35.219,35.681,34.873,34.065,33.603,33.603,33.603,33.718,33.372,34.18,34.411,34.873,34.758,
35.219,34.988,34.642,34.296,34.18,34.065,34.18,34.642,34.988,34.988,35.219,35.219,34.527,34.873,34.065,33.603,33.603,33.603,33.718,33.372,34.18,34.411,34.873,34.758,
34.988,35.104,34.758,34.527,34.18,33.949,33.949,34.411,34.758,34.758,34.988,34.988,34.527,34.988,34.18,33.718,33.718,33.718,33.718,33.256,33.949,33.834,34.296,34.296,
35.104,35.797,35.566,35.335,34.758,34.527,34.527,34.642,34.642,34.642,34.873,34.873,34.873,34.873,34.527,34.065,34.065,34.065,34.065,33.141,33.603,33.256,34.065,33.949,
35.681,35.797,35.219,34.758,34.758,34.988,34.988,35.104,35.104,35.104,35.335,35.335,35.335,35.335,34.988,34.527,34.527,34.527,34.527,33.603,34.065,33.718,34.642,33.834,
35.335,35.45,35.219,34.988,34.642,34.988,34.988,35.104,35.104,35.104,35.335,35.335,35.335,34.642,34.642,34.642,34.642,34.642,34.642,33.718,33.718,33.487,33.256,32.217,
34.758,34.873,34.527,34.296,33.487,33.718,33.718,33.718,33.718,33.718,33.718,33.718,33.718,33.025,33.025,33.025,33.025,33.025,33.025,32.794,32.794,32.448,32.217,32.217,
32.91,33.025,33.025,33.025,32.91,33.025,33.025,33.025,33.025,33.025,33.025,33.025,33.025,33.025,33.025,33.025,33.025,33.025,33.025,33.141,33.141,32.794,32.333,32.333,
32.333,32.333,32.333,32.333,32.217,32.217,32.217,32.217,32.217,32.217,32.217,32.217,32.217,32.217,32.217,32.217,32.217,32.217,32.217,32.333,32.333,32.333,32.333,32.333,
32.333,32.333,32.333,32.333,32.333,32.333,32.333,32.333,32.333,32.333,32.333,32.333,32.333,32.333,32.333,32.333,32.333,32.333,32.333,32.333,32.333,32.333,32.333,32.333,
32.333,32.333,32.333,32.333,32.333,32.333,32.333,32.333,32.333,32.333,32.333,32.333,32.333,32.333,32.333,32.333,32.333,32.333,32.333,32.333,32.333,32.333,32.333,32.333,
32.333,32.333,32.333,32.333,32.333,32.333,32.333,32.333,32.333,32.333,32.333,32.333,32.333,32.333,32.333,32.333,32.333,32.333,32.333,32.333,32.333,32.333,32.333,32.333,
32.333,32.333,32.333,32.333,32.333,32.333,32.333,32.333,32.333,32.333,32.333,32.333,32.333,32.333,32.333,32.333,32.333,32.333,32.333,32.333,32.333,32.333,32.333,32.333,

24.669,27.196,28.52,28.4,29.603,27.677,28.64,27.798,28.159,27.437,27.677,27.798,28.761,27.677,27.557,26.955,27.437,26.113,26.354,26.955,26.955,27.196,27.316,27.557,
24.669,27.196,28.52,28.4,29.603,27.798,28.64,27.798,28.52,27.437,27.677,27.798,28.761,27.677,27.557,26.955,27.437,26.113,26.354,26.955,26.955,27.196,27.316,27.557,
24.91,27.196,28.52,28.4,29.603,27.798,28.64,27.798,28.52,27.316,27.798,28.039,28.881,27.677,27.557,26.955,27.437,26.113,26.354,26.955,26.955,27.196,27.316,27.557,
24.91,27.076,28.52,28.52,29.603,27.798,28.64,28.039,28.52,27.557,27.798,28.039,29.122,27.918,27.798,27.196,27.677,26.354,26.594,26.955,26.955,27.196,27.316,27.557,
24.91,27.076,28.64,28.64,29.844,28.279,29.001,28.4,28.881,27.798,27.918,28.039,29.122,27.918,27.798,27.196,27.677,26.354,26.594,26.955,26.955,27.196,27.316,27.557,
24.91,27.076,28.64,28.4,29.844,28.279,28.881,28.159,28.761,28.039,27.677,27.918,29.001,28.039,27.918,27.316,27.798,26.474,26.715,27.076,27.076,27.316,27.316,27.557,
24.91,27.076,28.4,28.159,29.603,28.039,28.761,28.039,28.761,28.159,27.798,28.039,29.122,28.279,28.159,27.557,27.918,26.474,26.835,27.196,27.196,27.437,27.437,27.798,
24.91,27.076,28.279,28.159,29.483,28.039,28.761,28.039,28.761,28.159,27.798,28.039,29.122,28.761,28.64,28.039,28.4,26.955,27.316,27.677,27.677,27.918,27.918,28.279,
24.91,27.076,28.279,28.159,29.483,28.039,28.64,27.918,28.761,28.4,27.798,28.039,29.122,28.761,28.64,28.039,28.4,26.955,27.316,27.677,27.677,27.918,27.918,28.279,
24.91,27.196,28.52,28.52,29.723,28.279,28.64,28.039,28.52,28.159,28.159,28.039,29.122,28.761,28.64,28.039,28.4,26.955,27.316,27.677,27.677,27.918,27.918,28.279,
25.03,27.196,28.64,28.64,29.844,28.279,28.64,28.039,28.52,28.279,28.279,28.039,29.242,28.881,28.761,28.279,28.64,27.196,27.557,27.798,27.677,27.918,27.918,28.279,
25.03,27.196,28.64,28.64,29.844,28.279,28.881,28.52,28.64,28.4,28.279,28.039,29.242,28.881,28.881,28.4,28.761,27.316,27.677,27.918,27.798,27.918,27.918,28.279,
25.271,27.437,28.881,29.242,29.603,28.039,28.761,28.4,28.52,28.279,28.52,28.159,29.362,29.001,29.242,28.761,29.122,27.557,27.918,28.159,28.039,28.159,28.159,28.52,
25.271,27.557,29.242,29.122,29.723,27.918,28.64,28.279,28.4,28.159,28.52,28.159,29.242,29.242,29.242,28.761,29.122,27.557,27.918,28.159,28.039,28.159,28.159,28.52,
25.15,27.437,29.242,29.122,29.723,28.039,28.761,28.4,28.52,28.159,28.52,28.279,29.242,29.242,29.242,28.761,29.122,27.557,27.918,28.159,28.039,28.159,28.159,28.52,
25.15,27.437,29.242,29.122,29.723,28.039,28.761,28.279,28.279,28.159,28.279,28.039,29.001,29.001,29.242,28.761,29.122,27.557,27.918,28.159,28.039,28.159,28.159,28.52,
25.03,27.437,29.242,29.122,29.964,28.039,28.761,28.279,28.279,28.039,28.159,27.918,29.001,29.001,29.242,28.761,29.122,27.557,27.918,28.159,28.039,28.159,28.159,28.52,
25.15,27.437,29.242,29.122,29.844,28.039,28.881,28.64,28.64,28.279,28.761,28.52,29.362,29.001,29.483,29.122,29.362,27.798,28.159,28.4,28.279,28.279,28.279,28.4,
25.391,27.557,29.242,29.122,29.723,28.159,29.001,28.64,28.64,28.279,28.761,28.52,29.362,29.122,29.603,29.242,29.483,27.798,28.159,28.4,28.279,28.279,28.279,28.4,
25.271,27.557,29.242,29.122,29.723,28.279,29.001,28.52,28.64,27.918,28.4,28.52,29.362,29.001,29.362,28.881,29.362,27.798,28.159,28.4,28.279,28.279,28.279,28.4,
25.271,27.557,29.603,29.001,29.844,28.039,28.881,28.4,28.52,27.798,28.279,28.52,29.362,29.001,29.362,28.881,29.362,27.918,28.279,28.52,28.4,28.4,28.4,28.279,
25.271,27.437,29.362,28.881,29.723,28.039,28.881,28.4,28.52,28.4,28.64,28.52,29.362,29.001,29.362,28.881,29.362,27.918,28.279,28.52,28.4,28.4,28.4,28.279,
25.271,27.196,29.242,28.881,29.483,27.798,28.881,28.64,28.761,28.761,29.001,29.001,29.603,29.362,29.483,29.001,29.483,28.039,28.4,28.64,28.52,28.52,28.52,28.52,
25.271,27.196,29.362,29.001,29.964,28.279,29.001,28.761,28.881,28.881,29.122,29.242,29.844,29.603,29.723,29.242,29.723,28.279,28.64,28.761,28.64,28.64,28.64,28.64,
25.15,27.798,29.242,29.242,30.325,28.881,29.603,28.881,28.881,28.52,28.761,29.001,29.603,29.362,29.483,29.001,29.242,27.798,27.918,28.039,28.159,27.918,27.918,27.918,
24.669,27.677,29.242,28.761,29.964,29.001,29.723,29.001,29.001,28.64,28.881,29.122,29.603,29.362,29.483,29.001,29.242,27.798,27.918,28.039,28.159,27.918,27.918,27.918,
24.669,27.677,29.362,28.881,29.844,29.001,29.483,28.761,29.242,28.761,29.001,29.122,29.603,29.362,29.483,29.001,29.242,27.798,27.918,28.039,28.159,27.918,27.918,27.918,
24.91,27.918,29.483,29.122,29.603,29.122,29.603,29.001,29.483,29.001,29.242,29.362,29.723,29.603,29.483,29.001,29.242,27.798,27.918,28.039,28.159,27.918,27.918,27.918,
24.789,28.279,29.001,28.64,29.483,28.881,29.362,28.761,29.242,29.001,29.242,29.483,29.844,29.603,29.723,29.242,29.483,28.039,28.159,28.279,28.4,28.159,28.159,28.159,
25.03,28.279,28.881,29.001,29.964,29.483,29.603,29.483,29.603,29.122,29.242,29.483,29.844,29.603,29.723,29.242,29.483,28.039,28.159,28.279,28.279,28.039,28.039,28.039,
25.632,28.159,28.761,28.64,30.205,29.362,29.603,29.242,29.603,29.362,29.122,29.362,29.723,29.483,29.603,29.122,29.362,27.918,28.039,28.159,28.159,27.918,27.918,27.918,
25.752,28.4,29.001,28.52,30.686,29.603,29.723,29.242,29.603,29.603,29.242,29.483,29.001,28.761,28.761,28.159,28.4,27.798,27.918,28.039,28.039,27.798,27.798,27.798,
25.632,28.279,28.881,28.761,30.806,29.844,29.483,29.122,29.964,29.603,29.603,29.844,29.001,28.761,28.761,28.159,28.4,27.798,27.918,28.039,28.039,27.798,27.798,27.798,
26.474,28.64,29.362,28.761,30.566,30.084,30.325,29.964,29.964,29.603,29.603,29.723,28.881,28.761,28.761,28.159,28.4,27.798,27.918,28.039,28.039,27.798,27.798,27.798,
27.076,28.52,29.603,29.362,30.927,30.686,30.566,29.964,29.964,29.603,29.603,29.723,28.881,28.881,28.881,28.039,28.279,27.557,27.918,28.159,28.159,27.918,27.918,27.918,
26.835,28.52,29.603,29.723,30.806,30.445,30.205,29.964,29.964,29.603,29.603,29.723,28.881,28.881,28.881,28.039,28.039,27.316,27.677,27.918,27.918,27.918,27.918,27.918,
27.316,28.761,29.964,29.964,30.927,30.566,30.325,30.084,30.084,29.723,29.603,29.723,28.881,28.881,28.881,28.039,28.039,27.316,27.677,27.918,27.918,27.918,27.918,27.918,
27.437,28.52,29.603,29.964,30.806,30.445,30.325,30.084,29.964,29.603,29.483,29.603,28.761,28.761,28.881,28.039,28.039,27.316,27.677,27.918,27.918,27.918,27.918,27.918,
27.677,28.761,29.723,30.205,30.686,30.325,30.445,30.084,29.964,29.603,29.483,29.603,28.761,28.761,28.881,28.039,28.039,27.316,27.677,27.918,27.918,27.918,27.918,27.918,
28.4,28.761,29.723,30.205,30.566,30.205,30.325,29.964,29.844,29.603,29.483,29.603,28.761,28.761,28.881,28.039,28.039,27.316,27.677,27.918,27.918,27.918,27.918,27.918,
28.4,28.881,29.483,30.084,30.445,30.084,30.205,29.964,29.844,29.603,29.483,29.603,28.761,28.761,29.483,28.64,28.761,27.437,27.798,27.918,28.881,28.881,28.881,28.881,
28.52,28.881,29.603,30.205,30.325,30.084,29.603,29.483,29.362,29.122,29.001,29.001,28.761,28.761,29.483,28.64,28.761,27.677,28.039,28.159,28.881,28.881,28.881,28.881,
28.4,29.001,29.603,30.205,30.325,30.205,29.723,29.603,29.483,29.242,29.122,29.122,29.362,29.362,29.483,28.64,28.761,28.4,28.761,28.881,28.881,28.881,28.881,28.881,
28.64,29.122,29.844,30.205,30.445,30.325,29.844,29.362,29.122,29.001,28.881,28.881,29.242,29.483,29.603,28.761,28.881,28.52,28.52,28.52,28.52,28.52,28.52,28.52,
28.881,29.242,29.723,30.084,30.325,30.566,29.723,29.242,28.881,29.483,28.761,28.761,29.242,29.483,29.603,28.761,28.761,28.4,28.52,28.52,28.52,28.52,28.52,28.52,
29.362,29.723,29.723,30.084,30.084,30.686,30.566,30.084,29.723,29.723,29.242,29.242,29.723,29.964,30.084,29.242,28.881,28.52,28.52,28.52,28.52,28.52,28.52,28.52,
29.723,29.242,29.362,29.723,29.723,30.445,30.566,29.723,29.483,29.483,29.483,29.483,29.483,29.483,29.603,28.761,28.4,28.039,28.039,28.039,28.039,28.039,28.039,28.039,
28.279,27.918,28.039,29.483,29.603,29.723,29.964,29.483,29.483,29.483,29.483,29.483,29.483,29.483,29.483,28.64,28.4,28.039,28.039,28.039,28.039,28.039,28.039,28.039,
28.64,28.52,29.001,28.64,28.761,28.761,28.761,28.279,28.4,28.881,28.881,28.881,29.242,29.242,29.242,28.4,28.159,27.798,27.798,27.798,27.798,27.798,27.798,27.798,
28.159,28.039,28.039,28.4,28.4,28.4,28.4,27.798,27.918,27.918,27.918,27.918,27.918,27.918,27.918,27.918,27.677,27.798,27.798,27.798,27.798,27.798,27.798,27.798,

26.963,27.704,26.963,27.852,28.0,28.444,27.704,29.778,30.37,29.185,29.333,29.481,29.778,29.926,30.815,30.815,30.815,32.593,33.185,33.333,33.037,32.593,33.778,33.185,
26.963,27.704,26.963,27.852,28.0,28.444,27.704,29.778,30.37,29.185,29.333,29.481,29.778,29.926,30.815,30.815,30.815,32.593,33.185,33.333,33.037,32.593,33.778,33.185,
26.963,27.704,26.963,27.852,28.0,28.444,27.704,29.778,30.37,29.185,29.333,29.481,29.778,29.926,30.815,30.815,30.815,32.593,33.185,33.333,33.037,32.593,33.778,33.185,
26.963,27.704,27.111,27.852,28.0,28.444,27.704,29.778,30.37,29.037,29.185,29.333,29.63,29.778,30.667,30.667,30.667,32.444,33.037,33.185,32.889,32.444,33.778,33.185,
26.963,27.704,26.963,28.296,28.889,29.333,28.148,30.074,30.815,29.63,29.333,29.185,29.63,29.778,30.667,30.667,30.667,32.444,33.037,33.185,32.889,32.444,33.778,33.185,
27.407,27.852,26.963,28.296,28.889,29.333,28.0,29.481,30.37,29.63,29.333,29.185,29.926,30.074,30.963,30.963,30.963,32.148,32.444,32.593,32.593,32.444,33.778,33.185,
27.407,27.852,27.259,28.444,29.037,29.037,27.852,29.481,30.222,29.481,29.185,29.037,29.778,29.926,30.519,30.815,30.963,32.148,32.444,32.593,32.593,32.444,33.778,33.185,
27.259,27.852,27.259,28.148,29.185,29.037,27.556,29.185,30.074,29.481,29.185,29.037,29.778,29.926,30.519,30.815,30.963,32.148,32.444,32.593,32.593,32.444,33.63,33.037,
26.963,27.704,27.259,28.148,29.185,28.444,27.556,29.481,30.37,29.481,29.185,29.185,29.778,29.926,30.519,30.815,30.963,32.148,32.444,32.593,32.593,32.444,33.63,33.037,
26.963,27.704,27.111,28.148,29.185,28.148,27.556,29.481,30.37,29.481,29.185,29.185,29.778,29.926,30.519,30.815,30.963,32.148,32.444,32.593,32.593,32.444,33.037,32.593,
26.815,27.704,27.111,28.593,29.333,28.296,27.704,29.63,30.37,29.481,29.185,29.185,29.778,29.926,30.519,30.815,30.963,32.148,32.444,32.593,32.593,32.444,32.889,32.444,
26.222,28.0,27.111,28.593,29.333,28.444,27.704,29.63,30.37,29.333,29.333,29.333,29.926,30.37,30.963,30.963,31.259,32.444,32.444,32.593,32.593,32.444,32.889,32.444,
26.519,26.963,26.667,28.296,29.333,28.444,27.852,29.333,29.926,29.185,29.185,29.333,29.926,30.37,30.963,30.963,31.259,32.444,32.148,32.296,32.296,32.148,32.889,32.444,
26.815,27.852,27.111,28.889,29.926,29.037,28.148,29.778,30.37,29.481,29.185,29.333,29.926,30.37,30.963,30.963,31.259,32.444,32.148,32.296,32.296,32.148,32.889,32.444,
26.667,27.852,27.556,29.333,29.778,30.074,29.333,30.667,31.111,30.222,29.926,29.333,29.926,30.37,30.963,30.963,31.259,32.444,32.148,32.296,32.296,32.148,32.889,32.444,
26.519,27.852,27.407,28.593,29.333,30.074,29.333,30.667,31.111,30.222,29.926,29.333,29.926,30.37,30.963,30.963,30.815,32.0,32.148,32.296,32.296,32.148,32.889,32.444,
27.111,28.148,28.148,29.481,29.481,30.222,29.333,30.519,30.963,30.222,29.926,29.333,29.481,29.926,30.963,30.963,30.815,32.0,32.0,32.148,32.148,32.296,32.889,32.444,
27.111,28.444,28.148,29.333,29.481,30.074,29.185,30.37,30.815,30.222,29.926,29.333,29.481,29.926,30.667,30.667,30.815,32.0,32.0,32.148,32.148,32.444,32.889,32.444,
27.259,28.889,28.593,29.481,29.63,30.074,29.333,30.519,30.815,30.074,29.778,29.333,29.481,29.926,30.667,30.667,30.815,32.0,32.0,32.148,32.148,32.444,32.889,32.444,
27.556,28.593,28.741,29.481,29.333,29.778,29.185,29.481,29.926,29.333,29.926,29.481,29.481,29.926,30.667,30.667,30.815,31.111,31.111,31.259,31.259,31.556,32.0,31.556,
27.852,28.889,29.185,29.63,29.481,29.778,28.593,28.889,29.333,29.481,29.926,29.63,29.63,30.074,30.815,30.815,30.519,30.815,31.259,31.407,31.407,31.704,32.148,31.704,
28.148,29.037,28.889,29.63,29.037,29.333,28.593,28.889,29.481,29.481,30.074,29.63,29.63,30.074,30.815,30.815,30.222,30.815,31.259,31.407,31.407,31.704,32.148,31.704,
28.148,29.037,28.741,29.185,29.63,29.481,29.037,29.037,29.481,29.481,30.074,29.63,29.63,30.074,30.815,30.074,30.222,30.815,31.259,31.407,31.407,31.704,32.148,31.704,
27.852,29.481,29.037,28.444,29.481,29.481,29.037,29.185,29.481,29.63,29.63,30.074,30.074,30.519,30.963,30.222,30.37,30.963,31.407,31.556,31.556,31.852,32.296,31.852,
27.852,29.481,29.037,28.444,29.926,29.926,29.63,29.778,30.37,30.815,30.815,30.37,30.519,30.519,30.815,30.815,31.111,31.704,32.0,32.148,32.148,32.444,32.889,32.444,
28.0,29.333,28.889,28.296,29.926,29.778,29.778,30.074,30.37,30.963,30.815,30.37,30.519,30.519,30.815,30.815,31.111,31.704,32.0,32.148,32.148,32.444,32.889,32.444,
28.296,29.778,29.333,28.444,30.074,30.222,30.074,30.074,30.519,30.815,30.815,30.667,30.815,30.815,31.111,31.111,31.407,32.0,32.296,32.444,32.444,32.741,32.889,32.444,
28.444,29.333,29.185,28.444,30.222,30.37,30.222,30.222,30.519,30.815,30.815,30.667,30.815,30.815,31.111,31.259,31.556,32.148,32.444,32.593,32.593,32.741,32.889,32.444,
28.741,29.333,29.037,29.333,30.074,30.37,30.222,30.37,30.519,30.815,30.815,30.667,30.815,30.815,31.111,31.259,31.556,32.148,32.444,32.593,32.593,32.741,32.889,32.444,
29.333,29.481,29.037,29.333,30.37,30.667,30.519,30.519,30.667,30.963,30.963,30.519,30.667,30.667,30.963,31.111,31.407,32.148,32.444,32.593,32.593,32.741,32.889,32.444,
29.481,29.63,29.333,29.63,30.37,30.667,30.963,30.815,30.963,31.259,31.259,30.815,30.963,30.963,31.259,31.407,31.704,32.444,32.741,32.889,32.889,33.037,33.185,32.741,
29.481,29.63,29.333,29.63,30.074,29.481,30.963,30.815,30.963,31.259,31.259,30.815,30.963,30.963,31.259,31.407,31.704,32.444,32.741,32.889,32.889,33.037,33.185,32.741,
29.778,29.926,30.074,29.778,30.519,29.926,31.259,30.815,30.963,31.259,31.259,31.111,30.963,30.963,31.259,31.407,31.704,32.0,32.296,32.444,32.444,32.593,32.741,32.741,
30.074,30.074,30.222,29.926,30.667,30.074,31.407,30.963,30.963,31.259,31.259,31.111,30.963,30.963,31.407,31.556,31.704,32.0,32.296,32.444,32.444,32.593,32.741,32.741,
29.926,29.778,30.519,30.519,31.111,30.519,30.963,31.259,31.259,31.407,31.407,31.407,31.259,31.259,31.556,31.704,31.852,32.148,32.444,32.444,32.444,32.593,32.741,32.741,
30.37,29.926,30.519,30.222,30.667,30.815,30.963,31.407,31.407,31.556,31.556,31.556,31.407,31.407,31.704,31.852,31.852,32.296,32.741,32.741,32.741,32.741,32.741,32.741,
30.519,30.074,30.667,30.519,30.963,31.111,30.963,31.407,31.407,31.704,31.704,31.704,31.556,31.556,31.704,31.852,31.852,32.296,32.741,32.741,32.741,32.741,32.741,32.741,
30.667,30.222,30.519,30.519,30.963,31.111,30.963,31.407,30.37,31.111,31.111,30.963,30.815,30.815,30.815,30.963,30.963,30.667,31.111,31.111,31.111,31.111,30.963,30.963,
31.111,30.815,30.963,30.963,31.407,30.519,29.778,28.889,28.889,29.63,29.63,29.63,29.481,29.481,29.481,29.63,29.63,30.074,29.778,29.778,29.778,29.778,29.778,29.778,
31.111,30.815,29.926,29.778,29.778,29.926,29.481,28.741,28.741,29.185,29.185,29.185,29.037,29.037,29.037,29.185,29.185,29.185,29.63,29.63,29.63,29.63,29.63,29.63,
30.667,29.481,29.778,29.63,28.889,28.889,28.889,28.741,28.889,29.185,29.185,29.185,29.037,29.037,29.037,28.889,28.889,28.889,29.333,29.333,29.333,29.333,29.333,29.333,
29.926,28.889,29.037,29.333,29.333,29.037,29.63,29.926,29.926,29.926,29.926,29.926,29.926,29.926,29.926,29.926,29.926,29.926,29.926,29.926,29.926,29.926,29.926,29.926,
29.037,29.185,29.333,29.333,29.333,29.333,29.926,29.926,29.926,29.926,29.926,29.926,29.926,29.926,29.926,29.926,29.926,29.926,29.926,29.926,29.926,29.926,29.926,29.926,
29.333,29.926,29.926,29.926,29.926,29.926,29.926,29.926,29.926,29.926,29.926,29.926,29.926,29.926,29.926,29.926,29.926,29.926,29.926,29.926,29.926,29.926,29.926,29.926,
29.926,29.926,29.926,29.926,29.926,29.926,29.926,29.926,29.926,29.926,29.926,29.926,29.926,29.926,29.926,29.926,29.926,29.926,29.926,29.926,29.926,29.926,29.926,29.926,
29.926,29.926,29.926,29.926,29.926,29.926,29.926,29.926,29.926,29.926,29.926,29.926,29.926,29.926,29.926,29.926,29.926,29.926,29.926,29.926,29.926,29.926,29.926,29.926,
29.926,29.926,29.926,29.926,29.926,29.926,29.926,29.926,29.926,29.926,29.926,29.926,29.926,29.926,29.926,29.926,29.926,29.926,29.926,29.926,29.926,29.926,29.926,29.926,
29.926,29.926,29.926,29.926,29.926,29.926,29.926,29.926,29.926,29.926,29.926,29.926,29.926,29.926,29.926,29.926,29.926,29.926,29.926,29.926,29.926,29.926,29.926,29.926,
29.926,29.926,29.926,29.926,29.926,29.926,29.926,29.926,29.926,29.926,29.926,29.926,29.926,29.926,29.926,29.926,29.926,29.926,29.926,29.926,29.926,29.926,29.926,29.926,
29.926,29.926,29.926,29.926,29.926,29.926,29.926,29.926,29.926,29.926,29.926,29.926,29.926,29.926,29.926,29.926,29.926,29.926,29.926,29.926,29.926,29.926,29.926,29.926,

