23.41,25.145,24.566,24.277,23.121,23.699,22.254,22.832,20.231,23.41,24.277,23.41,21.965,19.364,19.942,20.231,20.231,21.965,22.543,22.254,21.387,21.965,21.965,21.965,
23.41,25.434,24.277,24.277,23.121,23.699,22.254,22.832,20.231,23.41,24.277,23.41,21.965,19.364,19.942,20.231,20.231,21.965,22.543,22.254,21.387,21.965,21.965,21.965,
23.41,25.434,24.277,23.988,22.832,23.699,22.254,22.832,20.231,23.41,24.277,23.41,21.965,19.364,19.942,20.231,20.231,21.965,22.543,22.254,21.387,21.965,21.965,21.965,
23.41,25.145,24.277,23.988,23.41,24.277,22.832,23.41,20.809,23.41,24.277,23.41,21.965,19.364,19.942,20.231,20.231,21.965,22.543,22.254,21.387,21.965,22.254,22.254,
23.41,25.145,24.277,23.988,23.41,24.566,23.121,23.699,20.809,23.41,24.277,23.41,21.965,19.653,20.231,20.52,20.52,21.965,22.543,22.254,21.387,21.965,22.254,22.254,
23.41,25.145,24.277,24.277,23.699,24.566,23.121,23.699,21.098,23.988,24.566,23.41,21.965,19.942,20.52,20.809,20.809,21.965,22.543,22.254,21.387,21.965,22.254,22.254,
23.41,25.145,24.277,24.277,23.699,24.566,23.121,23.699,21.676,24.855,25.434,23.41,21.965,19.942,20.52,20.809,21.387,22.543,22.543,22.254,21.387,21.965,22.254,22.254,
23.121,25.145,24.277,24.277,23.699,24.566,23.121,23.699,21.387,24.566,25.145,23.121,21.676,19.942,20.52,20.809,21.387,22.543,22.543,22.254,21.387,21.965,22.254,22.254,
23.699,25.434,24.566,24.855,24.277,25.145,23.121,23.699,21.965,24.855,25.723,23.699,22.254,20.52,21.098,20.809,21.387,22.543,22.543,22.254,21.387,21.965,22.254,22.254,
23.699,25.723,24.855,25.145,24.277,25.145,23.121,23.699,21.965,24.855,25.723,23.699,22.254,20.52,21.098,20.809,21.965,23.121,22.543,22.254,21.387,21.965,22.254,22.254,
23.699,25.723,24.855,25.434,24.277,25.145,23.121,23.699,21.965,24.855,25.723,23.699,22.254,20.52,21.098,20.809,22.543,23.699,23.121,22.832,21.965,21.965,22.254,22.254,
23.41,25.145,24.566,26.012,24.277,24.855,23.121,23.41,21.965,24.855,25.723,23.699,22.254,20.52,21.098,20.809,22.543,23.699,23.121,23.121,22.254,22.254,22.543,22.543,
23.41,25.145,24.566,26.301,24.566,25.145,23.41,23.699,21.965,24.855,25.723,24.277,22.832,21.098,21.098,20.809,22.543,23.699,23.121,23.121,22.254,22.254,22.543,22.543,
23.121,25.145,24.566,26.301,24.855,25.723,23.988,24.277,23.121,26.012,26.879,25.434,23.988,21.676,21.676,21.387,22.543,23.699,23.121,23.121,22.254,22.254,22.543,22.543,
23.121,25.145,24.855,26.301,24.855,26.012,24.277,24.566,23.41,26.301,27.168,25.723,24.277,21.965,21.965,21.676,22.832,23.699,23.121,23.121,22.254,22.254,22.543,22.543,
23.41,25.145,25.434,26.301,24.855,26.012,24.277,24.566,23.41,26.301,27.168,25.723,24.277,21.965,21.965,21.676,22.832,23.699,23.121,23.121,22.254,22.254,22.543,22.543,
23.41,24.855,25.434,26.012,24.855,26.012,24.277,24.566,23.41,26.301,27.168,25.723,24.277,21.965,21.965,21.676,22.832,23.699,23.121,23.121,22.254,22.254,22.543,22.543,
23.988,25.145,25.723,26.012,24.855,25.723,24.277,24.566,23.41,26.301,27.168,25.723,24.277,21.965,21.965,21.676,22.832,23.699,23.121,23.121,22.254,22.254,22.543,22.543,
23.988,25.723,25.723,26.012,24.855,25.723,24.277,24.566,23.41,26.301,27.168,25.723,24.277,21.965,21.965,21.676,22.832,23.699,23.121,23.121,22.254,22.254,22.543,22.543,
24.277,26.012,25.434,26.59,25.723,26.59,25.434,25.723,23.699,26.59,27.457,26.012,24.566,22.254,22.254,21.965,23.121,23.988,23.41,23.41,22.543,22.543,22.543,22.543,
24.566,25.723,25.723,27.168,26.012,26.59,25.434,25.723,23.41,26.301,27.168,25.723,24.855,22.832,22.832,22.543,23.699,23.988,23.41,23.41,22.543,22.543,22.543,22.543,
24.277,26.012,25.723,27.457,26.59,26.879,25.434,25.723,23.41,26.301,27.168,25.723,24.855,22.832,22.832,22.543,23.699,23.988,23.41,23.41,22.543,22.543,22.543,22.543,
25.145,26.012,25.723,27.746,26.59,26.879,25.434,25.723,23.41,26.301,27.168,25.723,24.855,22.832,22.832,22.543,23.699,23.988,23.41,23.41,22.543,23.121,23.121,23.121,
25.434,26.012,25.723,28.035,26.879,26.879,25.434,25.723,23.41,26.301,27.168,25.723,24.855,22.832,22.832,22.543,23.699,23.988,23.41,23.41,22.543,23.121,23.121,23.121,
25.145,26.301,26.012,28.035,26.879,26.879,25.434,25.723,23.41,26.301,27.168,25.723,24.855,22.832,22.832,22.543,23.699,23.988,23.41,23.41,22.543,23.121,23.121,23.121,
24.855,26.301,26.301,28.035,27.168,26.879,25.434,25.723,23.41,26.301,27.168,25.723,24.855,22.832,22.832,22.543,23.699,23.988,23.41,23.41,22.543,23.121,23.121,23.121,
25.145,26.879,27.457,28.902,27.746,26.59,25.434,25.723,23.699,26.59,27.457,26.301,25.434,23.41,23.41,22.543,23.699,23.988,23.41,23.41,22.543,23.121,23.121,23.121,
26.012,27.457,27.746,28.902,27.746,26.59,25.434,25.723,23.699,26.59,27.457,26.301,25.434,23.41,23.41,22.543,23.699,23.988,23.41,23.41,22.543,23.121,23.121,23.121,
26.301,27.457,27.746,28.902,27.746,26.879,25.723,26.012,23.988,26.59,27.457,26.301,25.434,23.41,23.41,22.543,23.699,23.988,23.41,23.41,22.543,23.121,23.121,23.121,
26.59,27.746,27.746,28.902,27.746,27.457,26.301,26.59,24.277,26.59,27.457,26.301,25.434,23.41,23.41,22.543,23.699,23.988,23.41,23.41,22.543,23.121,23.121,23.121,
26.59,28.035,27.457,28.613,27.746,27.457,26.301,26.59,24.277,26.59,27.457,26.301,25.434,23.41,23.41,22.543,23.699,23.988,23.41,23.41,22.543,23.121,23.121,23.121,
26.879,28.613,28.035,28.902,28.324,27.457,26.301,26.59,24.277,26.59,27.457,26.301,25.434,23.41,23.41,22.543,23.699,23.988,23.41,23.41,22.543,23.121,23.121,23.121,
27.168,29.769,29.191,29.48,28.902,28.035,26.879,26.879,24.566,26.879,27.746,26.59,25.434,23.41,23.41,22.543,23.699,23.988,23.41,23.41,22.543,23.121,23.121,23.121,
27.457,29.769,28.902,29.191,28.324,27.746,26.879,26.59,24.566,26.879,27.746,26.59,25.434,23.41,23.41,22.543,23.699,23.988,23.41,23.41,22.543,23.121,23.121,23.121,
27.746,29.191,28.902,29.191,28.324,27.746,26.879,26.59,24.566,26.879,27.746,26.59,25.434,23.41,23.41,23.41,23.699,23.988,23.41,23.41,22.543,23.121,23.121,23.121,
28.324,29.191,28.902,29.191,28.324,27.746,26.879,26.59,24.566,26.879,27.746,26.59,25.434,23.41,23.41,23.41,23.699,23.988,23.41,23.41,22.543,23.121,23.121,23.121,
28.035,28.902,28.613,28.902,28.035,27.746,26.879,26.59,24.566,26.301,27.168,26.012,24.855,23.41,23.41,23.41,23.699,23.988,23.41,23.41,22.543,23.121,23.121,23.121,
28.035,28.613,28.324,28.613,27.746,27.746,26.879,26.59,24.566,26.301,27.168,26.012,24.855,23.41,23.41,23.41,23.699,23.988,23.41,23.41,22.543,23.121,23.121,23.121,
28.035,28.324,28.035,28.324,27.457,27.168,26.879,26.59,24.566,26.301,27.168,26.012,24.855,23.41,23.41,23.699,23.988,23.988,23.41,23.41,22.543,23.121,23.121,23.121,
28.035,28.324,28.324,28.324,27.457,27.168,26.879,26.59,24.566,26.301,27.168,26.012,24.855,23.41,23.41,23.699,23.988,23.988,23.41,23.41,22.543,23.121,23.121,23.121,
27.746,28.035,28.613,28.324,27.457,27.168,26.879,26.59,24.566,26.301,27.168,26.012,24.855,23.41,23.41,23.699,23.988,23.988,23.41,23.41,22.543,23.121,23.121,23.121,
28.324,28.035,28.324,27.457,27.457,27.168,26.879,26.59,24.855,26.879,27.168,26.012,24.855,23.41,23.41,23.699,23.988,23.988,23.41,23.41,22.543,23.121,23.121,23.121,
27.457,28.035,28.324,27.457,27.457,27.168,26.879,26.59,24.855,26.879,27.168,26.012,24.855,23.41,23.41,23.699,23.988,23.988,23.41,23.41,22.543,23.121,23.121,23.121,
28.613,28.324,28.324,27.457,27.457,27.168,26.879,26.879,24.566,26.879,27.168,25.723,24.566,23.41,23.41,23.699,23.988,23.988,23.41,23.41,22.543,23.121,23.121,23.121,
28.902,28.613,27.457,27.168,27.168,26.879,26.301,26.301,24.855,27.168,27.457,26.012,24.855,23.699,23.699,23.699,23.699,23.699,23.121,23.121,21.676,22.543,22.543,22.543,
28.613,28.613,27.457,27.168,27.168,26.879,26.301,26.301,24.855,27.168,27.168,25.723,24.566,23.699,23.699,23.41,23.41,23.41,23.121,23.121,21.676,22.543,22.543,22.543,
28.035,28.324,27.457,27.168,26.879,26.879,26.301,26.012,24.566,27.168,27.168,25.723,24.566,23.699,23.699,23.41,23.41,23.41,23.121,23.121,21.676,22.543,22.543,22.543,
28.035,28.324,27.457,27.168,26.879,26.879,26.301,26.012,24.855,27.168,27.168,25.723,24.566,23.699,23.699,23.41,23.41,23.41,23.121,23.121,21.676,22.543,22.543,22.543,
27.746,27.746,27.168,26.879,26.59,26.59,26.012,25.723,25.145,26.879,26.879,25.434,24.277,22.832,22.832,22.543,22.543,22.543,22.254,22.254,21.676,22.543,22.543,22.543,
27.746,27.746,27.168,26.879,26.59,26.59,26.012,25.723,25.145,26.301,26.301,24.855,22.832,21.965,21.965,21.965,21.965,21.676,21.387,21.387,21.387,21.965,21.965,21.965,

27.251,27.737,29.197,28.71,27.981,27.981,30.414,29.44,31.144,31.63,31.873,31.873,33.577,32.847,33.09,35.036,35.523,35.766,35.28,34.063,32.603,31.387,30.17,28.224,
26.521,27.737,29.197,28.71,27.981,27.981,30.414,29.44,31.144,31.63,31.873,31.873,33.577,32.847,33.09,35.036,35.523,35.766,35.28,34.063,32.603,31.387,30.17,28.224,
26.521,27.737,28.467,28.71,27.981,27.981,30.414,29.44,31.144,31.63,31.873,31.873,33.577,32.847,33.09,35.036,35.523,35.766,35.28,34.063,32.603,31.387,30.17,28.224,
26.521,27.494,28.954,28.71,27.981,27.737,30.17,29.197,30.9,31.63,31.873,31.873,33.577,32.847,33.09,35.036,35.523,35.766,35.036,33.82,32.603,31.387,30.17,28.224,
26.521,27.494,28.71,28.467,27.494,27.737,30.17,29.197,30.657,31.387,31.63,31.873,33.577,32.847,33.09,35.036,35.28,35.523,34.793,33.82,32.603,31.387,30.17,28.224,
27.251,27.737,28.71,28.467,27.251,27.737,30.17,29.197,30.657,31.387,31.63,31.873,33.577,32.847,33.09,35.036,35.28,35.523,34.793,33.82,32.603,31.387,30.17,28.224,
27.007,27.737,28.224,28.224,27.007,27.494,29.927,29.197,30.414,31.387,31.63,31.873,33.577,32.847,33.09,34.793,35.28,35.523,34.793,33.82,32.603,31.387,30.17,28.224,
27.494,27.737,28.467,28.224,27.007,27.494,29.927,29.197,30.414,31.387,32.36,31.873,33.577,32.847,33.09,34.793,35.28,35.523,34.793,33.82,32.603,31.387,30.17,28.224,
27.251,27.981,28.71,28.467,27.737,28.224,29.927,29.197,30.414,31.387,32.36,31.873,33.577,32.847,33.09,34.55,35.28,35.28,34.55,33.577,32.36,30.9,29.927,28.224,
27.007,28.224,28.954,28.954,27.981,28.71,29.927,29.197,30.414,31.387,32.36,31.873,33.577,32.847,33.09,34.55,35.28,35.28,34.55,33.577,32.36,30.9,29.927,28.224,
26.764,28.224,28.467,28.467,27.981,28.954,29.197,28.467,29.44,30.414,31.387,30.9,33.09,32.36,32.603,34.063,34.793,34.793,34.063,33.09,31.873,30.9,29.927,28.224,
25.791,28.467,28.467,28.467,28.224,29.197,29.44,28.224,28.954,29.927,30.9,30.414,32.847,32.117,32.36,33.09,33.82,33.82,33.09,32.603,31.387,30.9,29.927,28.224,
25.791,27.981,28.467,28.71,28.224,29.44,29.44,28.224,28.954,29.44,30.414,29.927,32.36,31.63,31.873,33.09,33.82,33.82,33.09,32.603,31.387,30.9,29.927,28.224,
26.034,27.981,28.467,28.467,27.981,29.197,29.44,28.467,28.71,29.197,30.17,29.684,32.36,31.144,31.63,33.09,33.82,33.82,33.09,32.603,31.387,30.9,29.927,28.224,
27.251,28.224,28.224,28.71,28.71,29.927,30.17,28.954,28.71,29.197,30.17,29.684,32.36,31.144,31.63,33.09,33.82,33.82,33.09,32.603,31.387,30.9,29.927,28.224,
27.494,27.737,27.981,28.467,28.467,29.684,30.17,28.954,28.71,28.954,29.927,29.44,32.117,30.9,31.387,33.09,33.577,33.577,32.847,32.36,31.144,30.9,29.684,28.224,
27.251,28.467,28.71,28.467,28.71,29.927,30.414,29.197,28.71,28.467,29.44,29.44,32.117,30.9,31.387,33.09,33.577,33.577,32.847,32.36,31.144,30.9,29.684,28.224,
27.981,28.467,28.71,28.467,28.71,29.927,30.414,29.197,28.71,28.467,29.44,29.44,32.117,30.9,31.387,33.09,33.577,33.577,32.847,32.36,31.144,30.9,29.684,28.224,
28.467,28.954,28.954,28.954,28.71,29.927,30.414,29.197,28.954,28.954,29.927,29.927,32.36,31.144,31.63,33.577,33.82,33.82,33.09,32.603,31.144,30.9,29.684,28.224,
28.467,29.684,29.684,29.684,29.684,30.414,30.414,29.197,29.684,29.684,29.927,29.927,32.36,31.144,31.63,33.577,33.82,33.82,33.09,32.603,31.63,31.387,30.17,28.71,
28.467,29.927,29.927,29.927,29.684,30.414,30.657,29.44,29.927,29.684,29.927,29.927,32.603,31.387,31.873,33.82,33.82,33.82,33.09,32.603,31.63,31.387,30.17,28.71,
28.954,29.927,30.17,30.17,29.927,30.414,30.414,29.197,29.44,29.44,29.684,29.684,32.36,31.144,31.144,33.577,33.577,33.577,32.847,32.36,31.387,31.387,30.17,28.71,
28.954,30.414,30.414,30.9,30.657,31.144,30.657,29.197,29.684,29.44,29.684,29.684,32.36,31.144,31.144,33.577,33.577,33.577,32.847,32.36,31.387,31.387,30.17,28.71,
29.927,30.9,30.9,31.144,30.657,31.144,30.657,29.684,30.17,29.927,30.414,30.414,33.09,31.873,31.63,33.577,33.577,33.577,32.847,32.36,31.387,31.387,30.414,28.954,
29.684,30.9,30.9,30.657,30.17,30.657,30.414,29.927,29.197,29.44,29.927,29.927,32.603,31.387,31.63,33.577,33.577,33.577,32.847,32.36,31.387,31.387,30.414,28.954,
30.657,31.387,31.63,31.387,30.657,29.927,30.414,29.927,29.197,29.44,29.927,29.927,32.603,31.387,31.63,33.577,33.577,33.577,32.847,32.603,31.387,31.387,30.414,28.954,
30.657,31.63,32.847,32.117,31.144,29.927,30.414,29.927,29.197,29.44,29.927,29.927,32.603,31.873,31.63,33.577,33.577,33.577,32.847,32.603,31.387,31.387,30.414,28.954,
30.414,32.117,32.847,32.36,31.873,30.414,30.9,29.927,29.197,29.44,29.927,29.927,32.603,31.873,31.63,33.577,33.577,33.577,32.847,32.603,31.387,31.387,30.414,28.954,
30.657,31.873,31.873,31.873,31.873,31.144,31.387,30.17,29.44,29.684,30.17,30.17,32.36,31.63,31.387,33.333,33.333,33.333,32.603,32.36,31.144,31.144,30.17,28.954,
30.657,32.36,32.117,32.117,32.117,31.144,31.387,30.17,29.44,29.684,30.17,30.17,32.36,31.63,31.387,33.333,33.333,33.333,32.603,32.36,31.144,31.144,30.17,28.954,
31.387,33.09,32.847,32.847,32.603,31.63,31.144,29.927,29.197,29.684,30.17,30.17,32.36,31.63,31.387,33.333,33.333,33.333,32.603,32.36,31.144,31.144,30.17,28.954,
32.36,33.82,33.09,33.333,32.847,32.117,31.144,29.927,29.197,29.684,30.17,30.17,32.117,31.63,31.387,33.333,33.333,33.333,32.603,32.36,31.144,31.144,30.17,28.954,
33.09,33.82,33.09,34.55,34.063,33.333,32.36,30.17,29.44,29.927,30.414,30.657,32.603,32.117,31.873,33.333,33.333,33.333,32.603,32.36,31.144,31.144,30.17,28.954,
33.09,34.063,33.09,34.55,34.063,33.333,32.36,30.17,29.44,29.927,30.414,30.657,32.603,32.117,31.873,33.333,33.333,33.333,32.603,32.36,31.873,31.873,30.9,29.684,
33.577,34.063,33.09,34.55,34.307,33.333,32.36,30.17,29.44,29.927,30.414,30.657,32.603,32.117,31.873,33.333,33.333,33.333,32.603,32.36,31.873,31.873,30.9,29.684,
34.063,34.307,33.333,34.793,34.55,33.577,32.603,30.17,29.44,29.927,30.414,30.657,32.603,32.117,31.873,33.333,33.333,33.333,32.603,32.36,31.873,31.873,30.9,29.684,
34.063,33.333,32.847,34.307,34.063,33.09,32.117,29.927,29.197,29.684,30.17,30.414,32.117,31.63,31.387,32.847,32.847,32.847,32.117,31.873,31.387,31.387,30.414,29.684,
34.307,33.333,32.847,34.307,34.063,33.09,32.117,29.927,29.197,29.684,30.17,30.414,32.117,31.63,31.387,32.847,32.847,32.847,32.117,31.873,31.387,31.387,30.414,29.684,
34.063,33.333,32.847,34.307,34.063,33.09,32.117,29.927,29.197,29.684,30.17,30.414,32.117,31.63,31.387,32.847,32.847,32.847,32.117,31.873,31.387,31.387,30.414,29.684,
33.82,33.09,32.847,34.307,34.063,33.09,32.117,29.927,29.44,29.927,30.414,30.657,32.36,31.873,31.387,32.847,32.847,32.847,32.117,31.873,31.387,31.387,30.414,29.684,
33.333,33.09,33.82,34.307,34.063,32.847,32.117,29.927,29.44,29.927,30.414,30.657,32.36,32.117,31.63,33.09,32.847,32.847,32.117,31.873,31.387,31.387,30.414,29.684,
32.603,32.36,33.09,33.577,33.333,32.117,31.387,29.197,28.71,29.197,29.684,29.927,31.63,31.387,30.9,32.36,32.117,32.117,31.387,31.144,31.144,31.144,30.414,29.684,
31.873,31.63,31.63,32.117,31.873,31.387,30.657,29.197,28.71,29.197,29.684,29.927,31.63,31.387,30.9,32.36,32.117,32.117,31.387,31.144,31.144,31.144,30.414,29.684,
31.63,31.387,31.144,31.144,31.144,30.414,30.414,29.197,28.71,29.197,29.684,29.927,31.144,30.9,30.414,31.873,31.63,31.63,30.9,30.657,30.657,30.657,29.927,29.684,
32.117,31.873,31.63,31.63,31.63,30.9,30.9,29.684,29.684,29.684,30.17,30.414,31.63,30.9,30.9,32.36,32.117,32.117,31.387,31.144,30.657,30.657,29.927,29.684,
31.873,31.873,31.873,31.873,31.873,31.144,31.144,29.927,29.927,29.927,30.17,30.414,31.63,30.9,31.144,32.36,31.873,31.873,31.144,30.9,30.414,30.414,29.684,29.684,
31.873,31.63,31.63,31.63,31.63,30.9,30.9,29.684,29.684,29.684,29.927,30.17,31.387,30.657,30.9,32.117,31.63,31.63,30.9,30.657,30.414,30.414,29.684,29.684,
30.9,30.9,30.9,30.9,30.9,30.9,30.9,29.684,29.684,29.684,29.927,30.17,31.387,30.657,30.657,31.873,31.387,31.387,30.657,30.414,30.17,30.17,29.684,29.684,
30.17,30.17,30.17,30.17,30.414,30.657,30.414,29.684,29.684,29.684,29.927,30.17,30.17,29.927,29.927,30.657,30.17,30.17,30.17,29.927,29.684,29.684,29.684,29.684,
29.684,29.684,29.684,29.684,29.927,29.927,29.927,29.684,29.684,29.684,29.927,30.17,30.17,29.927,29.927,30.657,30.17,30.17,30.17,29.927,29.684,29.684,29.684,29.684,

46.763,47.002,47.962,47.002,48.441,46.283,47.482,47.722,46.283,46.523,47.962,47.962,47.962,47.962,48.201,48.201,47.002,47.722,47.962,48.201,48.201,49.64,49.64,49.64,
46.763,47.002,48.201,47.002,48.441,46.283,47.482,47.722,46.283,46.523,47.962,47.962,47.962,47.962,48.201,48.201,47.002,47.722,47.962,48.201,48.201,49.64,49.64,49.64,
47.002,47.002,47.962,47.002,48.441,46.043,47.242,47.482,46.283,46.523,47.962,47.962,47.962,47.962,48.201,48.201,47.002,47.722,47.962,48.201,48.201,49.64,49.64,49.64,
46.763,47.002,47.962,47.002,48.441,46.043,47.242,47.482,46.283,46.283,47.722,47.722,47.722,47.722,47.962,47.962,47.242,47.482,47.962,48.201,48.201,49.64,49.64,49.64,
46.763,46.283,47.722,46.763,48.441,45.803,46.763,47.002,45.803,45.803,47.242,47.242,47.242,47.242,47.482,47.722,47.242,47.242,47.722,48.201,48.201,49.64,49.64,49.64,
47.962,46.043,47.962,47.482,48.441,45.803,46.763,47.002,45.803,45.803,47.242,47.242,47.242,47.242,47.482,47.722,47.242,47.242,47.722,48.201,48.201,49.64,49.64,49.64,
47.722,45.564,47.242,47.482,48.441,45.564,46.763,47.002,45.803,45.803,47.242,47.242,47.242,47.242,47.482,47.722,47.242,47.242,47.722,48.201,48.201,49.64,49.64,49.64,
47.962,45.564,46.523,47.242,47.962,45.564,46.763,47.002,45.803,45.803,47.242,47.242,47.242,47.242,47.482,47.722,47.242,47.242,47.722,48.201,48.201,49.64,49.64,49.64,
47.722,45.803,47.002,47.242,47.962,45.564,46.763,47.002,45.803,45.803,47.242,47.242,47.242,47.242,47.482,47.722,47.242,47.242,47.722,48.201,48.201,49.64,49.4,49.4,
48.201,46.283,47.242,47.242,47.722,46.043,46.763,47.002,46.043,46.043,47.482,47.482,47.482,47.482,47.722,47.962,47.482,47.482,47.722,48.201,48.201,49.64,49.4,49.4,
48.201,46.283,47.242,47.242,47.962,46.283,47.002,47.242,46.283,47.002,47.482,47.482,47.482,47.482,47.722,47.962,47.482,47.482,47.722,48.201,48.201,49.64,49.4,49.4,
48.201,46.283,47.482,47.962,48.441,46.523,47.242,47.242,46.283,47.002,47.482,47.482,47.482,47.482,47.722,47.962,47.482,47.482,47.722,48.201,48.201,49.64,49.4,49.4,
47.482,46.043,47.242,47.482,48.201,47.002,47.482,47.482,46.283,47.242,47.962,47.962,47.962,47.962,48.201,48.441,47.962,47.962,48.201,48.201,48.201,49.64,49.4,49.4,
47.482,46.283,47.242,47.962,48.201,47.002,47.482,47.482,46.283,47.242,47.962,47.962,47.962,47.962,48.201,48.441,47.962,47.962,48.201,48.201,48.201,49.64,49.4,49.4,
47.242,46.283,48.201,48.921,49.4,47.722,47.002,47.002,45.803,46.763,47.962,47.962,47.962,47.962,48.201,48.441,47.962,47.962,48.201,48.201,48.201,49.4,49.4,49.4,
46.763,46.763,48.201,48.921,49.4,47.722,46.763,46.763,45.564,46.763,47.962,47.962,47.962,47.962,48.201,48.441,47.962,47.962,48.201,48.201,48.201,49.4,49.4,49.4,
46.763,46.763,48.201,48.921,49.4,48.201,46.763,46.763,45.564,46.763,47.962,47.962,47.962,47.962,48.201,48.441,47.962,47.962,48.201,48.201,48.201,49.4,49.4,49.4,
46.763,47.242,48.201,49.161,49.4,48.201,47.002,47.002,45.803,47.002,47.962,47.962,47.962,47.962,48.201,48.441,47.962,47.962,48.201,48.201,48.201,49.4,49.4,49.4,
47.722,47.722,48.201,49.161,49.4,48.441,46.763,46.763,45.324,46.523,47.482,47.482,47.482,47.482,47.722,47.962,47.482,47.482,47.722,47.722,47.722,48.921,48.921,48.921,
47.962,47.722,48.441,49.161,49.4,48.441,47.002,47.002,45.564,46.763,47.722,47.722,47.722,47.722,47.962,47.962,47.482,47.482,47.722,47.722,47.722,48.921,48.921,48.921,
47.962,47.722,49.161,49.161,49.4,48.441,47.002,47.002,45.564,46.763,47.722,47.722,47.722,47.722,47.962,47.962,47.482,47.482,47.722,47.722,47.722,48.921,48.921,48.921,
48.201,47.962,49.161,49.161,49.88,48.921,47.002,47.002,45.564,46.763,47.722,47.722,47.722,47.722,47.962,47.962,47.482,47.482,47.722,47.722,47.722,48.921,48.921,48.921,
48.681,47.962,49.161,49.161,49.88,48.921,47.002,47.002,45.564,46.763,47.722,47.722,47.722,47.722,47.962,47.962,47.482,47.482,47.722,47.722,47.722,48.921,48.921,48.921,
48.681,48.441,49.161,49.161,49.88,48.921,47.962,47.962,46.523,47.722,47.722,47.722,47.722,47.722,47.962,47.962,48.441,48.441,48.681,48.681,48.681,48.921,48.921,48.921,
48.921,48.441,49.161,49.161,49.88,48.921,47.962,47.962,46.523,47.722,47.722,47.722,47.722,47.722,47.962,47.962,48.441,48.441,48.681,48.681,48.681,48.921,48.921,48.921,
48.921,48.441,49.161,49.161,49.88,48.921,47.962,47.962,46.523,47.722,47.722,47.722,47.722,47.722,47.962,47.962,48.441,48.441,48.681,48.681,48.681,48.921,48.921,48.921,
48.921,48.441,49.161,49.161,49.88,48.921,47.962,47.962,46.523,47.722,47.722,47.722,47.722,47.722,47.962,47.962,48.441,48.441,48.681,48.681,48.681,48.921,48.921,48.921,
48.681,48.441,49.161,49.161,49.88,48.921,47.722,47.722,46.283,47.482,47.482,47.482,47.482,47.482,47.482,47.482,47.962,47.962,48.201,48.201,48.201,48.441,48.441,48.441,
48.681,48.441,49.161,49.161,49.4,48.921,47.722,47.722,46.283,47.482,47.482,47.482,47.482,47.482,47.482,47.482,47.962,47.962,48.201,48.201,48.201,48.441,48.441,48.441,
47.962,47.722,48.441,48.441,48.681,48.921,47.722,47.722,46.763,47.962,47.962,47.962,47.962,47.962,47.962,47.962,48.201,48.201,48.201,48.201,48.201,48.441,48.441,48.441,
47.962,47.722,48.441,48.441,48.681,48.921,47.722,47.722,46.763,47.962,47.962,47.962,47.962,47.962,47.962,47.962,48.201,48.201,48.201,48.201,48.201,48.441,48.441,48.441,
47.962,47.722,48.441,48.441,48.681,48.921,47.722,47.722,47.002,47.962,47.962,47.962,47.962,47.962,47.962,47.962,48.201,48.201,48.201,48.201,48.201,48.441,48.441,48.681,
47.962,47.722,48.441,48.441,48.681,48.921,47.722,47.722,47.002,47.962,47.962,47.962,47.962,47.962,47.962,47.962,48.201,48.201,48.201,48.201,48.201,48.441,48.441,48.681,
47.962,47.722,48.441,48.441,48.681,48.921,47.722,47.722,47.002,47.962,47.962,47.962,47.962,47.962,47.962,47.962,48.201,48.201,48.201,48.201,48.201,48.441,48.441,48.681,
47.962,47.722,48.441,48.441,48.681,48.921,47.722,47.722,47.002,47.962,47.962,47.962,47.962,47.962,47.962,47.962,48.201,48.201,48.201,48.201,48.201,48.441,48.441,48.681,
47.962,47.962,48.441,48.441,48.201,48.441,47.242,47.242,47.002,47.962,47.962,47.962,47.962,47.962,47.962,47.962,48.201,48.201,48.201,48.201,48.201,48.441,48.441,48.681,
47.962,47.962,48.441,48.441,48.201,48.441,47.242,47.242,47.002,47.962,47.962,47.962,47.962,47.962,47.962,47.962,48.201,48.201,48.201,48.201,48.201,48.441,48.441,48.681,
47.962,47.962,48.441,48.441,48.201,48.441,47.242,47.242,47.002,47.962,47.962,47.962,47.962,47.962,47.962,47.962,48.201,48.201,48.201,48.201,48.201,48.441,48.441,48.681,
47.962,47.962,48.441,48.441,48.201,48.441,47.242,47.242,47.002,47.962,47.962,47.962,47.962,47.962,47.962,47.962,48.201,48.201,48.201,48.201,48.201,48.441,48.441,48.681,
47.962,47.962,48.441,48.441,48.201,48.441,47.242,47.242,47.002,47.962,47.962,47.962,47.962,47.962,47.962,47.962,48.201,48.201,48.201,48.201,48.201,48.441,48.441,48.681,
47.962,47.962,48.681,48.681,48.441,48.681,47.482,47.482,47.242,48.201,48.201,48.201,48.201,48.201,48.201,48.201,48.441,48.441,48.441,48.441,48.441,48.681,48.681,48.681,
47.962,47.962,48.681,48.681,48.681,48.921,47.962,47.962,47.482,48.441,48.441,48.441,48.441,48.441,48.441,48.441,48.681,48.681,48.681,48.681,48.681,48.681,48.681,48.681,
47.962,47.962,48.681,48.681,48.681,48.921,47.962,47.962,47.482,48.441,48.441,48.441,48.441,48.441,48.441,48.441,48.681,48.681,48.681,48.681,48.681,48.681,48.681,48.681,
48.921,48.921,48.681,48.681,48.681,48.921,48.921,48.921,48.441,48.441,48.441,48.441,48.441,48.441,48.441,48.441,48.681,48.681,48.681,48.681,48.681,48.681,48.681,48.681,
48.681,48.921,48.441,48.441,48.441,48.681,48.681,48.681,48.441,48.441,48.441,48.441,48.441,48.441,48.441,48.441,48.681,48.681,48.681,48.681,48.681,48.681,48.681,48.681,
48.681,48.681,48.441,48.441,48.441,48.681,48.681,48.681,48.441,48.441,48.441,48.441,48.441,48.441,48.441,48.441,48.681,48.681,48.681,48.681,48.681,48.681,48.681,48.681,
48.681,48.681,48.441,48.441,48.441,48.681,48.681,48.681,48.441,48.441,48.441,48.441,48.441,48.441,48.441,48.441,48.681,48.681,48.681,48.681,48.681,48.681,48.681,48.681,
48.681,48.681,48.441,48.441,48.441,48.681,48.681,48.681,48.441,48.441,48.441,48.441,48.441,48.441,48.441,48.441,48.681,48.681,48.681,48.681,48.681,48.681,48.681,48.681,
48.681,48.681,48.441,48.441,48.441,48.681,48.681,48.681,48.441,48.441,48.441,48.441,48.441,48.441,48.441,48.441,48.681,48.681,48.681,48.681,48.681,48.681,48.681,48.681,
48.681,48.681,48.441,48.441,48.441,48.681,48.681,48.681,48.681,48.681,48.681,48.681,48.681,48.681,48.681,48.681,48.681,48.681,48.681,48.681,48.681,48.681,48.681,48.681,

25.513,22.874,29.326,25.806,25.806,26.686,27.859,31.085,31.085,31.672,31.965,32.845,33.724,33.724,31.085,31.378,31.378,31.672,32.845,30.792,29.912,31.085,31.085,31.085,
25.513,22.874,29.326,26.1,25.806,26.686,27.859,31.085,31.085,31.672,31.965,32.845,33.724,33.724,31.085,31.378,31.378,31.672,32.845,30.792,29.912,31.085,31.085,31.085,
26.1,22.581,29.619,26.686,26.393,27.273,28.152,31.085,31.085,31.672,31.965,32.845,33.724,33.724,31.085,31.378,31.378,31.672,32.845,30.792,29.912,31.085,31.085,31.085,
25.806,22.874,29.619,26.979,26.393,27.273,28.446,31.378,31.085,31.672,31.965,32.845,33.724,33.724,31.085,31.378,31.378,31.672,32.845,30.792,29.912,31.085,31.085,31.085,
26.393,23.754,29.619,26.979,26.393,27.273,28.446,31.378,31.672,31.965,32.845,33.431,34.311,33.724,31.085,31.378,31.378,31.672,32.845,30.792,29.912,31.085,31.085,31.085,
26.393,24.047,30.205,27.273,26.686,27.273,28.446,31.672,31.965,31.965,32.845,33.431,34.311,33.724,31.085,31.378,31.378,31.672,32.845,30.792,29.912,31.085,31.085,31.085,
26.393,24.047,30.205,27.859,27.273,27.566,28.446,31.672,31.672,31.672,32.551,33.431,34.311,33.724,31.085,31.378,31.378,31.672,32.845,30.792,29.912,31.085,31.085,31.085,
26.393,24.34,30.205,28.152,27.859,27.859,28.446,31.672,31.672,31.672,32.551,33.431,34.311,33.724,31.085,31.378,31.378,31.672,32.845,30.792,29.912,31.085,31.085,31.085,
26.1,24.927,30.205,28.152,27.859,27.859,29.326,31.672,31.672,31.672,32.551,33.431,34.311,33.724,31.085,31.378,31.378,31.672,32.845,30.792,29.912,31.085,31.085,31.085,
25.806,24.927,29.912,28.152,27.859,28.152,29.912,31.672,31.965,31.672,32.551,33.431,34.311,33.724,31.085,31.378,31.378,31.672,32.845,30.792,29.912,31.085,31.085,31.085,
25.806,25.22,29.619,28.152,28.152,28.152,30.205,31.378,31.672,31.378,32.258,32.845,34.018,33.431,31.085,31.378,31.378,31.672,32.845,30.792,29.912,31.085,31.085,31.085,
25.806,24.927,29.326,28.739,29.032,28.739,30.792,31.965,32.258,31.965,32.258,33.138,34.311,33.431,31.085,31.378,31.378,31.672,32.845,30.792,29.912,31.085,31.085,31.085,
26.1,24.927,30.205,29.326,30.205,29.619,30.792,31.965,32.258,31.965,32.258,33.138,34.311,33.431,31.085,31.378,31.378,31.672,32.845,30.792,29.912,31.085,31.085,31.085,
26.1,24.927,30.499,29.326,29.912,29.326,30.499,31.672,31.965,31.965,32.258,33.138,34.311,33.431,31.085,31.378,31.378,31.672,32.845,30.792,29.912,31.085,31.085,31.085,
26.1,25.513,30.499,29.032,29.326,29.032,30.205,31.672,31.965,31.965,32.258,33.138,34.311,33.431,31.085,31.378,31.378,31.672,32.845,30.792,29.912,31.085,31.085,31.085,
26.393,26.979,30.792,29.032,29.326,29.032,29.912,31.378,31.965,31.965,32.258,33.138,34.311,33.431,31.085,31.378,31.378,31.672,32.845,30.792,29.912,31.085,31.085,31.085,
26.393,26.979,31.085,29.032,29.326,29.326,30.205,31.378,31.965,31.965,32.258,33.138,34.311,33.138,30.792,31.085,31.085,31.965,33.138,31.378,30.499,31.085,31.085,31.085,
26.686,27.566,31.672,29.619,29.619,29.619,30.499,31.378,31.965,31.965,32.258,33.138,34.311,33.138,30.499,30.792,30.792,31.672,33.138,31.378,30.499,31.085,31.085,31.085,
27.273,27.859,32.551,30.499,30.499,30.499,30.792,31.378,31.965,32.258,33.138,33.431,34.604,33.431,30.499,30.792,30.792,31.672,33.138,31.378,30.499,31.085,31.085,31.085,
27.273,29.032,32.551,30.205,30.499,30.499,30.792,31.378,31.965,32.258,33.138,33.431,34.604,33.431,30.499,30.792,30.792,31.672,33.138,31.378,30.499,31.085,31.085,31.085,
27.273,29.032,32.551,30.205,30.499,30.499,30.792,31.378,31.965,32.258,33.138,33.431,34.604,33.431,30.499,30.792,30.792,31.672,33.138,31.378,30.499,31.085,31.085,31.085,
28.446,28.446,31.965,30.205,29.912,29.912,30.205,30.792,31.378,31.672,32.551,32.845,34.018,32.845,30.499,30.792,30.792,31.672,32.551,31.378,30.499,31.085,31.085,31.085,
28.739,28.152,31.085,30.205,29.912,29.912,30.205,30.792,31.378,31.672,32.551,32.845,34.018,32.845,30.499,30.792,30.792,31.672,32.551,31.378,30.499,31.085,31.085,31.085,
28.739,28.739,31.672,31.085,31.085,30.499,30.792,31.378,31.672,31.672,32.551,32.845,34.018,32.845,30.499,30.792,30.792,31.672,32.551,31.378,30.499,31.085,31.085,31.085,
28.152,29.326,32.551,31.965,32.845,31.378,31.672,32.258,31.672,31.672,32.551,32.258,33.431,32.845,30.499,30.792,30.792,31.672,32.551,31.378,30.499,31.085,31.085,31.085,
28.446,29.912,32.551,31.965,32.845,31.378,31.672,32.258,31.672,31.672,32.551,32.258,33.431,32.845,30.499,30.792,30.792,31.672,32.551,31.378,30.499,31.085,31.085,31.085,
28.739,30.205,32.551,31.965,32.845,31.378,31.672,32.258,31.672,31.672,32.551,32.258,33.431,32.845,30.792,31.085,31.085,31.965,32.551,31.378,30.499,31.085,31.085,31.085,
29.619,30.205,32.551,31.965,33.138,31.378,31.672,32.258,31.672,31.672,32.551,32.258,33.431,32.845,30.792,31.085,31.085,31.965,32.551,31.378,30.499,31.085,31.085,31.085,
29.619,30.205,32.845,31.965,33.138,31.378,31.672,32.258,31.672,31.672,32.551,32.258,33.431,32.845,30.792,31.085,31.085,31.965,32.551,31.378,30.499,31.085,31.085,31.085,
31.085,30.792,32.845,31.965,33.138,31.378,31.672,32.258,31.672,31.672,32.551,32.258,33.431,32.845,30.792,31.085,31.085,31.965,32.551,31.378,30.499,31.085,31.085,31.085,
31.085,31.378,32.845,31.965,33.138,31.672,31.965,32.258,31.672,31.672,32.551,32.258,33.431,32.845,30.792,31.085,31.085,31.672,32.551,31.085,30.499,31.085,31.085,31.085,
31.085,31.378,32.845,32.258,33.431,32.258,32.551,32.551,31.965,31.965,32.845,32.551,33.724,33.138,31.085,31.085,31.085,31.672,32.551,31.085,30.499,31.085,31.085,31.085,
31.378,31.672,32.845,32.258,33.431,31.965,32.551,32.551,31.965,31.965,32.845,32.551,33.724,33.138,31.085,31.085,31.085,31.672,32.551,31.672,31.085,31.085,31.085,31.085,
31.378,31.672,32.845,32.258,33.431,32.258,32.845,32.845,32.258,32.258,33.431,33.138,33.724,33.138,31.085,31.085,31.085,31.672,32.551,31.672,31.085,31.085,31.085,31.085,
31.965,31.085,32.258,31.965,33.138,32.258,32.845,32.845,32.258,32.258,33.431,33.138,33.724,33.138,31.085,31.085,31.085,31.672,31.672,31.672,31.085,31.085,31.085,31.085,
31.672,31.378,32.258,31.965,33.138,32.258,32.845,32.845,32.258,32.845,33.431,33.724,34.311,33.138,31.085,31.085,31.085,31.672,31.672,31.672,31.085,31.085,31.085,31.085,
31.672,31.672,31.965,31.965,33.724,32.258,32.845,32.551,31.965,32.551,33.431,33.724,34.311,33.138,31.085,31.085,31.085,31.672,31.672,31.672,31.085,31.085,31.085,31.085,
31.672,31.672,31.672,31.965,33.724,32.258,32.845,32.551,31.965,32.551,33.431,33.724,34.311,33.431,31.965,31.965,31.672,31.965,31.672,31.672,31.085,31.085,31.085,31.085,
31.378,30.499,30.792,32.551,33.724,32.258,32.845,32.551,31.965,32.551,33.431,33.724,34.311,33.431,31.965,31.965,31.672,31.965,31.672,31.672,31.085,31.085,31.085,31.085,
31.378,30.499,30.792,32.551,33.724,32.258,32.845,32.551,31.965,32.551,33.431,33.724,34.311,33.431,31.965,31.965,31.672,31.965,31.672,31.672,31.085,31.085,31.085,31.085,
31.085,31.085,30.792,32.551,33.724,32.258,32.845,32.551,31.965,32.551,33.431,33.724,34.311,33.431,31.965,31.965,31.672,31.672,31.672,31.672,31.085,31.085,31.085,31.085,
31.085,31.085,30.792,32.551,33.724,32.258,32.845,32.551,31.965,32.551,33.431,33.724,34.311,33.431,31.965,31.965,31.672,31.672,31.672,31.672,31.085,31.085,31.085,31.085,
30.792,31.378,30.792,32.551,32.551,32.258,32.551,32.258,31.672,32.258,33.431,33.724,34.311,33.431,31.965,31.378,31.085,31.085,31.085,31.085,31.085,31.085,31.085,31.085,
31.085,31.378,30.792,32.551,32.258,31.672,32.258,31.965,31.965,32.551,33.724,34.018,34.311,33.431,31.965,31.378,31.085,31.085,31.085,31.085,31.085,31.085,31.085,31.085,
31.378,31.378,30.792,31.965,31.672,31.672,32.258,31.965,31.965,32.551,33.724,34.018,34.311,33.431,31.965,31.378,31.085,31.085,31.085,31.085,31.085,31.085,31.085,31.085,
31.085,31.085,30.792,31.965,31.672,31.672,32.258,31.965,31.965,32.551,33.724,34.018,34.311,33.431,31.965,31.378,31.085,31.085,31.085,31.085,31.085,31.085,31.085,31.085,
30.792,30.792,31.378,31.672,31.672,31.672,32.258,31.965,31.965,32.551,33.724,34.018,34.311,33.431,31.965,31.378,31.085,31.085,31.085,31.085,31.085,31.085,31.085,31.085,
30.792,30.792,31.378,31.672,31.672,31.672,32.258,31.965,31.965,32.551,33.724,34.018,34.311,33.431,31.965,31.378,31.085,31.085,31.085,31.085,31.085,31.085,31.085,31.085,
30.792,30.792,31.378,31.378,31.378,31.378,31.965,31.965,31.965,32.551,33.724,34.018,34.311,33.431,31.965,31.085,31.085,31.085,31.085,31.085,31.085,31.085,31.085,31.085,
30.792,30.792,31.378,31.378,30.792,30.792,31.378,31.378,31.378,31.965,32.551,32.845,33.138,32.845,31.965,31.085,31.085,31.085,31.085,31.085,31.085,31.085,31.085,31.085,

27.3,26.706,29.377,28.783,31.751,31.751,33.828,35.015,35.015,35.312,35.312,35.312,35.312,35.312,35.312,35.312,35.312,35.312,35.312,35.015,34.125,32.047,29.97,30.861,
27.3,27.003,29.377,29.08,31.751,32.047,34.125,35.015,35.015,35.312,35.312,35.312,35.312,35.312,35.312,35.312,35.312,35.312,35.312,35.312,34.421,32.344,29.97,30.861,
27.596,27.003,29.377,29.08,31.751,32.047,34.125,35.015,35.015,35.312,35.312,35.312,35.312,35.312,35.312,35.312,35.312,35.312,35.312,35.312,34.421,32.344,29.97,30.861,
27.893,27.003,29.674,29.377,31.751,32.047,34.125,35.015,35.015,35.312,35.312,35.312,35.312,35.312,35.312,35.312,35.312,35.312,35.312,35.312,34.125,32.047,29.674,30.861,
27.596,27.893,29.674,29.377,31.751,32.047,34.125,34.718,34.718,35.312,35.312,35.312,35.312,35.312,35.312,35.312,35.312,35.312,35.312,35.312,34.125,32.047,29.674,30.861,
27.893,27.893,29.674,29.377,31.751,32.047,34.125,34.718,34.718,35.312,35.312,35.312,35.312,35.312,35.312,35.312,35.312,35.312,35.312,35.312,34.125,32.344,30.267,29.97,
28.19,27.893,29.674,29.377,31.751,32.641,34.718,34.718,34.718,35.312,35.312,35.312,35.312,35.312,35.312,35.312,35.312,35.312,35.312,35.312,34.125,32.344,30.267,29.97,
28.783,28.19,29.674,29.377,32.047,33.531,35.608,35.312,35.015,35.312,35.312,35.312,35.312,35.312,35.312,35.312,35.312,35.312,35.312,35.312,34.125,32.344,30.267,29.97,
29.08,28.487,29.97,29.377,32.047,33.828,35.905,35.608,35.312,35.312,35.312,35.312,35.312,35.312,35.312,35.312,35.312,35.312,35.312,35.312,34.125,32.344,31.157,30.861,
29.08,28.487,29.97,29.377,32.047,34.125,35.905,35.608,34.421,34.421,34.421,34.421,34.421,34.421,34.421,34.421,34.421,34.421,34.421,34.421,34.125,32.344,31.157,30.861,
29.377,28.783,29.97,29.377,32.047,34.125,35.905,35.608,34.421,34.421,34.421,34.421,34.421,34.421,34.421,34.421,34.421,34.421,34.421,34.421,34.125,32.344,31.157,30.861,
29.377,28.783,30.267,29.674,32.047,34.125,34.718,34.421,34.421,34.421,34.421,34.421,34.421,34.421,34.421,34.421,34.421,34.421,34.421,34.421,34.125,32.344,31.157,30.861,
29.377,28.783,30.267,29.674,32.047,34.125,34.718,34.421,34.421,34.421,34.421,34.421,34.421,34.421,34.421,34.421,34.421,34.421,34.421,34.421,34.125,32.344,31.157,30.861,
29.377,28.783,29.97,28.783,31.751,34.125,34.718,34.421,34.421,34.421,34.421,34.421,34.421,34.421,34.421,34.421,34.421,34.421,34.421,34.421,34.125,32.641,31.157,30.861,
29.377,29.08,30.564,28.783,31.454,32.641,34.718,34.421,34.421,34.421,34.421,34.421,34.421,34.421,34.421,34.421,34.421,34.421,34.421,34.421,34.125,32.641,31.157,30.861,
29.377,29.08,30.564,29.08,31.454,32.641,34.718,34.421,34.421,34.421,34.421,34.421,34.421,34.421,34.421,34.421,34.421,34.421,34.421,34.421,34.125,32.344,31.157,30.861,
29.377,29.377,30.564,29.08,31.454,32.641,34.718,34.421,34.421,34.421,34.421,34.421,34.421,34.421,34.421,34.421,34.421,34.421,34.421,34.421,34.125,32.344,31.157,30.861,
29.674,29.377,30.564,29.08,30.861,32.047,34.125,33.828,33.828,33.828,33.828,33.828,33.828,33.828,33.828,33.828,33.828,33.828,33.828,33.828,33.531,32.344,31.157,30.861,
29.97,29.377,30.564,29.08,30.861,32.047,33.531,33.234,33.234,33.234,33.234,33.234,33.234,33.234,33.234,33.234,33.234,33.234,33.234,33.234,32.938,32.344,31.157,30.861,
30.564,29.377,30.564,29.08,30.861,32.047,33.234,32.938,32.938,32.938,32.938,32.938,32.938,32.938,32.938,32.938,32.938,32.938,32.938,32.938,32.641,32.344,31.157,30.861,
30.267,29.377,30.267,29.377,30.861,32.047,33.234,32.938,32.938,32.938,32.938,32.938,32.938,32.938,32.938,32.938,32.938,32.938,32.938,32.938,32.641,32.344,31.157,30.861,
30.564,29.08,29.97,29.08,30.861,32.047,32.344,32.641,32.938,32.938,32.938,32.938,32.938,32.938,32.938,32.938,32.938,32.938,32.938,32.938,32.641,32.344,31.157,30.861,
30.564,29.08,30.267,29.08,31.157,32.047,32.344,32.641,32.938,32.938,32.938,32.938,32.938,32.938,32.938,32.938,32.938,32.938,32.938,32.938,32.641,32.344,31.157,30.861,
29.97,29.08,29.97,29.08,30.564,31.157,32.344,32.938,33.234,33.234,33.234,33.234,33.234,33.234,33.234,33.234,33.234,33.234,33.234,33.828,33.828,33.531,31.751,31.454,
30.267,29.08,29.97,29.08,30.861,31.157,32.641,33.531,33.828,33.828,33.828,33.828,33.828,33.828,33.828,33.828,33.828,33.828,33.828,34.421,34.421,34.125,33.234,32.938,
29.377,28.783,29.377,29.08,30.861,32.938,32.938,33.531,33.531,33.531,33.531,33.531,33.531,33.531,33.531,33.531,33.531,33.531,33.531,34.125,34.125,33.828,32.938,32.938,
29.377,29.08,29.377,29.08,30.861,32.641,32.938,33.531,33.531,33.531,33.531,33.531,33.531,33.531,33.531,33.531,33.531,33.531,33.531,34.125,34.125,33.828,32.938,32.938,
29.377,29.08,29.377,29.377,30.861,32.641,33.531,34.125,34.718,34.718,34.718,34.718,34.718,34.718,34.718,34.718,34.718,34.718,34.718,34.718,34.718,34.421,33.531,33.531,
29.674,28.487,29.377,29.377,31.751,32.641,33.531,34.718,34.718,34.718,34.718,34.718,34.718,34.718,34.718,34.718,34.718,34.718,34.718,34.718,34.718,34.421,33.531,33.531,
29.674,29.377,29.377,29.97,31.751,33.234,34.125,34.718,34.718,34.718,34.718,34.718,34.718,34.718,34.718,34.718,34.718,34.718,34.718,34.718,34.718,34.421,33.531,33.531,
29.674,29.674,29.377,29.377,32.047,33.828,34.718,34.718,34.718,34.718,34.718,34.718,34.718,34.718,34.718,34.718,34.718,34.718,34.718,34.718,34.718,34.421,33.531,33.531,
28.783,29.377,29.377,29.377,33.234,33.828,34.718,34.718,34.718,34.718,34.718,34.718,34.718,34.718,34.718,34.718,34.718,34.718,34.718,34.718,34.718,34.421,33.531,33.531,
29.674,28.783,29.08,30.564,33.234,34.718,34.718,34.718,34.718,34.718,34.718,34.718,34.718,34.718,34.718,34.718,34.718,34.718,34.718,34.718,34.718,34.421,33.531,33.531,
29.08,28.783,29.674,32.047,33.234,34.718,34.718,34.718,34.718,34.718,34.718,34.718,34.718,34.718,34.718,34.718,34.718,34.718,34.718,34.718,34.718,34.421,33.531,33.531,
28.487,30.564,31.454,32.938,34.125,34.718,34.718,34.718,34.718,34.718,34.718,34.718,34.718,34.718,34.718,34.718,34.718,34.718,34.718,34.718,34.718,34.421,33.531,33.531,
29.674,32.938,33.531,34.125,34.125,34.718,34.718,34.718,34.718,34.718,34.718,34.718,34.718,34.718,34.718,34.718,34.718,34.718,34.718,34.718,34.718,34.421,33.531,33.531,
30.564,30.861,30.861,32.047,32.047,32.641,32.641,32.641,32.641,32.641,32.641,32.641,32.641,32.641,32.641,32.641,32.641,32.641,32.641,32.641,32.641,32.344,31.454,31.454,
29.08,30.861,31.454,32.641,32.641,32.641,32.641,32.641,32.641,32.641,32.641,32.641,32.641,32.641,32.641,32.641,32.641,32.641,32.641,32.641,32.641,32.344,31.454,31.454,
29.377,30.861,31.454,32.641,32.641,32.641,32.641,32.641,32.641,32.641,32.641,32.641,32.641,32.641,32.641,32.641,32.641,32.641,32.641,32.641,32.641,32.344,31.454,31.454,
29.377,30.861,31.454,32.641,32.641,32.641,32.641,32.641,32.641,32.641,32.641,32.641,32.641,32.641,32.641,32.641,32.641,32.641,32.641,32.641,32.641,32.344,31.454,31.454,
29.97,31.454,31.454,32.641,32.641,32.641,32.641,32.641,32.641,32.641,32.641,32.641,32.641,32.641,32.641,32.641,32.641,32.641,32.641,32.641,32.641,32.344,31.454,31.454,
31.454,32.641,32.641,32.641,32.641,32.641,32.641,32.641,32.641,32.641,32.641,32.641,32.641,32.641,32.641,32.641,32.641,32.641,32.641,32.641,32.641,32.344,31.454,31.454,
30.267,30.267,30.267,30.267,30.267,30.267,30.267,30.267,30.267,30.267,30.267,30.267,30.267,30.267,30.267,30.267,30.267,30.267,30.267,30.267,30.267,29.97,29.08,29.08,
28.487,28.487,28.487,28.487,28.487,28.487,28.487,28.487,28.487,28.487,28.487,28.487,28.487,28.487,28.487,28.487,28.487,28.487,28.487,28.487,28.487,28.19,28.19,28.19,
28.487,28.487,28.487,28.487,28.487,28.487,28.487,28.487,28.487,28.487,28.487,28.487,28.487,28.487,28.487,28.487,28.487,28.487,28.487,28.487,28.487,28.19,28.19,28.19,
28.487,28.487,28.487,28.487,28.487,28.487,28.487,28.487,28.487,28.487,28.487,28.487,28.487,28.487,28.487,28.487,28.487,28.487,28.487,28.487,28.487,28.19,28.19,28.19,
27.893,27.893,27.893,27.893,27.893,27.893,27.893,27.893,27.893,27.893,27.893,27.893,27.893,27.893,27.893,27.893,27.893,27.893,27.893,27.893,27.893,27.893,27.893,27.893,
28.487,28.487,28.487,28.487,28.487,28.487,28.487,28.487,28.487,28.487,28.487,28.487,28.487,28.487,28.487,28.487,28.487,28.487,28.487,28.487,28.487,28.487,28.487,28.487,
28.487,28.487,28.487,28.487,28.487,28.487,28.487,28.487,28.487,28.487,28.487,28.487,28.487,28.487,28.487,28.487,28.487,28.487,28.487,28.487,28.487,28.487,28.487,28.487,
28.487,28.487,28.487,28.487,28.487,28.487,28.487,28.487,28.487,28.487,28.487,28.487,28.487,28.487,28.487,28.487,28.487,28.487,28.487,28.487,28.487,28.487,28.487,28.487,

24.713,25.0,25.287,25.287,24.138,23.563,21.264,21.264,20.402,22.126,21.552,21.839,23.276,23.563,24.138,24.138,25.862,26.149,26.437,26.437,26.437,26.149,27.011,27.011,
24.713,25.0,25.575,25.287,24.138,23.563,21.264,21.264,20.402,22.126,21.552,21.839,23.276,23.563,24.138,24.138,25.862,26.149,26.437,26.437,26.437,26.149,27.011,27.011,
24.713,25.287,25.575,25.287,24.138,23.563,21.264,21.264,20.402,22.126,21.552,21.839,23.276,23.563,24.138,24.138,25.862,26.149,26.437,26.437,26.437,26.149,27.011,27.011,
24.425,25.0,26.724,26.724,25.575,23.563,21.264,21.264,20.402,22.126,21.552,21.839,23.276,23.563,24.138,24.138,25.862,26.149,26.437,26.437,26.437,26.149,27.011,27.011,
24.425,25.0,26.724,26.724,25.575,23.563,21.552,21.552,20.69,22.414,21.839,21.839,23.563,23.563,24.138,24.138,25.862,26.149,26.437,26.437,26.437,26.149,27.011,27.011,
24.425,25.0,26.724,26.724,25.575,23.563,21.552,21.552,20.69,22.414,22.414,22.414,24.138,23.563,24.138,24.138,25.862,26.149,26.437,26.437,26.437,26.149,27.011,27.011,
24.425,26.149,26.724,26.724,25.575,23.563,21.552,21.552,20.69,21.839,22.414,22.414,24.138,23.563,24.138,24.138,25.862,26.149,26.437,26.437,26.437,26.149,27.011,27.011,
24.425,26.149,26.724,26.724,25.0,23.563,21.552,21.552,20.977,21.839,22.414,22.414,24.138,23.276,24.138,24.138,25.862,26.149,26.437,26.437,26.437,26.149,27.011,27.011,
24.425,26.149,26.724,26.724,25.0,23.563,21.552,21.552,20.977,21.552,22.414,22.414,24.138,23.276,24.138,24.138,25.862,26.149,26.437,26.437,26.437,26.149,27.011,27.011,
24.425,26.437,26.437,26.724,25.0,23.563,21.552,21.552,20.977,21.552,22.414,22.414,24.138,23.276,24.138,24.138,25.862,26.149,26.437,26.437,26.437,26.149,27.011,27.011,
25.862,26.149,26.149,26.149,24.713,24.138,22.126,22.126,21.552,22.126,22.989,22.989,24.713,23.851,24.713,24.138,25.862,26.149,26.437,26.437,26.437,26.149,27.011,27.011,
26.149,26.149,26.437,26.437,24.713,23.851,21.839,21.839,21.264,21.839,22.701,23.276,25.0,24.138,25.0,24.138,25.862,26.149,26.437,26.437,26.437,26.149,27.011,27.011,
26.149,26.149,26.437,26.437,24.425,23.851,21.839,21.839,21.264,21.839,22.989,23.563,25.0,24.138,25.0,24.425,26.149,26.149,26.437,26.437,26.437,26.149,27.011,27.011,
25.575,25.575,25.575,26.149,24.425,23.851,21.839,21.839,21.264,21.552,23.276,23.276,24.713,24.138,25.0,24.425,26.149,26.149,26.437,26.437,26.437,26.149,27.011,27.011,
25.575,25.0,25.287,25.862,25.0,24.138,21.839,21.839,21.264,22.126,23.276,23.276,24.713,24.138,25.0,24.425,26.149,26.149,26.437,26.437,26.437,26.149,27.011,27.011,
25.575,25.575,25.862,25.862,25.0,23.851,21.552,21.552,21.264,22.414,23.276,23.276,24.713,24.138,25.0,24.425,26.149,26.149,26.437,26.437,26.437,26.149,27.011,27.011,
26.724,25.862,26.149,25.862,25.0,23.563,21.264,21.264,20.977,22.414,23.276,23.276,24.713,24.425,25.287,24.713,26.149,26.149,26.437,26.437,26.437,26.149,27.011,27.011,
26.724,25.862,26.149,25.862,25.0,23.563,21.264,21.264,20.977,22.414,23.276,23.276,24.713,24.425,25.287,24.713,26.149,26.149,26.437,26.437,26.437,26.149,27.011,27.011,
26.724,25.287,25.575,25.862,25.0,23.851,21.552,21.552,20.977,22.414,23.276,23.276,24.713,24.425,25.287,24.713,26.149,26.149,26.437,26.437,26.437,26.149,27.011,27.011,
26.724,25.287,25.575,25.862,25.0,23.851,21.552,21.552,20.977,22.414,23.276,23.276,24.713,24.425,25.287,24.713,26.149,26.149,26.437,26.437,26.437,26.149,27.011,27.011,
26.149,25.575,25.575,25.862,25.0,23.851,21.552,21.552,20.977,22.126,22.989,22.989,24.425,24.138,25.287,24.713,26.149,26.149,26.437,26.437,26.437,26.149,27.011,27.011,
26.149,25.287,25.0,25.575,25.0,23.851,21.552,21.552,21.264,22.414,23.276,23.276,24.425,24.138,25.287,24.713,25.862,25.862,26.437,26.437,26.437,26.149,27.011,27.011,
25.575,25.0,24.713,25.287,24.713,23.851,21.552,21.552,21.264,22.414,22.701,22.701,23.563,23.851,24.425,24.138,25.575,25.862,26.437,26.437,26.437,26.149,27.011,27.011,
25.0,25.287,24.713,25.287,24.713,23.851,21.552,21.552,21.264,22.414,22.701,22.701,23.563,23.851,24.425,24.138,25.575,25.862,26.437,26.437,26.437,26.149,27.011,27.011,
24.425,24.713,24.138,24.713,24.138,24.713,22.701,22.414,22.126,23.276,23.851,23.276,24.138,24.138,24.425,24.713,26.149,26.437,26.437,26.437,26.437,26.149,27.011,27.011,
24.425,24.425,24.425,25.0,24.713,25.287,23.276,22.989,22.701,23.851,24.425,23.563,24.425,24.138,24.425,24.713,26.149,26.437,26.437,26.437,26.437,26.149,27.011,27.011,
24.425,24.425,24.425,25.0,25.0,25.287,23.276,22.989,22.701,23.851,23.851,23.563,24.425,24.138,24.425,24.713,26.149,26.437,26.437,26.437,26.437,26.149,27.011,27.011,
24.713,24.713,24.425,25.0,24.713,24.713,23.276,22.989,22.701,23.851,23.851,23.563,24.425,25.0,25.287,25.575,26.149,26.437,26.437,26.437,26.437,26.149,27.011,27.011,
24.713,24.138,24.713,25.287,24.713,24.713,23.276,22.989,22.701,24.425,25.287,23.851,24.713,25.287,25.575,25.862,26.437,26.724,26.724,26.724,26.724,26.437,27.299,27.299,
24.425,24.425,24.713,25.287,24.713,24.713,23.276,22.989,22.701,24.425,25.287,23.851,24.713,25.287,25.575,25.862,26.437,26.724,26.724,26.724,26.724,26.437,27.299,27.299,
24.713,24.713,24.713,25.287,24.713,24.425,22.989,23.563,23.276,24.425,25.575,24.425,25.287,25.862,26.149,26.437,26.437,26.724,26.724,26.724,26.724,26.437,27.299,27.299,
24.713,24.425,24.425,25.0,24.713,24.138,23.276,23.563,23.276,24.713,25.862,25.0,25.862,26.149,26.437,26.724,26.724,27.011,27.011,27.011,27.011,26.724,27.586,27.586,
25.0,24.425,24.713,25.287,25.0,24.425,23.276,23.563,23.563,25.0,25.862,25.862,26.724,27.011,27.299,27.586,27.586,27.874,27.874,27.874,27.874,27.586,27.586,27.586,
25.0,24.425,25.575,25.287,25.287,24.713,23.563,23.851,23.851,25.862,26.149,26.149,26.724,27.011,27.299,27.586,27.586,27.874,27.874,27.874,27.874,27.586,27.586,27.586,
25.575,25.287,25.862,25.575,25.575,25.0,23.851,24.138,24.138,25.862,26.149,26.149,26.724,27.011,27.299,27.586,27.586,27.874,27.874,27.874,27.874,27.586,27.586,27.586,
25.575,25.862,26.149,25.862,25.575,24.713,23.851,24.138,24.138,25.862,26.149,26.149,26.724,27.011,27.299,27.586,27.586,27.874,27.874,27.874,27.874,27.586,27.586,27.586,
25.575,25.862,26.149,25.862,25.575,24.713,24.713,25.0,25.0,26.437,26.724,26.149,26.724,27.011,27.299,27.586,27.586,27.874,27.874,27.874,27.874,27.586,27.586,27.586,
25.0,26.149,26.437,26.149,25.862,24.138,24.713,25.0,25.0,26.437,26.724,26.149,26.724,27.011,27.299,27.586,27.586,27.874,27.874,27.874,27.874,27.586,27.586,27.586,
25.575,26.437,27.011,27.011,26.724,25.0,25.575,25.575,25.575,26.724,27.299,26.724,27.299,27.299,27.299,27.586,27.586,27.874,27.874,27.874,27.874,27.874,27.874,27.874,
26.149,26.437,27.299,27.299,27.011,25.287,25.862,25.862,25.862,27.011,27.586,27.299,27.874,27.874,27.586,27.874,27.874,27.874,27.874,27.874,27.874,27.874,27.874,27.874,
27.299,27.586,27.586,27.586,27.299,25.575,26.149,26.149,26.149,27.299,27.874,27.586,28.161,28.161,27.874,28.161,28.161,27.874,27.874,27.874,27.874,27.874,27.874,27.874,
27.299,27.586,27.586,27.586,27.299,25.575,26.149,26.149,26.149,27.011,27.586,27.586,28.161,28.161,28.161,27.874,27.874,27.874,27.874,27.874,27.874,27.874,27.874,27.874,
25.862,26.149,26.724,27.011,26.724,25.862,26.437,26.437,26.437,27.299,27.299,27.299,27.299,27.299,27.299,27.299,27.299,27.299,27.299,27.299,27.299,27.299,27.299,27.299,
25.575,25.862,26.149,26.724,26.437,25.862,25.862,25.862,25.862,25.575,25.575,25.575,25.575,25.575,25.575,25.575,25.575,25.575,25.575,25.575,25.575,25.575,25.575,25.575,
25.287,25.287,25.575,26.724,26.724,25.862,25.862,25.862,25.862,25.575,25.575,25.575,25.575,25.575,25.575,25.575,25.575,25.575,25.575,25.575,25.575,25.575,25.575,25.575,
25.0,25.0,25.862,25.862,25.862,25.0,25.0,25.0,25.0,24.713,24.713,24.713,24.713,24.713,24.713,24.713,24.713,24.713,24.713,24.713,24.713,24.713,24.713,24.713,
25.575,25.575,25.575,25.575,25.575,25.575,25.575,25.575,25.575,25.575,25.575,25.575,25.575,25.575,25.575,25.575,25.575,25.575,25.575,25.575,25.575,25.575,25.575,25.575,
25.0,25.0,25.0,25.0,25.0,25.0,25.0,25.0,25.0,25.0,25.0,25.0,25.0,25.0,25.0,25.0,25.0,25.0,25.0,25.0,25.0,25.0,25.0,25.0,
25.575,25.575,25.575,25.575,25.575,25.575,25.575,25.575,25.575,25.575,25.575,25.575,25.575,25.575,25.575,25.575,25.575,25.575,25.575,25.575,25.575,25.575,25.575,25.575,
25.862,25.862,25.862,25.862,25.862,25.862,25.862,25.862,25.862,25.862,25.862,25.862,25.862,25.862,25.862,25.862,25.862,25.862,25.862,25.862,25.862,25.862,25.862,25.862,

44.479,43.849,44.479,43.218,41.64,43.218,42.902,44.164,43.218,42.902,43.218,42.902,42.902,42.902,42.902,42.902,41.956,41.956,37.855,36.909,37.539,36.593,38.801,37.855,
44.479,43.533,44.164,42.902,41.325,42.902,42.902,44.164,43.218,42.902,43.218,42.902,42.902,42.902,42.902,42.902,41.956,41.956,37.855,36.909,37.539,36.593,38.801,37.855,
44.164,43.533,44.164,42.902,41.325,42.902,42.902,44.164,43.218,42.902,43.218,42.902,42.902,42.902,42.902,42.902,41.956,41.956,37.855,36.909,37.539,36.593,38.801,37.855,
43.533,42.902,44.164,42.902,41.009,43.218,43.218,44.479,43.218,42.902,43.218,42.902,42.902,42.902,42.902,42.902,41.956,41.956,37.855,36.909,37.539,36.593,38.801,37.855,
43.218,42.902,44.164,42.587,40.694,43.218,43.218,44.479,43.218,42.902,43.218,42.902,42.902,42.902,42.902,42.902,41.956,41.956,37.855,36.909,37.539,36.593,38.801,37.855,
43.218,42.902,44.164,42.587,40.694,43.218,43.218,44.479,43.218,42.902,43.218,42.902,42.902,42.902,42.902,42.902,41.956,41.956,38.17,36.909,37.539,36.593,38.801,37.855,
42.902,42.902,43.849,42.271,40.379,43.218,43.218,44.479,43.218,42.902,43.218,42.902,42.902,42.902,42.902,42.902,41.956,41.956,38.17,36.909,37.539,36.593,38.801,37.855,
42.902,42.902,43.849,41.956,40.379,43.533,43.533,44.795,43.533,42.902,43.218,42.902,42.902,42.902,42.902,42.902,41.956,41.956,38.17,36.909,37.539,36.593,38.801,37.855,
42.902,43.218,44.164,42.902,40.694,43.849,43.849,45.11,43.849,42.902,43.218,42.902,42.902,42.902,42.902,42.902,41.956,41.956,38.17,36.909,37.539,36.593,38.801,37.855,
42.587,43.218,44.164,43.218,40.694,43.849,43.849,45.11,43.849,42.902,43.218,42.902,42.902,42.902,42.902,42.902,41.956,41.956,38.17,36.909,37.539,36.593,38.801,37.855,
42.587,43.849,44.795,44.164,41.325,44.164,44.164,45.426,43.533,42.902,42.902,42.902,42.902,42.902,42.902,42.902,41.956,41.956,38.17,36.909,37.539,36.593,38.801,37.855,
42.587,43.533,44.479,44.164,41.325,44.164,44.164,45.426,43.533,42.902,42.902,42.902,42.902,42.902,42.902,42.902,41.64,41.64,37.855,36.278,36.909,35.962,38.17,37.224,
42.587,43.849,45.11,45.11,41.956,44.164,44.164,45.426,43.533,42.902,42.902,42.902,42.902,42.902,42.902,42.902,41.64,41.64,37.855,36.278,36.909,35.962,38.17,37.224,
43.849,45.11,45.741,45.11,41.956,44.164,44.164,45.426,43.533,42.902,42.902,42.902,42.902,42.902,42.902,42.902,41.64,41.64,37.855,36.278,36.909,35.962,37.855,36.909,
43.849,45.11,45.741,45.11,41.956,44.164,44.164,45.426,43.533,42.902,42.902,42.902,42.902,42.902,42.902,42.902,41.64,41.64,37.855,36.278,36.909,35.962,37.855,36.909,
43.849,45.426,45.741,45.426,42.271,44.164,44.164,45.426,43.533,42.902,42.902,42.902,42.902,42.902,42.902,42.902,41.64,41.64,37.855,36.278,36.909,35.962,37.855,36.909,
43.533,45.426,46.057,45.426,42.271,44.164,44.164,45.426,43.533,42.902,42.902,42.902,42.902,42.902,42.902,42.902,41.64,41.64,37.855,36.278,36.909,35.962,37.855,36.909,
44.479,46.057,46.688,46.057,42.902,44.164,44.164,45.426,43.533,42.902,42.902,42.902,42.902,42.902,42.902,42.902,41.64,41.64,37.855,36.278,36.593,35.647,37.539,36.593,
44.479,46.688,46.688,46.057,42.902,43.849,43.533,44.795,42.902,42.902,42.902,42.902,42.902,42.902,42.902,42.902,41.64,41.64,37.855,36.278,36.593,35.647,37.539,36.593,
46.057,46.688,46.688,46.057,42.902,43.849,43.533,44.795,42.902,42.902,42.902,42.902,42.902,42.902,42.902,42.902,41.64,41.64,37.855,36.278,36.593,35.647,37.539,36.593,
46.372,47.003,47.003,46.057,42.902,43.849,43.533,44.795,42.902,42.902,42.902,42.902,42.902,42.902,42.902,42.902,41.64,41.64,37.855,36.278,36.593,35.647,37.539,36.593,
46.057,47.003,47.634,46.688,43.533,44.479,43.533,44.795,42.902,42.902,42.902,42.902,42.902,42.902,42.902,42.902,41.64,41.009,37.539,36.278,36.593,35.647,37.539,36.593,
46.372,47.003,47.634,46.688,43.533,44.479,43.533,44.795,42.902,42.902,42.902,42.902,42.902,42.902,42.902,42.902,41.64,41.325,37.855,36.593,36.909,35.647,37.539,36.593,
46.688,47.003,47.634,47.003,43.533,44.479,43.533,44.795,42.902,42.902,42.902,42.902,42.902,42.902,42.902,42.902,41.64,41.325,37.855,36.593,36.909,35.647,37.539,36.593,
46.688,47.003,47.634,47.003,43.533,44.479,43.533,44.795,42.902,42.902,42.902,42.902,42.902,42.902,42.902,42.902,41.009,40.694,37.224,35.962,36.909,35.647,37.539,36.593,
46.688,47.003,47.634,47.003,43.533,44.479,43.533,44.795,42.902,42.902,42.902,42.902,42.902,42.902,42.902,42.902,41.009,40.694,37.224,35.962,37.224,35.647,37.539,36.593,
46.688,46.372,47.003,46.372,43.533,44.479,43.533,44.795,42.902,42.902,42.902,42.902,42.902,42.902,42.902,42.902,41.009,40.694,37.224,35.962,37.224,35.647,37.539,36.593,
46.372,47.003,47.634,47.003,43.533,44.479,43.533,44.795,42.902,42.902,42.902,42.902,42.902,42.902,42.902,42.902,41.009,40.694,37.224,35.962,37.224,35.647,37.539,36.593,
45.11,45.741,47.003,46.057,43.533,44.479,43.533,44.795,42.902,42.902,42.902,42.902,42.902,42.902,42.902,42.902,41.009,40.694,37.224,35.962,37.224,35.647,37.539,36.593,
45.426,45.741,47.003,46.057,43.533,44.479,43.533,44.795,42.902,42.902,42.902,42.902,42.902,42.902,42.902,42.902,41.009,40.063,36.909,36.278,37.224,36.278,38.17,37.224,
45.426,45.741,46.688,46.057,43.533,44.479,43.533,44.795,42.902,42.902,42.902,42.902,42.902,42.902,42.902,42.902,41.009,40.063,36.909,36.278,37.224,36.278,38.17,37.224,
45.426,45.741,46.688,46.057,43.533,44.479,43.533,44.795,42.902,42.902,42.902,42.902,42.902,42.902,42.902,42.902,41.009,40.063,36.909,36.278,37.224,36.278,38.17,37.224,
45.426,45.741,46.688,46.057,43.533,44.479,43.533,44.795,42.902,42.902,42.902,42.902,42.902,42.902,42.902,42.902,41.009,40.063,36.909,36.278,37.224,36.278,38.17,37.224,
44.479,45.426,46.372,46.057,43.533,44.479,43.533,44.795,42.902,42.902,42.902,42.902,42.902,42.902,42.902,42.902,41.009,40.063,36.909,36.278,37.224,36.278,38.17,37.224,
44.479,45.426,46.372,46.057,43.849,44.795,43.849,44.795,42.902,42.902,42.902,42.902,42.902,42.902,42.902,42.902,41.009,40.063,36.909,36.278,37.224,36.278,38.17,37.224,
44.795,45.426,46.372,46.372,44.164,44.795,43.849,44.795,42.902,42.902,42.902,42.902,42.902,42.902,42.902,42.902,41.009,40.063,36.909,36.278,37.224,36.278,38.17,37.224,
45.11,45.426,46.057,46.372,44.164,44.795,43.849,44.795,42.902,42.902,42.902,42.902,42.902,42.902,42.902,42.902,41.009,40.063,36.909,36.278,37.224,36.278,38.17,37.224,
45.741,44.795,45.741,46.372,44.164,44.795,43.849,44.795,42.902,42.902,42.902,42.902,42.902,42.902,42.902,42.902,41.009,40.063,36.909,36.278,37.224,36.278,38.17,37.224,
46.057,44.795,46.057,46.372,44.164,44.795,43.849,44.795,42.902,42.902,42.902,42.902,42.902,42.902,42.902,42.902,41.009,40.063,36.909,36.278,37.224,36.593,38.486,37.539,
46.057,44.795,46.057,46.372,44.795,45.426,44.479,44.795,42.902,42.902,42.902,42.902,42.902,42.902,42.902,42.902,41.009,40.063,36.909,36.278,37.224,36.593,38.486,37.539,
46.688,44.479,45.741,46.057,45.11,45.741,44.479,44.795,42.902,42.902,42.902,42.902,42.902,42.902,42.902,42.902,41.009,40.063,36.909,36.278,37.224,36.593,38.486,37.539,
46.688,45.11,46.057,46.057,44.164,45.741,44.479,44.795,42.902,42.902,42.902,42.902,42.902,42.902,42.902,42.902,41.009,40.063,36.909,36.278,37.224,36.593,38.486,37.539,
46.372,45.426,46.372,46.057,44.164,45.741,44.479,44.795,42.902,42.902,42.902,42.902,42.902,42.902,42.902,42.902,41.009,40.063,36.909,36.278,37.224,36.593,38.486,37.539,
46.372,45.426,46.057,45.741,44.164,45.741,44.795,44.795,42.902,42.902,42.902,42.902,42.902,42.902,42.902,42.902,41.009,40.063,36.909,36.278,37.224,36.593,38.486,37.539,
46.688,45.426,46.057,45.741,44.164,45.741,44.795,44.795,42.902,42.902,42.902,42.902,42.902,42.902,42.902,42.902,41.009,40.063,36.909,36.278,37.224,36.593,38.486,37.539,
46.688,45.741,45.741,45.741,44.164,45.741,44.795,44.795,42.902,42.902,42.902,42.902,42.902,42.902,42.902,42.902,41.009,40.063,36.909,36.278,37.224,36.593,38.17,37.224,
46.688,45.741,46.057,45.741,44.164,45.741,44.795,44.795,42.902,42.902,42.902,42.902,42.902,42.902,42.902,42.902,41.009,40.063,36.909,36.278,37.224,36.593,38.17,37.224,
47.003,46.057,45.741,45.11,44.164,45.741,44.795,44.795,42.902,42.902,42.902,42.902,42.902,42.902,42.902,42.902,41.009,39.748,36.909,36.278,37.224,36.593,38.17,38.17,
47.003,46.057,45.741,45.11,44.164,45.741,44.795,44.795,42.902,42.902,42.902,42.902,42.902,42.902,42.902,42.902,41.009,39.748,36.909,36.278,37.224,36.593,38.17,38.17,
46.372,45.741,45.426,45.741,44.795,45.741,44.795,44.479,42.587,42.587,42.587,42.587,42.587,42.587,42.587,42.587,40.694,39.117,37.224,36.593,36.593,36.593,38.17,38.17,

25.517,26.207,31.034,29.31,28.276,28.966,27.931,28.966,30.0,31.034,25.862,24.483,25.172,26.552,27.241,27.241,26.207,27.931,29.31,28.966,27.586,27.586,27.586,27.586,
25.172,26.207,31.034,29.31,28.276,28.966,27.931,28.966,30.0,31.034,25.862,24.483,25.172,26.552,27.241,27.241,26.207,27.931,29.31,28.966,27.586,27.586,27.586,27.586,
25.862,26.552,31.034,29.31,28.276,28.966,27.931,28.966,30.0,31.034,25.862,24.483,25.172,26.552,27.241,27.241,26.207,27.931,29.31,28.966,27.586,27.586,27.586,27.586,
25.862,26.552,31.034,29.31,27.931,28.966,27.931,28.966,30.0,31.034,25.862,24.483,25.172,26.552,27.241,27.241,26.207,27.931,29.31,28.966,27.586,27.586,27.586,27.586,
25.862,26.552,31.034,29.31,27.931,28.966,27.931,28.966,30.0,31.034,25.862,24.483,25.172,26.552,27.241,27.241,26.207,27.931,29.31,28.966,27.586,27.586,27.586,27.586,
25.862,26.897,31.034,28.276,26.897,27.931,26.897,28.966,30.0,31.034,25.862,24.483,25.172,26.552,27.241,27.241,26.207,27.931,29.31,28.966,27.586,27.586,27.586,27.586,
25.862,26.897,30.69,28.276,26.897,27.931,26.897,29.31,30.345,31.379,26.207,25.172,25.862,26.552,27.241,27.241,26.207,28.276,29.31,28.966,27.586,27.586,27.586,27.586,
26.207,26.897,31.034,28.276,26.897,27.931,26.897,29.31,30.345,31.034,25.862,25.172,25.862,26.552,27.241,27.241,26.207,28.276,29.31,28.966,27.586,27.586,27.586,27.586,
26.207,26.897,31.034,28.276,26.897,27.931,26.897,29.31,30.345,31.034,25.862,25.172,25.862,26.552,27.241,27.241,26.207,28.276,29.31,28.966,27.586,27.586,27.586,27.586,
26.552,27.586,31.034,28.276,26.897,27.931,26.897,29.31,30.345,31.034,25.862,25.172,25.862,26.552,27.241,27.241,26.207,28.276,29.31,28.966,27.586,27.586,27.586,27.586,
26.207,27.931,31.034,28.276,26.897,27.931,26.897,29.31,30.345,31.034,25.862,25.172,25.862,26.552,27.241,27.241,26.207,28.276,29.31,28.966,27.586,27.586,27.586,27.586,
26.207,27.586,30.69,27.931,26.897,27.931,26.897,29.31,30.345,31.034,25.862,25.172,25.862,26.552,27.241,27.241,26.207,28.276,29.31,28.966,27.586,27.586,27.586,27.586,
26.207,26.897,30.345,27.931,26.897,27.931,26.897,29.31,30.345,31.379,25.862,25.172,25.862,26.552,27.241,27.241,26.207,28.276,29.31,28.966,27.586,27.586,27.586,27.586,
26.207,27.241,30.345,27.931,26.897,27.931,26.897,29.31,28.966,30.0,25.862,25.172,25.862,26.552,27.241,27.241,26.207,28.276,29.31,28.966,27.586,27.586,27.586,27.586,
26.207,26.897,29.655,27.931,26.897,27.931,26.897,29.31,28.966,30.0,26.207,25.172,25.862,26.552,27.241,27.241,26.207,28.276,29.31,28.966,27.586,27.586,27.586,27.586,
26.207,26.897,29.31,27.586,26.897,27.931,27.241,28.966,28.621,29.31,25.517,24.483,25.172,26.552,27.241,27.241,26.207,28.276,29.31,28.966,27.586,27.586,27.586,27.586,
26.207,26.897,30.0,28.276,27.586,27.931,27.241,28.276,27.931,28.621,24.828,23.793,25.172,26.552,27.241,27.241,26.207,28.276,29.31,28.966,27.586,27.586,27.586,27.586,
26.897,26.897,30.0,28.276,27.586,27.931,27.241,28.276,27.931,28.621,24.828,23.793,25.172,26.552,27.241,27.241,26.207,27.586,27.931,27.586,27.586,27.586,27.586,27.586,
26.897,27.586,29.655,27.931,26.552,26.897,26.552,27.586,27.241,28.621,24.828,23.793,25.172,26.552,27.241,27.241,26.207,27.586,27.931,27.586,27.586,27.586,27.586,27.586,
26.897,27.586,29.31,27.931,26.552,26.897,26.552,27.586,27.586,28.966,25.172,24.138,25.172,26.552,27.241,27.241,26.207,27.586,27.931,27.586,27.586,27.586,27.586,27.586,
26.552,27.241,28.276,27.241,26.552,26.897,26.897,27.586,27.586,28.966,25.172,24.138,25.172,26.552,27.241,27.241,26.207,27.586,27.931,27.586,27.586,27.586,27.586,27.586,
26.552,26.897,28.276,27.241,26.552,26.897,26.897,27.586,27.586,28.966,25.517,24.483,25.517,26.552,27.241,27.241,26.207,27.586,27.931,27.586,27.586,27.586,27.586,27.586,
26.552,27.241,28.276,27.241,26.897,27.241,26.897,27.586,27.586,28.276,25.862,25.517,26.552,26.552,27.241,27.241,26.207,27.586,27.931,27.586,27.586,27.586,27.586,27.586,
26.552,27.241,28.276,27.241,26.897,27.586,26.897,27.586,27.586,28.276,25.862,25.517,26.897,26.552,27.241,27.241,26.207,27.586,27.931,27.586,27.586,27.586,27.586,27.586,
26.552,27.931,28.966,27.931,27.586,28.276,27.586,28.276,26.552,27.241,24.828,24.483,25.862,25.862,26.207,26.207,26.207,27.586,27.931,27.586,27.586,27.586,27.586,27.586,
27.241,27.586,28.276,27.931,27.241,27.931,27.931,28.276,27.586,27.586,25.172,24.138,25.517,25.862,26.207,26.207,26.207,27.586,27.931,27.586,27.586,27.586,27.586,27.586,
26.552,26.897,28.276,27.931,27.241,27.931,27.931,28.276,27.586,27.586,25.172,24.138,25.517,25.862,26.207,26.207,26.207,27.586,27.931,27.586,27.586,27.586,27.586,27.586,
26.207,26.552,28.276,27.931,27.241,27.931,27.931,28.276,27.586,27.586,25.172,24.138,25.517,25.862,26.207,26.207,26.207,27.586,27.586,27.586,27.586,27.586,27.586,27.586,
26.207,26.552,28.276,27.931,27.241,27.931,27.931,28.276,27.586,27.586,25.172,24.138,25.517,25.862,26.207,26.207,26.207,27.586,27.586,27.586,27.586,27.586,27.586,27.586,
25.862,26.207,27.931,27.241,26.552,27.241,27.586,27.931,27.241,27.586,25.172,24.138,25.517,25.862,26.207,26.207,26.207,27.586,27.586,27.586,27.586,27.586,27.586,27.586,
25.517,26.552,27.931,27.241,26.552,27.241,27.586,27.931,27.241,27.586,25.172,24.138,25.517,25.862,26.207,26.207,26.207,27.586,27.586,27.586,27.586,27.586,27.586,27.586,
25.517,25.862,27.241,26.552,25.862,26.552,27.241,27.586,26.897,27.241,24.828,23.793,25.172,25.517,25.862,26.207,26.207,27.586,27.586,27.586,27.586,27.586,27.586,27.586,
25.517,26.552,27.241,26.552,25.862,26.552,27.241,27.586,26.897,27.241,24.828,23.793,25.172,25.517,25.862,26.207,26.207,27.586,27.586,27.586,27.586,27.586,27.586,27.586,
25.517,26.552,27.241,26.552,25.862,26.552,27.241,27.586,26.897,27.241,24.828,23.793,25.172,25.517,25.862,26.207,26.207,27.586,27.586,27.586,27.586,27.586,27.586,27.586,
25.517,26.207,27.241,26.552,25.862,26.552,27.241,27.586,26.897,27.241,24.828,23.793,25.172,25.517,25.862,26.207,26.207,27.586,27.586,27.586,27.586,27.586,27.586,27.586,
25.517,26.552,27.241,26.552,25.862,26.552,27.241,27.586,26.897,26.897,25.172,23.793,25.172,25.517,25.862,26.207,26.207,27.586,27.586,27.586,27.586,27.586,27.586,27.586,
25.862,26.897,27.931,26.207,25.517,26.207,26.552,26.207,25.517,25.862,24.138,23.793,25.172,25.517,25.862,26.207,26.207,27.586,27.586,27.586,27.586,27.586,27.586,27.586,
25.517,26.552,27.931,26.207,25.517,26.207,26.552,26.207,25.517,25.862,24.138,23.793,25.172,25.517,25.862,26.207,26.207,27.586,27.586,27.586,27.586,27.586,27.586,27.586,
25.517,26.552,27.931,25.862,25.172,25.862,26.207,25.862,25.172,25.517,24.138,23.793,25.172,25.517,25.862,26.207,26.207,27.586,27.586,27.586,27.586,27.586,27.586,27.586,
25.517,26.552,27.931,25.862,25.172,25.862,26.207,25.862,25.172,25.517,24.138,23.793,25.172,25.517,25.862,26.207,26.207,27.586,27.586,27.586,27.586,27.586,27.586,27.586,
25.862,26.552,27.586,25.172,24.828,25.517,25.862,26.207,25.172,25.862,24.828,24.483,25.862,26.207,26.552,26.897,26.897,27.586,27.931,27.586,27.586,27.586,27.586,27.586,
25.172,25.862,27.241,24.828,24.483,25.172,25.517,25.862,24.828,25.517,25.517,25.172,26.552,26.897,27.241,27.586,27.586,27.586,27.931,27.586,27.586,27.586,27.586,27.586,
24.483,25.517,26.552,24.828,24.483,25.172,25.517,25.862,24.828,25.517,25.517,25.172,26.552,26.897,27.241,27.586,27.586,27.586,27.931,27.586,27.586,27.586,27.586,27.586,
24.483,25.517,26.552,24.828,24.483,25.172,26.207,26.552,25.517,26.207,25.862,25.517,26.897,26.897,27.241,27.586,27.586,27.586,27.931,27.586,27.586,27.586,27.586,27.586,
25.172,25.172,25.517,24.483,23.793,24.483,25.517,25.862,24.828,26.207,25.172,25.172,26.207,26.207,26.552,26.552,26.552,26.552,26.897,26.552,26.552,26.552,26.552,26.552,
24.828,24.828,25.172,24.138,23.448,24.138,25.172,25.517,24.828,25.517,25.517,25.172,26.207,26.207,26.207,26.207,26.207,26.207,26.897,26.207,26.207,26.207,26.207,26.207,
24.138,23.103,23.448,22.414,22.414,23.103,24.138,25.517,24.483,23.793,23.793,23.448,23.448,23.448,23.448,23.448,23.448,23.448,23.448,23.448,23.448,23.448,23.448,23.448,
22.759,22.759,23.448,22.069,22.069,23.103,23.103,23.103,23.103,23.103,23.103,23.448,23.448,23.448,23.448,23.448,23.448,23.448,23.448,23.448,23.448,23.448,23.448,23.448,
24.483,24.483,24.483,24.483,24.483,24.483,24.483,24.483,24.483,24.483,24.483,25.172,25.172,25.172,25.172,25.172,25.172,25.172,25.172,25.172,25.172,25.172,25.172,25.172,
25.862,25.862,25.862,25.862,25.862,25.862,25.862,25.862,25.862,25.862,25.862,25.862,25.862,25.862,25.862,25.862,25.862,25.862,25.862,25.862,25.862,25.862,25.862,25.862,

18.147,19.305,17.375,19.305,18.919,19.691,19.691,20.077,19.305,17.761,15.83,15.058,16.988,17.375,17.375,19.305,18.919,18.919,19.691,19.691,19.691,19.305,19.305,20.077,
18.147,19.691,17.761,19.305,18.919,19.691,19.691,20.077,19.305,17.761,15.83,15.058,16.988,17.375,17.375,19.305,18.919,18.919,20.077,20.077,20.077,19.305,19.305,20.077,
18.147,19.691,17.761,19.305,18.919,19.691,19.691,20.077,19.305,17.761,15.83,15.058,16.988,17.375,17.375,19.305,18.919,18.919,20.077,20.077,20.077,19.305,19.305,20.077,
18.147,19.691,17.761,18.919,18.919,19.691,19.691,20.077,19.305,17.761,15.83,15.058,16.988,17.375,17.375,19.305,18.919,18.919,20.077,20.077,20.077,19.305,19.305,20.077,
18.147,19.691,17.761,18.919,18.919,19.691,19.691,20.077,19.305,17.761,15.83,15.058,16.988,17.375,17.375,19.305,18.919,18.919,20.077,20.077,20.077,19.305,19.305,20.077,
18.147,19.691,17.761,18.919,18.919,19.691,19.691,20.077,19.305,17.761,15.83,15.058,16.988,17.375,17.375,19.305,18.919,18.919,20.077,20.077,20.077,19.305,19.305,20.077,
18.147,19.691,17.761,18.919,18.919,19.691,19.691,20.077,19.305,17.761,15.83,15.058,16.988,17.375,17.375,19.305,18.919,18.919,20.077,20.077,20.077,19.305,19.305,20.077,
18.147,19.691,17.761,18.919,18.919,19.691,19.691,20.077,19.305,17.761,15.83,15.058,16.988,17.375,17.375,19.305,18.919,18.919,20.077,20.077,20.077,19.305,19.305,20.077,
18.147,19.691,17.761,18.919,18.919,19.691,19.691,20.077,19.305,17.761,15.83,15.058,16.988,17.375,17.375,19.305,18.919,18.919,20.077,20.077,20.077,19.305,19.305,20.077,
18.147,19.691,17.761,18.919,18.919,19.691,19.691,20.077,19.305,17.761,15.83,15.058,16.988,17.375,17.375,19.305,18.919,18.919,20.077,20.077,20.077,19.305,19.305,20.077,
18.147,20.077,18.147,18.533,18.919,19.691,19.691,20.077,19.305,17.761,15.83,15.058,16.988,17.375,17.375,19.305,18.919,18.919,20.077,20.077,20.077,19.305,19.305,20.077,
18.147,20.077,18.147,18.533,18.919,19.691,19.691,20.077,19.305,17.761,15.83,15.058,16.988,17.375,17.375,19.305,18.919,18.919,20.077,20.077,20.077,19.305,19.305,20.077,
17.761,20.077,18.147,18.533,18.919,19.691,19.691,20.077,19.305,17.761,15.83,15.058,16.988,17.375,17.375,19.305,18.919,18.919,20.077,20.077,20.077,19.305,19.305,20.077,
17.761,20.077,17.761,18.533,18.919,19.691,19.691,20.077,19.305,17.761,15.83,15.058,16.988,17.375,17.375,19.305,18.919,18.919,20.077,20.077,20.077,19.691,19.691,20.077,
17.761,20.077,16.988,18.533,19.691,20.849,20.849,21.236,20.077,18.533,16.602,15.83,17.761,18.147,17.761,18.919,18.533,18.919,20.077,20.077,20.077,19.691,19.691,20.077,
16.988,20.077,16.988,18.533,19.691,20.849,20.849,21.236,20.077,18.533,16.602,15.83,16.602,16.988,16.602,17.761,17.375,17.761,18.919,20.077,20.077,19.691,19.691,20.077,
16.988,20.463,17.375,18.533,19.691,20.849,20.849,21.236,20.077,18.533,16.602,15.83,16.602,16.602,16.216,17.375,17.375,17.761,18.919,20.077,20.077,19.691,19.691,20.077,
17.375,20.463,16.988,18.533,19.691,20.849,20.849,21.236,20.077,18.533,16.602,15.83,16.602,16.602,16.216,17.375,17.375,17.761,18.919,19.691,19.691,19.305,19.305,20.077,
17.375,20.849,17.375,18.533,19.691,20.849,20.849,21.236,20.077,18.533,16.602,15.83,16.602,16.602,16.216,17.375,17.375,17.761,18.919,19.691,19.691,19.305,19.305,20.077,
17.375,20.849,17.375,18.533,19.691,20.849,20.849,21.236,20.077,18.533,16.602,15.83,16.602,16.602,16.216,17.375,17.375,17.761,18.919,19.691,19.691,19.305,19.305,20.077,
17.375,20.849,17.375,18.533,19.691,20.849,20.849,21.236,20.077,18.533,16.602,15.83,16.602,16.602,16.216,17.375,17.375,17.761,18.919,19.691,19.691,19.305,19.305,20.077,
17.375,20.849,17.375,18.533,19.691,20.849,20.849,21.236,20.077,18.533,16.602,15.83,16.602,16.602,16.216,17.375,17.375,17.761,18.919,19.691,19.691,20.077,20.077,20.077,
18.147,20.849,17.375,19.691,20.463,21.236,21.236,21.622,20.463,18.919,16.988,16.602,17.375,16.602,16.216,17.375,17.375,17.761,18.919,19.691,19.691,20.077,20.077,20.077,
18.533,20.849,17.375,20.077,20.849,21.622,21.622,22.008,20.849,19.305,17.375,16.602,17.761,16.988,15.83,16.988,17.375,17.761,18.919,19.691,19.691,20.077,20.077,20.077,
18.147,20.463,18.147,20.077,20.849,21.622,21.622,22.008,20.849,19.305,16.988,16.216,17.375,16.602,15.83,16.988,17.375,17.761,18.919,19.691,19.691,20.077,20.077,20.077,
18.147,20.463,18.147,19.691,20.849,21.622,21.622,22.008,20.849,19.305,16.988,16.216,17.375,16.602,15.83,16.988,17.375,17.761,18.919,19.691,19.691,20.077,20.077,20.077,
18.147,20.463,18.147,19.691,20.849,21.622,21.622,22.008,20.849,19.305,16.602,16.216,17.375,16.602,15.83,16.988,17.375,17.761,18.919,19.691,19.691,20.077,20.077,20.077,
19.305,21.236,18.533,19.691,20.849,21.622,21.622,22.008,20.849,19.305,16.602,16.216,17.375,16.602,15.83,16.988,17.375,17.761,18.919,19.691,19.691,20.077,20.077,20.077,
19.305,20.849,16.988,19.691,20.849,21.622,21.622,22.008,20.849,19.305,16.602,16.216,16.602,16.602,15.83,16.988,17.375,17.761,18.147,19.691,19.691,20.077,20.077,20.077,
19.305,21.622,17.761,19.691,20.849,21.622,21.622,22.008,20.849,19.305,16.602,16.216,16.602,16.602,15.83,16.988,17.375,17.761,18.147,19.691,19.691,20.077,20.077,20.077,
19.305,21.622,18.533,18.533,20.849,21.236,21.236,21.622,21.236,19.691,16.988,16.602,16.988,16.988,16.602,17.761,18.147,18.147,18.147,19.691,19.691,20.077,20.077,20.077,
19.305,21.236,18.533,18.533,20.849,21.236,21.236,21.622,21.236,19.691,16.988,16.602,16.216,16.988,16.602,17.761,18.147,18.147,18.147,19.691,19.691,20.077,20.077,20.077,
19.305,21.622,18.533,18.533,20.849,21.236,21.236,21.622,21.236,19.691,16.988,16.602,16.216,16.988,16.602,17.761,18.147,18.147,18.147,19.691,19.691,20.077,20.077,20.077,
19.305,21.622,18.533,18.533,20.849,21.236,21.236,22.394,22.008,20.463,17.761,17.375,16.988,16.988,16.602,17.761,18.147,18.147,18.147,19.691,19.691,20.077,20.077,20.077,
19.305,21.236,18.533,18.533,20.849,21.236,21.236,22.394,22.008,20.463,17.375,16.988,16.602,16.602,16.602,17.761,18.147,18.147,18.147,19.691,19.691,20.077,20.077,20.077,
20.077,21.622,18.919,18.919,21.236,21.236,21.236,22.394,22.008,20.463,17.375,16.988,16.602,15.83,15.83,16.988,18.147,18.147,18.147,19.691,19.691,20.077,20.077,20.077,
19.305,18.919,18.919,18.919,21.236,21.622,21.622,22.394,22.008,20.849,17.761,17.375,16.988,16.216,15.83,16.988,18.147,18.147,18.919,18.919,18.919,18.533,18.533,18.533,
20.463,19.305,18.919,18.919,21.236,20.077,20.077,20.849,20.463,19.305,16.216,16.216,15.83,15.83,14.286,15.444,16.216,16.216,17.375,17.375,17.375,17.375,17.375,17.375,
19.305,18.919,18.919,18.919,19.691,19.305,19.305,20.077,19.691,18.533,14.672,14.672,14.286,14.286,14.672,15.83,16.216,16.216,17.375,17.375,17.375,17.375,17.375,17.375,
19.305,19.305,19.691,18.919,19.691,17.375,17.375,18.147,17.761,16.602,14.672,14.672,14.286,14.286,14.672,15.83,16.216,16.216,17.375,17.375,17.375,17.375,17.375,17.375,
18.533,18.919,19.305,18.147,18.919,17.375,17.375,18.147,17.761,16.602,14.672,14.672,14.286,14.286,14.672,15.83,16.216,16.216,17.375,17.375,17.375,17.375,17.375,17.375,
18.919,18.919,19.691,17.375,16.602,16.602,16.602,17.375,17.375,16.216,15.058,15.058,15.058,15.058,15.444,16.216,16.216,16.216,16.988,16.988,16.988,16.988,16.988,16.988,
18.147,18.919,16.602,16.602,16.602,16.602,16.602,17.375,17.375,16.602,15.444,15.444,15.058,15.058,15.83,15.83,15.83,15.83,16.988,16.988,16.988,16.988,16.988,16.988,
16.602,16.988,16.602,16.216,16.602,16.602,16.602,17.375,17.375,15.83,14.672,15.444,16.216,16.216,16.216,16.216,16.216,16.216,17.375,17.375,17.375,17.375,17.375,17.375,
16.602,16.216,16.216,16.602,16.602,16.602,16.602,16.988,16.602,16.602,16.216,16.216,17.761,17.761,17.761,17.761,17.761,17.761,17.761,17.761,17.761,17.761,17.761,17.761,
16.602,15.83,16.216,16.216,16.216,16.216,16.216,16.602,16.216,16.602,16.216,16.216,17.761,17.761,17.761,17.761,17.761,17.761,17.761,17.761,17.761,17.761,17.761,17.761,
15.83,16.216,16.602,16.602,16.602,16.602,16.602,16.988,17.375,17.375,16.988,16.988,18.533,18.533,18.533,18.533,18.533,18.533,18.533,18.533,18.533,18.533,18.533,18.533,
16.988,18.533,18.533,18.533,18.533,18.533,18.533,18.533,18.533,18.533,18.533,18.533,18.533,18.533,18.533,18.533,18.533,18.533,18.533,18.533,18.533,18.533,18.533,18.533,
18.533,18.533,18.533,18.533,18.533,18.533,18.533,18.533,18.533,18.533,18.533,18.533,18.533,18.533,18.533,18.533,18.533,18.533,18.533,18.533,18.533,18.533,18.533,18.533,
18.533,18.533,18.533,18.533,18.533,18.533,18.533,18.533,18.533,18.533,18.533,18.533,18.533,18.533,18.533,18.533,18.533,18.533,18.533,18.533,18.533,18.533,18.533,18.533,

37.16,36.254,34.743,34.441,34.441,34.441,36.556,36.858,35.952,37.16,36.556,36.858,35.045,36.254,36.254,37.764,38.973,41.39,41.088,41.692,41.692,41.994,41.994,41.994,
37.16,36.254,34.743,34.441,34.441,34.743,36.556,36.858,35.952,37.16,36.556,36.858,35.045,36.254,36.254,37.764,38.973,41.39,41.088,41.692,41.692,41.994,41.994,41.994,
37.16,36.254,34.743,34.441,34.441,34.743,36.556,36.858,35.952,37.16,36.556,36.858,35.045,36.254,36.254,37.764,38.973,41.39,41.088,41.692,41.692,41.994,41.994,41.994,
37.16,36.254,34.743,34.441,34.441,34.743,36.556,36.858,35.952,37.16,36.556,36.858,35.045,36.254,36.254,37.764,38.973,41.39,41.088,41.692,41.692,41.994,41.994,41.994,
37.16,36.254,34.743,34.441,34.441,34.743,36.556,36.858,35.952,37.16,36.556,36.858,35.045,36.254,36.254,37.764,38.973,41.39,41.088,41.692,41.692,41.994,41.994,41.994,
36.858,36.254,34.743,34.441,34.441,34.743,36.556,36.858,35.952,37.16,36.556,36.858,35.045,36.254,36.254,37.764,38.973,41.692,41.39,41.994,41.994,42.296,42.296,42.296,
36.858,36.556,34.441,34.441,34.441,34.743,36.556,36.556,36.254,37.462,36.858,37.16,35.347,36.556,36.556,38.066,38.973,41.692,41.39,41.994,41.994,42.296,42.296,42.296,
36.858,36.556,34.441,34.441,34.441,34.743,36.556,36.858,36.556,37.764,37.16,37.764,36.556,38.066,38.066,38.973,39.275,41.692,41.39,41.994,41.994,42.296,42.296,42.296,
36.858,36.254,34.441,34.441,34.441,34.743,36.556,36.858,36.556,37.764,37.16,37.16,36.556,37.764,37.764,38.671,39.275,41.692,41.39,41.994,41.994,42.296,42.296,42.296,
36.556,36.254,34.441,34.441,34.743,35.045,36.556,36.858,36.556,37.764,37.16,37.16,36.556,37.764,37.764,38.671,39.275,41.692,41.39,41.994,41.994,42.296,42.296,42.296,
36.858,36.556,34.441,35.952,35.952,35.347,36.254,36.556,36.254,37.462,37.16,37.16,36.556,37.462,37.462,38.369,39.275,41.692,41.39,41.994,41.994,42.296,42.296,42.296,
36.858,35.952,34.139,34.743,35.045,35.347,36.254,36.556,36.254,37.462,37.16,37.16,36.556,37.462,37.462,38.369,39.275,41.692,41.39,41.994,41.994,42.296,42.296,42.296,
37.462,36.556,34.441,34.743,35.045,35.347,36.254,36.858,35.952,37.16,36.858,37.16,36.556,37.462,37.462,38.369,39.275,41.692,41.39,41.994,41.994,42.296,42.296,42.296,
37.16,36.556,34.441,34.743,35.347,35.347,36.556,36.556,36.254,37.16,36.858,37.16,36.556,37.462,37.462,38.369,39.275,41.692,41.39,41.994,41.994,42.296,42.296,42.296,
37.16,36.254,35.347,34.743,35.347,35.347,37.462,37.764,37.462,38.369,38.066,38.369,37.764,38.671,38.671,39.577,39.275,41.692,41.39,41.994,41.994,42.296,42.296,42.296,
37.16,36.858,35.65,35.045,35.65,35.347,37.462,37.764,37.462,38.369,38.066,38.369,37.764,38.671,38.671,39.577,39.275,41.692,41.39,41.994,41.994,42.296,42.296,42.296,
35.952,35.952,35.65,35.045,35.65,35.952,38.066,37.764,37.462,38.369,38.066,38.369,37.764,38.671,38.671,39.577,39.275,41.692,41.39,41.994,41.994,42.296,42.296,42.296,
35.952,36.556,35.952,35.347,35.952,35.952,38.369,38.973,38.369,39.275,38.973,39.275,38.671,39.577,39.577,40.483,39.275,41.692,41.994,42.598,41.994,42.296,42.296,42.296,
36.556,36.858,35.347,35.347,36.556,36.858,38.369,38.973,38.369,39.275,38.973,39.275,38.671,39.577,39.577,40.483,39.275,41.692,41.994,41.994,41.994,42.296,42.296,42.296,
37.16,37.16,35.347,35.347,36.556,36.556,38.066,38.671,38.066,38.973,38.671,38.973,38.369,39.577,39.577,40.483,39.275,41.994,42.296,42.296,42.296,42.296,42.296,42.296,
37.462,37.462,35.65,35.65,36.254,36.556,37.16,37.764,36.858,37.764,37.462,38.973,38.369,39.577,39.577,40.483,39.275,41.994,42.296,42.296,42.296,42.296,42.296,42.296,
38.369,37.764,35.952,35.65,35.045,35.045,36.858,37.462,36.556,37.462,37.16,38.671,38.369,39.577,39.577,40.483,39.275,41.994,42.296,42.296,42.296,42.296,42.296,42.296,
38.369,37.764,37.16,35.65,35.045,35.045,36.858,37.462,36.556,37.462,37.16,38.671,39.577,40.785,40.785,41.692,41.088,43.202,42.296,42.296,42.296,42.296,42.296,42.296,
38.369,37.764,37.16,35.65,35.65,35.045,37.16,37.764,36.556,37.462,37.16,38.671,39.577,40.785,40.785,41.692,41.088,43.202,42.296,42.296,42.296,42.296,42.296,42.296,
38.369,37.462,37.16,35.65,36.254,35.65,37.764,38.369,37.16,37.462,37.16,38.671,39.577,40.785,40.785,41.692,41.088,43.202,42.296,42.296,42.296,42.296,42.296,42.296,
38.369,37.764,37.462,36.254,36.254,35.65,37.764,38.369,37.16,37.462,37.16,38.671,39.577,40.785,40.785,41.692,41.088,43.202,42.296,42.296,42.296,42.296,42.296,42.296,
38.671,38.066,36.858,35.65,36.556,35.952,37.764,38.369,37.16,37.462,37.16,38.671,39.577,40.785,40.785,41.692,41.088,43.202,42.296,42.296,42.296,42.296,42.296,42.296,
37.16,36.858,35.952,35.952,36.254,35.65,37.462,37.764,37.16,37.764,37.764,39.275,40.181,41.39,41.39,42.296,41.692,43.202,42.296,42.296,42.296,42.296,42.296,42.296,
37.16,36.858,35.952,35.952,36.254,36.858,38.671,37.764,37.16,37.764,37.764,39.275,40.181,41.39,41.39,42.296,41.692,43.202,42.296,42.296,42.296,42.296,42.296,42.296,
37.462,36.858,35.65,35.65,36.254,36.858,38.671,37.764,37.16,37.764,37.764,39.275,40.181,41.39,41.39,42.296,41.692,43.202,42.296,42.296,42.296,42.296,42.296,42.296,
37.462,37.16,35.65,36.556,37.16,37.764,38.671,37.764,37.16,37.764,37.764,39.275,40.181,41.39,41.39,42.296,41.692,43.202,42.296,42.296,42.296,42.296,42.296,42.296,
37.16,37.16,35.65,36.556,36.858,37.462,38.369,38.066,38.369,38.369,38.369,39.879,40.785,41.39,41.39,42.598,42.598,43.202,42.296,42.296,42.296,42.296,42.296,42.296,
36.858,37.462,35.65,37.16,36.858,37.462,38.369,38.066,38.369,38.369,38.369,39.879,40.785,41.39,41.39,42.598,42.598,43.202,42.296,42.296,42.296,42.296,42.296,42.296,
37.462,38.066,36.254,37.16,37.764,38.369,39.275,38.973,38.369,38.369,38.369,39.879,40.785,41.39,41.39,42.598,42.598,43.202,42.296,42.296,42.296,42.296,42.296,42.296,
37.462,38.369,36.556,37.462,38.369,38.671,39.577,39.275,38.671,38.671,38.671,40.181,40.785,41.39,41.39,42.598,42.598,43.202,42.296,42.296,42.296,42.296,42.296,42.296,
37.764,39.577,37.764,37.462,38.369,38.671,39.577,39.275,38.671,38.671,38.671,40.181,40.785,41.39,41.39,42.598,42.598,43.202,42.296,42.296,42.296,42.296,42.296,42.296,
39.275,39.879,38.671,38.369,38.973,39.275,39.879,39.577,38.973,38.973,38.973,40.483,41.088,41.692,41.692,42.598,42.598,43.202,42.296,42.296,42.296,42.296,42.296,42.296,
39.275,39.879,38.671,39.275,39.879,40.181,40.785,40.483,39.879,39.879,39.879,40.483,41.994,42.598,42.598,42.598,42.598,43.202,42.296,42.296,42.296,42.296,42.296,42.296,
39.275,39.577,38.671,39.275,39.879,40.181,40.785,40.483,39.879,39.879,39.879,40.483,41.994,42.598,42.598,42.598,42.598,43.202,42.296,42.296,42.296,42.296,42.296,42.296,
39.577,41.39,40.483,41.39,39.879,40.785,41.39,41.692,41.088,41.088,41.088,41.692,42.296,42.598,42.598,42.598,42.598,43.202,41.692,41.692,41.692,41.692,41.692,41.692,
39.275,41.088,40.785,41.994,40.483,41.39,41.994,42.296,41.692,41.692,41.692,41.692,42.296,42.598,42.598,42.598,42.598,43.202,41.692,41.692,41.692,41.692,41.692,41.692,
40.483,41.39,40.785,41.994,41.692,41.39,41.994,42.296,41.692,41.692,41.692,41.692,42.296,42.598,42.598,42.598,42.598,41.692,40.181,40.181,40.181,40.181,40.181,40.181,
40.483,40.785,41.088,41.994,41.692,41.39,41.994,42.296,41.692,41.692,41.692,41.692,42.296,42.598,42.598,42.598,42.598,41.692,40.181,40.181,40.181,40.181,40.181,40.181,
41.088,41.692,41.994,42.296,41.692,41.692,42.296,42.296,41.692,41.692,41.692,41.692,42.296,42.598,42.598,42.598,42.598,41.692,40.181,40.181,40.181,40.181,40.181,40.181,
41.088,41.692,42.296,42.598,41.994,41.994,42.598,42.598,41.994,41.994,41.994,41.994,42.598,42.598,42.598,42.598,42.598,41.692,39.577,39.577,39.577,39.577,39.577,39.577,
41.39,41.994,42.598,42.598,41.994,41.994,42.598,42.598,42.598,42.598,42.598,42.598,42.598,42.598,42.598,42.598,42.598,41.692,39.577,39.577,39.577,39.577,39.577,39.577,
41.994,42.598,42.598,42.598,41.994,41.994,42.598,42.598,42.598,42.598,42.598,42.598,42.598,42.598,42.598,42.598,42.598,41.692,39.577,39.577,39.577,39.577,39.577,39.577,
39.879,39.577,39.577,39.577,39.879,39.879,39.577,39.577,39.577,39.577,39.577,39.577,39.577,39.577,39.577,39.577,39.577,39.577,39.577,39.577,39.577,39.577,39.577,39.577,
39.577,39.577,39.577,39.577,39.577,39.577,39.577,39.577,39.577,39.577,39.577,39.577,39.577,39.577,39.577,39.577,39.577,39.577,39.577,39.577,39.577,39.577,39.577,39.577,
37.764,37.764,37.764,37.764,37.764,37.764,37.764,37.764,37.764,37.764,37.764,37.764,37.764,37.764,37.764,37.764,37.764,37.764,37.764,37.764,37.764,37.764,37.764,37.764,

